,,12/09/20_),,,,,,,,,,,,,,,,,,,,,,,,,,,,,,12/09/20_),,,,,,,,,,,,,,,,,,,,,,,,,,,,,,,12/09/20_),,,,,,,,,,,,,,,,,,,,,,,,,,,,,,12/09/20_),,,,,,,,,,,,,,,,,,,,,,,,,,,,,,,12/09/20_),,,,,,,,,,,,,,,,,,,,,,,,,,,,,,,12/09/20_),,,,,,,,,,,,,,,,,,,,,,,,,,,,,,12/09/20_),,,,,,,,,,,,,,,,,,,,,,,,,,,,,,,12/09/20_),,,,,,,,,,,,,,,,,,,,,,,,,,,,
,,04:37 PM_),,,,,,,,,,,,,,,,,,,,,,,,,,,,,,04:37 PM_),,,,,,,,,,,,,,,,,,,,,,,,,,,,,,,04:37 PM_),,,,,,,,,,,,,,,,,,,,,,,,,,,,,,04:37 PM_),,,,,,,,,,,,,,,,,,,,,,,,,,,,,,,04:37 PM_),,,,,,,,,,,,,,,,,,,,,,,,,,,,,,,04:37 PM_),,,,,,,,,,,,,,,,,,,,,,,,,,,,,,04:37 PM_),,,,,,,,,,,,,,,,,,,,,,,,,,,,,,,04:37 PM_),,,,,,,,,,,,,,,,,,,,,,,,,,,,
,,Record of: CORN FOR SILAGE   Commodity Code: 485   State:  North Dakota,,,,,,,,,,,,,,,,,,,,,,,,,,,,,,Record of: CORN FOR SILAGE   Commodity Code: 485   State:  North Dakota,,,,,,,,,,,,,,,,,,,,,,,,,,,,,,,Record of: CORN FOR SILAGE   Commodity Code: 485   State:  North Dakota,,,,,,,,,,,,,,,,,,,,,,,,,,,,,,Record of: CORN FOR SILAGE   Commodity Code: 485   State:  North Dakota,,,,,,,,,,,,,,,,,,,,,,,,,,,,,,,Record of: CORN FOR SILAGE   Commodity Code: 485   State:  North Dakota,,,,,,,,,,,,,,,,,,,,,,,,,,,,,,,Record of: CORN FOR SILAGE   Commodity Code: 485   State:  North Dakota,,,,,,,,,,,,,,,,,,,,,,,,,,,,,,Record of: CORN FOR SILAGE   Commodity Code: 485   State:  North Dakota,,,,,,,,,,,,,,,,,,,,,,,,,,,,,,,Record of: CORN FOR SILAGE   Commodity Code: 485   State:  North Dakota,,,,,,,,,,,,,,,,,,,,,,,,,,,,
,,Stage: Chopped,,,,,,,,,,,,,,,,,,,,,,,,,,,,,,Stage: Chopped,,,,,,,,,,,,,,,,,,,,,,,,,,,,,,,Stage: Chopped,,,,,,,,,,,,,,,,,,,,,,,,,,,,,,Stage: Chopped,,,,,,,,,,,,,,,,,,,,,,,,,,,,,,,Stage: Chopped,,,,,,,,,,,,,,,,,,,,,,,,,,,,,,,Stage: Chopped,,,,,,,,,,,,,,,,,,,,,,,,,,,,,,Stage: Chopped,,,,,,,,,,,,,,,,,,,,,,,,,,,,,,,Stage: Chopped,,,,,,,,,,,,,,,,,,,,,,,,,,,,
,,#N/A,,,,,,,,,,,,,,,,,,,,,,,,,,,,,,#N/A,,,,,,,,,,,,,,,,,,,,,,,,,,,,,,,#N/A,,,,,,,,,,,,,,,,,,,,,,,,,,,,,,#N/A,,,,,,,,,,,,,,,,,,,,,,,,,,,,,,,#N/A,,,,,,,,,,,,,,,,,,,,,,,,,,,,,,,#N/A,,,,,,,,,,,,,,,,,,,,,,,,,,,,,,#N/A,,,,,,,,,,,,,,,,,,,,,,,,,,,,,,,#N/A,,,,,,,,,,,,,,,,,,,,,,,,,,,,
,April,,,,,,,,,,,,,,,,,,,,,,,,,,,,,,May,,,,,,,,,,,,,,,,,,,,,,,,,,,,,,,June,,,,,,,,,,,,,,,,,,,,,,,,,,,,,,July,,,,,,,,,,,,,,,,,,,,,,,,,,,,,,,August,,,,,,,,,,,,,,,,,,,,,,,,,,,,,,,September,,,,,,,,,,,,,,,,,,,,,,,,,,,,,,October,,,,,,,,,,,,,,,,,,,,,,,,,,,,,,,November,,,,,,,,,,,,,,,,,,,,,,,,,,,,,
Year,1 ,2 ,3 ,4 ,5 ,6 ,7 ,8 ,9 ,10 ,11 ,12 ,13 ,14 ,15 ,16 ,17 ,18 ,19 ,20 ,21 ,22 ,23 ,24 ,25 ,26 ,27 ,28 ,29 ,30 ,1 ,2 ,3 ,4 ,5 ,6 ,7 ,8 ,9 ,10 ,11 ,12 ,13 ,14 ,15 ,16 ,17 ,18 ,19 ,20 ,21 ,22 ,23 ,24 ,25 ,26 ,27 ,28 ,29 ,30 ,31 ,1 ,2 ,3 ,4 ,5 ,6 ,7 ,8 ,9 ,10 ,11 ,12 ,13 ,14 ,15 ,16 ,17 ,18 ,19 ,20 ,21 ,22 ,23 ,24 ,25 ,26 ,27 ,28 ,29 ,30 ,1 ,2 ,3 ,4 ,5 ,6 ,7 ,8 ,9 ,10 ,11 ,12 ,13 ,14 ,15 ,16 ,17 ,18 ,19 ,20 ,21 ,22 ,23 ,24 ,25 ,26 ,27 ,28 ,29 ,30 ,31 ,1 ,2 ,3 ,4 ,5 ,6 ,7 ,8 ,9 ,10 ,11 ,12 ,13 ,14 ,15 ,16 ,17 ,18 ,19 ,20 ,21 ,22 ,23 ,24 ,25 ,26 ,27 ,28 ,29 ,30 ,31 ,1 ,2 ,3 ,4 ,5 ,6 ,7 ,8 ,9 ,10 ,11 ,12 ,13 ,14 ,15 ,16 ,17 ,18 ,19 ,20 ,21 ,22 ,23 ,24 ,25 ,26 ,27 ,28 ,29 ,30 ,1 ,2 ,3 ,4 ,5 ,6 ,7 ,8 ,9 ,10 ,11 ,12 ,13 ,14 ,15 ,16 ,17 ,18 ,19 ,20 ,21 ,22 ,23 ,24 ,25 ,26 ,27 ,28 ,29 ,30 ,31 ,1 ,2 ,3 ,4 ,5 ,6 ,7 ,8 ,9 ,10 ,11 ,12 ,13 ,14 ,15 ,16 ,17 ,18 ,19 ,20 ,21 ,22 ,23 ,24 ,25 ,26 ,27 ,28 ,29 ,30 
85 ,,,,,,,#,#VALUE!,#VALUE!,#VALUE!,#VALUE!,#VALUE!,#VALUE!,#,#VALUE!,#VALUE!,#VALUE!,#VALUE!,#VALUE!,#VALUE!,#,#VALUE!,#VALUE!,#VALUE!,#VALUE!,#VALUE!,#VALUE!,#,#VALUE!,#VALUE!,#VALUE!,#VALUE!,#VALUE!,#VALUE!,#,#VALUE!,#VALUE!,#VALUE!,#VALUE!,#VALUE!,#VALUE!,#,#VALUE!,#VALUE!,#VALUE!,#VALUE!,#VALUE!,#VALUE!,#,#VALUE!,#VALUE!,#VALUE!,#VALUE!,#VALUE!,#VALUE!,#,#VALUE!,#VALUE!,#VALUE!,#VALUE!,#VALUE!,#VALUE!,#,#VALUE!,#VALUE!,#VALUE!,#VALUE!,#VALUE!,#VALUE!,#,#VALUE!,#VALUE!,#VALUE!,#VALUE!,#VALUE!,#VALUE!,#,#VALUE!,#VALUE!,#VALUE!,#VALUE!,#VALUE!,#VALUE!,#,#VALUE!,#VALUE!,#VALUE!,#VALUE!,#VALUE!,#VALUE!,#,#VALUE!,#VALUE!,#VALUE!,#VALUE!,#VALUE!,#VALUE!,#,#VALUE!,#VALUE!,#VALUE!,#VALUE!,#VALUE!,#VALUE!,#,#VALUE!,#VALUE!,#VALUE!,#VALUE!,#VALUE!,#VALUE!,#,#VALUE!,#VALUE!,#VALUE!,#VALUE!,#VALUE!,#VALUE!,#,#VALUE!,#VALUE!,#VALUE!,#VALUE!,#VALUE!,#VALUE!,#,#VALUE!,#VALUE!,#VALUE!,#VALUE!,#VALUE!,#VALUE!,#,#VALUE!,#VALUE!,#VALUE!,#VALUE!,#VALUE!,#VALUE!,0 ,0.1 ,0.3 ,0.4 ,0.6 ,0.7 ,0.9 ,1 ,1.3 ,1.6 ,1.9 ,2.1 ,2.4 ,2.7 ,3 ,3.4 ,3.9 ,4.3 ,4.7 ,5.1 ,5.6 ,6 ,7.4 ,8.9 ,10.3 ,11.7 ,13.1 ,14.6 ,16 ,17.9 ,19.7 ,21.6 ,23.4 ,25.3 ,27.1 ,29 ,33.3 ,37.6 ,41.9 ,46.1 ,50.4 ,54.7 ,59 ,62.1 ,65.3 ,68.4 ,71.6 ,74.7 ,77.9 ,81 ,81.7 ,82.4 ,83.1 ,83.9 ,84.6 ,85.3 ,86 ,87.1 ,88.3 ,89.4 ,90.6 ,91.7 ,92.9 ,94 ,,,,,,,#,#VALUE!,#VALUE!,#VALUE!,#VALUE!,#VALUE!,#VALUE!,#,#VALUE!,#VALUE!,#VALUE!,#VALUE!,#VALUE!,#VALUE!,#,#VALUE!,#VALUE!,#VALUE!,#VALUE!,#VALUE!,#VALUE!,#,,,,,,,,,,,,,
86 ,,,,,,#,#VALUE!,#VALUE!,#VALUE!,#VALUE!,#VALUE!,#VALUE!,#,#VALUE!,#VALUE!,#VALUE!,#VALUE!,#VALUE!,#VALUE!,#,#VALUE!,#VALUE!,#VALUE!,#VALUE!,#VALUE!,#VALUE!,#,#VALUE!,#VALUE!,#VALUE!,#VALUE!,#VALUE!,#VALUE!,#,#VALUE!,#VALUE!,#VALUE!,#VALUE!,#VALUE!,#VALUE!,#,#VALUE!,#VALUE!,#VALUE!,#VALUE!,#VALUE!,#VALUE!,#,#VALUE!,#VALUE!,#VALUE!,#VALUE!,#VALUE!,#VALUE!,#,#VALUE!,#VALUE!,#VALUE!,#VALUE!,#VALUE!,#VALUE!,#,#VALUE!,#VALUE!,#VALUE!,#VALUE!,#VALUE!,#VALUE!,#,#VALUE!,#VALUE!,#VALUE!,#VALUE!,#VALUE!,#VALUE!,#,#VALUE!,#VALUE!,#VALUE!,#VALUE!,#VALUE!,#VALUE!,#,#VALUE!,#VALUE!,#VALUE!,#VALUE!,#VALUE!,#VALUE!,#,#VALUE!,#VALUE!,#VALUE!,#VALUE!,#VALUE!,#VALUE!,#,#VALUE!,#VALUE!,#VALUE!,#VALUE!,#VALUE!,#VALUE!,#,#VALUE!,#VALUE!,#VALUE!,#VALUE!,#VALUE!,#VALUE!,#,#VALUE!,#VALUE!,#VALUE!,#VALUE!,#VALUE!,#VALUE!,#,#VALUE!,#VALUE!,#VALUE!,#VALUE!,#VALUE!,#VALUE!,#,#VALUE!,#VALUE!,#VALUE!,#VALUE!,#VALUE!,#VALUE!,#,#VALUE!,#VALUE!,#VALUE!,#VALUE!,#VALUE!,#VALUE!,0 ,0.1 ,0.3 ,0.4 ,0.6 ,0.7 ,0.9 ,1 ,1.1 ,1.3 ,1.4 ,1.6 ,1.7 ,1.9 ,2 ,2.9 ,3.7 ,4.6 ,5.4 ,6.3 ,7.1 ,8 ,10.6 ,13.1 ,15.7 ,18.3 ,20.9 ,23.4 ,26 ,27.9 ,29.7 ,31.6 ,33.4 ,35.3 ,37.1 ,39 ,41.0 ,43.0 ,45.0 ,47.0 ,49.0 ,51.0 ,53 ,55.3 ,57.6 ,59.9 ,62.1 ,64.4 ,66.7 ,69 ,71.1 ,73.3 ,75.4 ,77.6 ,79.7 ,81.9 ,84 ,85.4 ,86.9 ,88.3 ,89.7 ,91.1 ,92.6 ,94 ,,,,,,,#,#VALUE!,#VALUE!,#VALUE!,#VALUE!,#VALUE!,#VALUE!,#,#VALUE!,#VALUE!,#VALUE!,#VALUE!,#VALUE!,#VALUE!,#,#VALUE!,#VALUE!,#VALUE!,#VALUE!,#VALUE!,#VALUE!,#,,,,,,,,,,,,,,
87 ,,,,,#,#VALUE!,#VALUE!,#VALUE!,#VALUE!,#VALUE!,#VALUE!,#,#VALUE!,#VALUE!,#VALUE!,#VALUE!,#VALUE!,#VALUE!,#,#VALUE!,#VALUE!,#VALUE!,#VALUE!,#VALUE!,#VALUE!,#,#VALUE!,#VALUE!,#VALUE!,#VALUE!,#VALUE!,#VALUE!,#,#VALUE!,#VALUE!,#VALUE!,#VALUE!,#VALUE!,#VALUE!,#,#VALUE!,#VALUE!,#VALUE!,#VALUE!,#VALUE!,#VALUE!,#,#VALUE!,#VALUE!,#VALUE!,#VALUE!,#VALUE!,#VALUE!,#,#VALUE!,#VALUE!,#VALUE!,#VALUE!,#VALUE!,#VALUE!,#,#VALUE!,#VALUE!,#VALUE!,#VALUE!,#VALUE!,#VALUE!,#,#VALUE!,#VALUE!,#VALUE!,#VALUE!,#VALUE!,#VALUE!,#,#VALUE!,#VALUE!,#VALUE!,#VALUE!,#VALUE!,#VALUE!,#,#VALUE!,#VALUE!,#VALUE!,#VALUE!,#VALUE!,#VALUE!,#,#VALUE!,#VALUE!,#VALUE!,#VALUE!,#VALUE!,#VALUE!,#,#VALUE!,#VALUE!,#VALUE!,#VALUE!,#VALUE!,#VALUE!,#,#VALUE!,#VALUE!,#VALUE!,#VALUE!,#VALUE!,#VALUE!,#,#VALUE!,#VALUE!,#VALUE!,#VALUE!,#VALUE!,#VALUE!,#,#VALUE!,#VALUE!,#VALUE!,#VALUE!,#VALUE!,#VALUE!,#,#VALUE!,#VALUE!,#VALUE!,#VALUE!,#VALUE!,#VALUE!,#,#VALUE!,#VALUE!,#VALUE!,#VALUE!,#VALUE!,#VALUE!,0 ,0.1 ,0.3 ,0.4 ,0.6 ,0.7 ,0.9 ,1 ,1.4 ,1.9 ,2.3 ,2.7 ,3.1 ,3.6 ,4 ,5.3 ,6.6 ,7.9 ,9.1 ,10.4 ,11.7 ,13 ,15.1 ,17.3 ,19.4 ,21.6 ,23.7 ,25.9 ,28 ,31.1 ,34.3 ,37.4 ,40.6 ,43.7 ,46.9 ,50 ,52.4 ,54.9 ,57.3 ,59.7 ,62.1 ,64.6 ,67 ,70.0 ,73.0 ,76.0 ,79.0 ,82.0 ,85.0 ,88 ,89.1 ,90.3 ,91.4 ,92.6 ,93.7 ,94.9 ,96 ,96.6 ,97.1 ,97.7 ,98.3 ,98.9 ,99.4 ,100 ,100.0 ,100.0 ,100.0 ,100.0 ,100.0 ,100.0 ,100 ,100.0 ,100.0 ,100.0 ,100.0 ,100.0 ,100.0 ,100 ,,,,,,,#,#VALUE!,#VALUE!,#VALUE!,#VALUE!,#VALUE!,#VALUE!,#,,,,,,,,,,,,,,,
88 ,,,#,#VALUE!,#VALUE!,#VALUE!,#VALUE!,#VALUE!,#VALUE!,#,#VALUE!,#VALUE!,#VALUE!,#VALUE!,#VALUE!,#VALUE!,#,#VALUE!,#VALUE!,#VALUE!,#VALUE!,#VALUE!,#VALUE!,#,#VALUE!,#VALUE!,#VALUE!,#VALUE!,#VALUE!,#VALUE!,#,#VALUE!,#VALUE!,#VALUE!,#VALUE!,#VALUE!,#VALUE!,#,#VALUE!,#VALUE!,#VALUE!,#VALUE!,#VALUE!,#VALUE!,#,#VALUE!,#VALUE!,#VALUE!,#VALUE!,#VALUE!,#VALUE!,#,#VALUE!,#VALUE!,#VALUE!,#VALUE!,#VALUE!,#VALUE!,#,#VALUE!,#VALUE!,#VALUE!,#VALUE!,#VALUE!,#VALUE!,#,#VALUE!,#VALUE!,#VALUE!,#VALUE!,#VALUE!,#VALUE!,#,#VALUE!,#VALUE!,#VALUE!,#VALUE!,#VALUE!,#VALUE!,#,#VALUE!,#VALUE!,#VALUE!,#VALUE!,#VALUE!,#VALUE!,#,#VALUE!,#VALUE!,#VALUE!,#VALUE!,#VALUE!,#VALUE!,#,#VALUE!,#VALUE!,#VALUE!,#VALUE!,#VALUE!,#VALUE!,#,#VALUE!,#VALUE!,#VALUE!,#VALUE!,#VALUE!,#VALUE!,#,#VALUE!,#VALUE!,#VALUE!,#VALUE!,#VALUE!,#VALUE!,#,#VALUE!,#VALUE!,#VALUE!,#VALUE!,#VALUE!,#VALUE!,#,#VALUE!,#VALUE!,#VALUE!,#VALUE!,#VALUE!,#VALUE!,2 ,2.4 ,2.9 ,3.3 ,3.7 ,4.1 ,4.6 ,5 ,7.0 ,9.0 ,11.0 ,13.0 ,15.0 ,17.0 ,19 ,20.6 ,22.1 ,23.7 ,25.3 ,26.9 ,28.4 ,30 ,34.3 ,38.6 ,42.9 ,47.1 ,51.4 ,55.7 ,60 ,62.0 ,64.0 ,66.0 ,68.0 ,70.0 ,72.0 ,74 ,75.0 ,76.0 ,77.0 ,78.0 ,79.0 ,80.0 ,81 ,83.1 ,85.3 ,87.4 ,89.6 ,91.7 ,93.9 ,96 ,96.1 ,96.3 ,96.4 ,96.6 ,96.7 ,96.9 ,97 ,97.4 ,97.9 ,98.3 ,98.7 ,99.1 ,99.6 ,100 ,100.0 ,100.0 ,100.0 ,100.0 ,100.0 ,100.0 ,100 ,100.0 ,100.0 ,100.0 ,100.0 ,100.0 ,100.0 ,100 ,100.0 ,100.0 ,100.0 ,100.0 ,100.0 ,100.0 ,100 ,100.0 ,100.0 ,100.0 ,100.0 ,100.0 ,100.0 ,100 ,,,,,,,#,,,,,,,,,,,,,,,,,
89 ,,#,#VALUE!,#VALUE!,#VALUE!,#VALUE!,#VALUE!,#VALUE!,#,#VALUE!,#VALUE!,#VALUE!,#VALUE!,#VALUE!,#VALUE!,#,#VALUE!,#VALUE!,#VALUE!,#VALUE!,#VALUE!,#VALUE!,#,#VALUE!,#VALUE!,#VALUE!,#VALUE!,#VALUE!,#VALUE!,#,#VALUE!,#VALUE!,#VALUE!,#VALUE!,#VALUE!,#VALUE!,#,#VALUE!,#VALUE!,#VALUE!,#VALUE!,#VALUE!,#VALUE!,#,#VALUE!,#VALUE!,#VALUE!,#VALUE!,#VALUE!,#VALUE!,#,#VALUE!,#VALUE!,#VALUE!,#VALUE!,#VALUE!,#VALUE!,#,#VALUE!,#VALUE!,#VALUE!,#VALUE!,#VALUE!,#VALUE!,#,#VALUE!,#VALUE!,#VALUE!,#VALUE!,#VALUE!,#VALUE!,#,#VALUE!,#VALUE!,#VALUE!,#VALUE!,#VALUE!,#VALUE!,#,#VALUE!,#VALUE!,#VALUE!,#VALUE!,#VALUE!,#VALUE!,#,#VALUE!,#VALUE!,#VALUE!,#VALUE!,#VALUE!,#VALUE!,#,#VALUE!,#VALUE!,#VALUE!,#VALUE!,#VALUE!,#VALUE!,#,#VALUE!,#VALUE!,#VALUE!,#VALUE!,#VALUE!,#VALUE!,#,#VALUE!,#VALUE!,#VALUE!,#VALUE!,#VALUE!,#VALUE!,#,#VALUE!,#VALUE!,#VALUE!,#VALUE!,#VALUE!,#VALUE!,#,#VALUE!,#VALUE!,#VALUE!,#VALUE!,#VALUE!,#VALUE!,#,#VALUE!,#VALUE!,#VALUE!,#VALUE!,#VALUE!,#VALUE!,0 ,0.6 ,1.1 ,1.7 ,2.3 ,2.9 ,3.4 ,4 ,4.3 ,4.6 ,4.9 ,5.1 ,5.4 ,5.7 ,6 ,6.7 ,7.4 ,8.1 ,8.9 ,9.6 ,10.3 ,11 ,13.0 ,15.0 ,17.0 ,19.0 ,21.0 ,23.0 ,25 ,28.6 ,32.1 ,35.7 ,39.3 ,42.9 ,46.4 ,50 ,53.6 ,57.1 ,60.7 ,64.3 ,67.9 ,71.4 ,75 ,77.4 ,79.9 ,82.3 ,84.7 ,87.1 ,89.6 ,92 ,92.7 ,93.4 ,94.1 ,94.9 ,95.6 ,96.3 ,97 ,97.4 ,97.9 ,98.3 ,98.7 ,99.1 ,99.6 ,100 ,100.0 ,100.0 ,100.0 ,100.0 ,100.0 ,100.0 ,100 ,100.0 ,100.0 ,100.0 ,100.0 ,100.0 ,100.0 ,100 ,100.0 ,100.0 ,100.0 ,100.0 ,100.0 ,100.0 ,100 ,,,,,,,#,,,,,,,,,,,,,,,,,,
90 ,#,#VALUE!,#VALUE!,#VALUE!,#VALUE!,#VALUE!,#VALUE!,#,#VALUE!,#VALUE!,#VALUE!,#VALUE!,#VALUE!,#VALUE!,#,#VALUE!,#VALUE!,#VALUE!,#VALUE!,#VALUE!,#VALUE!,#,#VALUE!,#VALUE!,#VALUE!,#VALUE!,#VALUE!,#VALUE!,#,#VALUE!,#VALUE!,#VALUE!,#VALUE!,#VALUE!,#VALUE!,#,#VALUE!,#VALUE!,#VALUE!,#VALUE!,#VALUE!,#VALUE!,#,#VALUE!,#VALUE!,#VALUE!,#VALUE!,#VALUE!,#VALUE!,#,#VALUE!,#VALUE!,#VALUE!,#VALUE!,#VALUE!,#VALUE!,#,#VALUE!,#VALUE!,#VALUE!,#VALUE!,#VALUE!,#VALUE!,#,#VALUE!,#VALUE!,#VALUE!,#VALUE!,#VALUE!,#VALUE!,#,#VALUE!,#VALUE!,#VALUE!,#VALUE!,#VALUE!,#VALUE!,#,#VALUE!,#VALUE!,#VALUE!,#VALUE!,#VALUE!,#VALUE!,#,#VALUE!,#VALUE!,#VALUE!,#VALUE!,#VALUE!,#VALUE!,#,#VALUE!,#VALUE!,#VALUE!,#VALUE!,#VALUE!,#VALUE!,#,#VALUE!,#VALUE!,#VALUE!,#VALUE!,#VALUE!,#VALUE!,#,#VALUE!,#VALUE!,#VALUE!,#VALUE!,#VALUE!,#VALUE!,#,#VALUE!,#VALUE!,#VALUE!,#VALUE!,#VALUE!,#VALUE!,#,#VALUE!,#VALUE!,#VALUE!,#VALUE!,#VALUE!,#VALUE!,#,#VALUE!,#VALUE!,#VALUE!,#VALUE!,#VALUE!,#VALUE!,0 ,0.6 ,1.1 ,1.7 ,2.3 ,2.9 ,3.4 ,4 ,4.0 ,4.0 ,4.0 ,4.0 ,4.0 ,4.0 ,4 ,5.6 ,7.1 ,8.7 ,10.3 ,11.9 ,13.4 ,15 ,16.7 ,18.4 ,20.1 ,21.9 ,23.6 ,25.3 ,27 ,30.7 ,34.4 ,38.1 ,41.9 ,45.6 ,49.3 ,53 ,55.9 ,58.7 ,61.6 ,64.4 ,67.3 ,70.1 ,73 ,75.1 ,77.3 ,79.4 ,81.6 ,83.7 ,85.9 ,88 ,89.1 ,90.3 ,91.4 ,92.6 ,93.7 ,94.9 ,96 ,96.6 ,97.1 ,97.7 ,98.3 ,98.9 ,99.4 ,100 ,100.0 ,100.0 ,100.0 ,100.0 ,100.0 ,100.0 ,100 ,100.0 ,100.0 ,100.0 ,100.0 ,100.0 ,100.0 ,100 ,100.0 ,100.0 ,100.0 ,100.0 ,100.0 ,100.0 ,100 ,,,,,,,#,,,,,,,,,,,,,,,,,,,
91 ,,,,,,,#,#VALUE!,#VALUE!,#VALUE!,#VALUE!,#VALUE!,#VALUE!,#,#VALUE!,#VALUE!,#VALUE!,#VALUE!,#VALUE!,#VALUE!,#,#VALUE!,#VALUE!,#VALUE!,#VALUE!,#VALUE!,#VALUE!,#,#VALUE!,#VALUE!,#VALUE!,#VALUE!,#VALUE!,#VALUE!,#,#VALUE!,#VALUE!,#VALUE!,#VALUE!,#VALUE!,#VALUE!,#,#VALUE!,#VALUE!,#VALUE!,#VALUE!,#VALUE!,#VALUE!,#,#VALUE!,#VALUE!,#VALUE!,#VALUE!,#VALUE!,#VALUE!,#,#VALUE!,#VALUE!,#VALUE!,#VALUE!,#VALUE!,#VALUE!,#,#VALUE!,#VALUE!,#VALUE!,#VALUE!,#VALUE!,#VALUE!,#,#VALUE!,#VALUE!,#VALUE!,#VALUE!,#VALUE!,#VALUE!,#,#VALUE!,#VALUE!,#VALUE!,#VALUE!,#VALUE!,#VALUE!,#,#VALUE!,#VALUE!,#VALUE!,#VALUE!,#VALUE!,#VALUE!,#,#VALUE!,#VALUE!,#VALUE!,#VALUE!,#VALUE!,#VALUE!,#,#VALUE!,#VALUE!,#VALUE!,#VALUE!,#VALUE!,#VALUE!,#,#VALUE!,#VALUE!,#VALUE!,#VALUE!,#VALUE!,#VALUE!,#,#VALUE!,#VALUE!,#VALUE!,#VALUE!,#VALUE!,#VALUE!,#,#VALUE!,#VALUE!,#VALUE!,#VALUE!,#VALUE!,#VALUE!,0 ,0.1 ,0.3 ,0.4 ,0.6 ,0.7 ,0.9 ,1 ,1.3 ,1.6 ,1.9 ,2.1 ,2.4 ,2.7 ,3 ,3.7 ,4.4 ,5.1 ,5.9 ,6.6 ,7.3 ,8 ,11.0 ,14.0 ,17.0 ,20.0 ,23.0 ,26.0 ,29 ,32.3 ,35.6 ,38.9 ,42.1 ,45.4 ,48.7 ,52 ,54.6 ,57.1 ,59.7 ,62.3 ,64.9 ,67.4 ,70 ,72.9 ,75.7 ,78.6 ,81.4 ,84.3 ,87.1 ,90 ,91.0 ,92.0 ,93.0 ,94.0 ,95.0 ,96.0 ,97 ,97.1 ,97.3 ,97.4 ,97.6 ,97.7 ,97.9 ,98 ,98.3 ,98.6 ,98.9 ,99.1 ,99.4 ,99.7 ,100 ,100.0 ,100.0 ,100.0 ,100.0 ,100.0 ,100.0 ,100 ,100.0 ,100.0 ,100.0 ,100.0 ,100.0 ,100.0 ,100 ,100.0 ,100.0 ,100.0 ,100.0 ,100.0 ,100.0 ,100 ,,,,,,,#,#VALUE!,#VALUE!,#VALUE!,#VALUE!,#VALUE!,#VALUE!,#,,,,,,,,,,,,,
92 ,,,,,#,#VALUE!,#VALUE!,#VALUE!,#VALUE!,#VALUE!,#VALUE!,#,#VALUE!,#VALUE!,#VALUE!,#VALUE!,#VALUE!,#VALUE!,#,#VALUE!,#VALUE!,#VALUE!,#VALUE!,#VALUE!,#VALUE!,#,#VALUE!,#VALUE!,#VALUE!,#VALUE!,#VALUE!,#VALUE!,#,#VALUE!,#VALUE!,#VALUE!,#VALUE!,#VALUE!,#VALUE!,#,#VALUE!,#VALUE!,#VALUE!,#VALUE!,#VALUE!,#VALUE!,#,#VALUE!,#VALUE!,#VALUE!,#VALUE!,#VALUE!,#VALUE!,#,#VALUE!,#VALUE!,#VALUE!,#VALUE!,#VALUE!,#VALUE!,#,#VALUE!,#VALUE!,#VALUE!,#VALUE!,#VALUE!,#VALUE!,#,#VALUE!,#VALUE!,#VALUE!,#VALUE!,#VALUE!,#VALUE!,#,#VALUE!,#VALUE!,#VALUE!,#VALUE!,#VALUE!,#VALUE!,#,#VALUE!,#VALUE!,#VALUE!,#VALUE!,#VALUE!,#VALUE!,#,#VALUE!,#VALUE!,#VALUE!,#VALUE!,#VALUE!,#VALUE!,#,#VALUE!,#VALUE!,#VALUE!,#VALUE!,#VALUE!,#VALUE!,#,#VALUE!,#VALUE!,#VALUE!,#VALUE!,#VALUE!,#VALUE!,#,#VALUE!,#VALUE!,#VALUE!,#VALUE!,#VALUE!,#VALUE!,#,#VALUE!,#VALUE!,#VALUE!,#VALUE!,#VALUE!,#VALUE!,#,#VALUE!,#VALUE!,#VALUE!,#VALUE!,#VALUE!,#VALUE!,#,#VALUE!,#VALUE!,#VALUE!,#VALUE!,#VALUE!,#VALUE!,#,#VALUE!,#VALUE!,#VALUE!,#VALUE!,#VALUE!,#VALUE!,#,#VALUE!,#VALUE!,#VALUE!,#VALUE!,#VALUE!,#VALUE!,0 ,0.3 ,0.6 ,0.9 ,1.1 ,1.4 ,1.7 ,2 ,2.9 ,3.7 ,4.6 ,5.4 ,6.3 ,7.1 ,8 ,9.6 ,11.1 ,12.7 ,14.3 ,15.9 ,17.4 ,19 ,22.9 ,26.7 ,30.6 ,34.4 ,38.3 ,42.1 ,46 ,50.4 ,54.9 ,59.3 ,63.7 ,68.1 ,72.6 ,77 ,79.4 ,81.9 ,84.3 ,86.7 ,89.1 ,91.6 ,94 ,94.6 ,95.1 ,95.7 ,96.3 ,96.9 ,97.4 ,98 ,98.3 ,98.6 ,98.9 ,99.1 ,99.4 ,99.7 ,100 ,100.0 ,100.0 ,100.0 ,100.0 ,100.0 ,100.0 ,100 ,,,,,,,#,#VALUE!,#VALUE!,#VALUE!,#VALUE!,#VALUE!,#VALUE!,#,,,,,,,,,,,,,,,
93 ,,,,#,#VALUE!,#VALUE!,#VALUE!,#VALUE!,#VALUE!,#VALUE!,#,#VALUE!,#VALUE!,#VALUE!,#VALUE!,#VALUE!,#VALUE!,#,#VALUE!,#VALUE!,#VALUE!,#VALUE!,#VALUE!,#VALUE!,#,#VALUE!,#VALUE!,#VALUE!,#VALUE!,#VALUE!,#VALUE!,#,#VALUE!,#VALUE!,#VALUE!,#VALUE!,#VALUE!,#VALUE!,#,#VALUE!,#VALUE!,#VALUE!,#VALUE!,#VALUE!,#VALUE!,#,#VALUE!,#VALUE!,#VALUE!,#VALUE!,#VALUE!,#VALUE!,#,#VALUE!,#VALUE!,#VALUE!,#VALUE!,#VALUE!,#VALUE!,#,#VALUE!,#VALUE!,#VALUE!,#VALUE!,#VALUE!,#VALUE!,#,#VALUE!,#VALUE!,#VALUE!,#VALUE!,#VALUE!,#VALUE!,#,#VALUE!,#VALUE!,#VALUE!,#VALUE!,#VALUE!,#VALUE!,#,#VALUE!,#VALUE!,#VALUE!,#VALUE!,#VALUE!,#VALUE!,#,#VALUE!,#VALUE!,#VALUE!,#VALUE!,#VALUE!,#VALUE!,#,#VALUE!,#VALUE!,#VALUE!,#VALUE!,#VALUE!,#VALUE!,#,#VALUE!,#VALUE!,#VALUE!,#VALUE!,#VALUE!,#VALUE!,#,#VALUE!,#VALUE!,#VALUE!,#VALUE!,#VALUE!,#VALUE!,#,#VALUE!,#VALUE!,#VALUE!,#VALUE!,#VALUE!,#VALUE!,#,#VALUE!,#VALUE!,#VALUE!,#VALUE!,#VALUE!,#VALUE!,#,#VALUE!,#VALUE!,#VALUE!,#VALUE!,#VALUE!,#VALUE!,0 ,0.1 ,0.3 ,0.4 ,0.6 ,0.7 ,0.9 ,1 ,1.0 ,1.0 ,1.0 ,1.0 ,1.0 ,1.0 ,1 ,1.0 ,1.0 ,1.0 ,1.0 ,1.0 ,1.0 ,1 ,1.3 ,1.6 ,1.9 ,2.1 ,2.4 ,2.7 ,3 ,5.3 ,7.6 ,9.9 ,12.1 ,14.4 ,16.7 ,19 ,22.4 ,25.9 ,29.3 ,32.7 ,36.1 ,39.6 ,43 ,47.3 ,51.6 ,55.9 ,60.1 ,64.4 ,68.7 ,73 ,76.0 ,79.0 ,82.0 ,85.0 ,88.0 ,91.0 ,94 ,94.4 ,94.9 ,95.3 ,95.7 ,96.1 ,96.6 ,97 ,97.4 ,97.9 ,98.3 ,98.7 ,99.1 ,99.6 ,100 ,100.0 ,100.0 ,100.0 ,100.0 ,100.0 ,100.0 ,100 ,100.0 ,100.0 ,100.0 ,100.0 ,100.0 ,100.0 ,100 ,,,,,,,#,,,,,,,,,,,,,,,,
94 ,,,#,#VALUE!,#VALUE!,#VALUE!,#VALUE!,#VALUE!,#VALUE!,#,#VALUE!,#VALUE!,#VALUE!,#VALUE!,#VALUE!,#VALUE!,#,#VALUE!,#VALUE!,#VALUE!,#VALUE!,#VALUE!,#VALUE!,#,#VALUE!,#VALUE!,#VALUE!,#VALUE!,#VALUE!,#VALUE!,#,#VALUE!,#VALUE!,#VALUE!,#VALUE!,#VALUE!,#VALUE!,#,#VALUE!,#VALUE!,#VALUE!,#VALUE!,#VALUE!,#VALUE!,#,#VALUE!,#VALUE!,#VALUE!,#VALUE!,#VALUE!,#VALUE!,#,#VALUE!,#VALUE!,#VALUE!,#VALUE!,#VALUE!,#VALUE!,#,#VALUE!,#VALUE!,#VALUE!,#VALUE!,#VALUE!,#VALUE!,#,#VALUE!,#VALUE!,#VALUE!,#VALUE!,#VALUE!,#VALUE!,#,#VALUE!,#VALUE!,#VALUE!,#VALUE!,#VALUE!,#VALUE!,#,#VALUE!,#VALUE!,#VALUE!,#VALUE!,#VALUE!,#VALUE!,#,#VALUE!,#VALUE!,#VALUE!,#VALUE!,#VALUE!,#VALUE!,#,#VALUE!,#VALUE!,#VALUE!,#VALUE!,#VALUE!,#VALUE!,#,#VALUE!,#VALUE!,#VALUE!,#VALUE!,#VALUE!,#VALUE!,#,#VALUE!,#VALUE!,#VALUE!,#VALUE!,#VALUE!,#VALUE!,#,#VALUE!,#VALUE!,#VALUE!,#VALUE!,#VALUE!,#VALUE!,#,#VALUE!,#VALUE!,#VALUE!,#VALUE!,#VALUE!,#VALUE!,#,#VALUE!,#VALUE!,#VALUE!,#VALUE!,#VALUE!,#VALUE!,#,#VALUE!,#VALUE!,#VALUE!,#VALUE!,#VALUE!,#VALUE!,0 ,0.1 ,0.3 ,0.4 ,0.6 ,0.7 ,0.9 ,1 ,1.4 ,1.9 ,2.3 ,2.7 ,3.1 ,3.6 ,4 ,5.1 ,6.3 ,7.4 ,8.6 ,9.7 ,10.9 ,12 ,14.0 ,16.0 ,18.0 ,20.0 ,22.0 ,24.0 ,26 ,28.1 ,30.3 ,32.4 ,34.6 ,36.7 ,38.9 ,41 ,44.9 ,48.7 ,52.6 ,56.4 ,60.3 ,64.1 ,68 ,69.6 ,71.1 ,72.7 ,74.3 ,75.9 ,77.4 ,79 ,80.4 ,81.9 ,83.3 ,84.7 ,86.1 ,87.6 ,89 ,89.4 ,89.9 ,90.3 ,90.7 ,91.1 ,91.6 ,92 ,92.9 ,93.7 ,94.6 ,95.4 ,96.3 ,97.1 ,98 ,98.3 ,98.6 ,98.9 ,99.1 ,99.4 ,99.7 ,100 ,,,,,,,#,,,,,,,,,,,,,,,,,
95 ,,#,#VALUE!,#VALUE!,#VALUE!,#VALUE!,#VALUE!,#VALUE!,#,#VALUE!,#VALUE!,#VALUE!,#VALUE!,#VALUE!,#VALUE!,#,#VALUE!,#VALUE!,#VALUE!,#VALUE!,#VALUE!,#VALUE!,#,#VALUE!,#VALUE!,#VALUE!,#VALUE!,#VALUE!,#VALUE!,#,#VALUE!,#VALUE!,#VALUE!,#VALUE!,#VALUE!,#VALUE!,#,#VALUE!,#VALUE!,#VALUE!,#VALUE!,#VALUE!,#VALUE!,#,#VALUE!,#VALUE!,#VALUE!,#VALUE!,#VALUE!,#VALUE!,#,#VALUE!,#VALUE!,#VALUE!,#VALUE!,#VALUE!,#VALUE!,#,#VALUE!,#VALUE!,#VALUE!,#VALUE!,#VALUE!,#VALUE!,#,#VALUE!,#VALUE!,#VALUE!,#VALUE!,#VALUE!,#VALUE!,#,#VALUE!,#VALUE!,#VALUE!,#VALUE!,#VALUE!,#VALUE!,#,#VALUE!,#VALUE!,#VALUE!,#VALUE!,#VALUE!,#VALUE!,#,#VALUE!,#VALUE!,#VALUE!,#VALUE!,#VALUE!,#VALUE!,#,#VALUE!,#VALUE!,#VALUE!,#VALUE!,#VALUE!,#VALUE!,#,#VALUE!,#VALUE!,#VALUE!,#VALUE!,#VALUE!,#VALUE!,#,#VALUE!,#VALUE!,#VALUE!,#VALUE!,#VALUE!,#VALUE!,#,#VALUE!,#VALUE!,#VALUE!,#VALUE!,#VALUE!,#VALUE!,#,#VALUE!,#VALUE!,#VALUE!,#VALUE!,#VALUE!,#VALUE!,#,#VALUE!,#VALUE!,#VALUE!,#VALUE!,#VALUE!,#VALUE!,1 ,1.0 ,1.0 ,1.0 ,1.0 ,1.0 ,1.0 ,1 ,1.0 ,1.0 ,1.0 ,1.0 ,1.0 ,1.0 ,1 ,1.3 ,1.6 ,1.9 ,2.1 ,2.4 ,2.7 ,3 ,3.7 ,4.4 ,5.1 ,5.9 ,6.6 ,7.3 ,8 ,10.4 ,12.9 ,15.3 ,17.7 ,20.1 ,22.6 ,25 ,28.4 ,31.9 ,35.3 ,38.7 ,42.1 ,45.6 ,49 ,52.9 ,56.7 ,60.6 ,64.4 ,68.3 ,72.1 ,76 ,77.7 ,79.4 ,81.1 ,82.9 ,84.6 ,86.3 ,88 ,89.3 ,90.6 ,91.9 ,93.1 ,94.4 ,95.7 ,97 ,97.3 ,97.6 ,97.9 ,98.1 ,98.4 ,98.7 ,99 ,99.1 ,99.3 ,99.4 ,99.6 ,99.7 ,99.9 ,100 ,100.0 ,100.0 ,100.0 ,100.0 ,100.0 ,100.0 ,100 ,,,,,,,#,,,,,,,,,,,,,,,,,,
96 ,,,,,,,#,#VALUE!,#VALUE!,#VALUE!,#VALUE!,#VALUE!,#VALUE!,#,#VALUE!,#VALUE!,#VALUE!,#VALUE!,#VALUE!,#VALUE!,#,#VALUE!,#VALUE!,#VALUE!,#VALUE!,#VALUE!,#VALUE!,#,#VALUE!,#VALUE!,#VALUE!,#VALUE!,#VALUE!,#VALUE!,#,#VALUE!,#VALUE!,#VALUE!,#VALUE!,#VALUE!,#VALUE!,#,#VALUE!,#VALUE!,#VALUE!,#VALUE!,#VALUE!,#VALUE!,#,#VALUE!,#VALUE!,#VALUE!,#VALUE!,#VALUE!,#VALUE!,#,#VALUE!,#VALUE!,#VALUE!,#VALUE!,#VALUE!,#VALUE!,#,#VALUE!,#VALUE!,#VALUE!,#VALUE!,#VALUE!,#VALUE!,#,#VALUE!,#VALUE!,#VALUE!,#VALUE!,#VALUE!,#VALUE!,#,#VALUE!,#VALUE!,#VALUE!,#VALUE!,#VALUE!,#VALUE!,#,#VALUE!,#VALUE!,#VALUE!,#VALUE!,#VALUE!,#VALUE!,#,#VALUE!,#VALUE!,#VALUE!,#VALUE!,#VALUE!,#VALUE!,#,#VALUE!,#VALUE!,#VALUE!,#VALUE!,#VALUE!,#VALUE!,#,#VALUE!,#VALUE!,#VALUE!,#VALUE!,#VALUE!,#VALUE!,#,#VALUE!,#VALUE!,#VALUE!,#VALUE!,#VALUE!,#VALUE!,#,#VALUE!,#VALUE!,#VALUE!,#VALUE!,#VALUE!,#VALUE!,#,#VALUE!,#VALUE!,#VALUE!,#VALUE!,#VALUE!,#VALUE!,0 ,0.1 ,0.3 ,0.4 ,0.6 ,0.7 ,0.9 ,1 ,1.0 ,1.0 ,1.0 ,1.0 ,1.0 ,1.0 ,1 ,1.3 ,1.6 ,1.9 ,2.1 ,2.4 ,2.7 ,3 ,3.9 ,4.7 ,5.6 ,6.4 ,7.3 ,8.1 ,9 ,11.3 ,13.6 ,15.9 ,18.1 ,20.4 ,22.7 ,25 ,27.9 ,30.7 ,33.6 ,36.4 ,39.3 ,42.1 ,45 ,47.4 ,49.9 ,52.3 ,54.7 ,57.1 ,59.6 ,62 ,65.1 ,68.3 ,71.4 ,74.6 ,77.7 ,80.9 ,84 ,85.9 ,87.7 ,89.6 ,91.4 ,93.3 ,95.1 ,97 ,97.3 ,97.6 ,97.9 ,98.1 ,98.4 ,98.7 ,99 ,99.1 ,99.3 ,99.4 ,99.6 ,99.7 ,99.9 ,100 ,100.0 ,100.0 ,100.0 ,100.0 ,100.0 ,100.0 ,100 ,,,,,,,#,#VALUE!,#VALUE!,#VALUE!,#VALUE!,#VALUE!,#VALUE!,#,,,,,,,,,,,,,
97 ,,,,,,#,#VALUE!,#VALUE!,#VALUE!,#VALUE!,#VALUE!,#VALUE!,#,#VALUE!,#VALUE!,#VALUE!,#VALUE!,#VALUE!,#VALUE!,#,#VALUE!,#VALUE!,#VALUE!,#VALUE!,#VALUE!,#VALUE!,#,#VALUE!,#VALUE!,#VALUE!,#VALUE!,#VALUE!,#VALUE!,#,#VALUE!,#VALUE!,#VALUE!,#VALUE!,#VALUE!,#VALUE!,#,#VALUE!,#VALUE!,#VALUE!,#VALUE!,#VALUE!,#VALUE!,#,#VALUE!,#VALUE!,#VALUE!,#VALUE!,#VALUE!,#VALUE!,#,#VALUE!,#VALUE!,#VALUE!,#VALUE!,#VALUE!,#VALUE!,#,#VALUE!,#VALUE!,#VALUE!,#VALUE!,#VALUE!,#VALUE!,#,#VALUE!,#VALUE!,#VALUE!,#VALUE!,#VALUE!,#VALUE!,#,#VALUE!,#VALUE!,#VALUE!,#VALUE!,#VALUE!,#VALUE!,#,#VALUE!,#VALUE!,#VALUE!,#VALUE!,#VALUE!,#VALUE!,#,#VALUE!,#VALUE!,#VALUE!,#VALUE!,#VALUE!,#VALUE!,#,#VALUE!,#VALUE!,#VALUE!,#VALUE!,#VALUE!,#VALUE!,#,#VALUE!,#VALUE!,#VALUE!,#VALUE!,#VALUE!,#VALUE!,#,#VALUE!,#VALUE!,#VALUE!,#VALUE!,#VALUE!,#VALUE!,#,#VALUE!,#VALUE!,#VALUE!,#VALUE!,#VALUE!,#VALUE!,#,#VALUE!,#VALUE!,#VALUE!,#VALUE!,#VALUE!,#VALUE!,0 ,0.1 ,0.3 ,0.4 ,0.6 ,0.7 ,0.9 ,1 ,1.1 ,1.3 ,1.4 ,1.6 ,1.7 ,1.9 ,2 ,2.3 ,2.6 ,2.9 ,3.1 ,3.4 ,3.7 ,4 ,4.6 ,5.1 ,5.7 ,6.3 ,6.9 ,7.4 ,8 ,9.7 ,11.4 ,13.1 ,14.9 ,16.6 ,18.3 ,20 ,23.3 ,26.6 ,29.9 ,33.1 ,36.4 ,39.7 ,43 ,47.6 ,52.1 ,56.7 ,61.3 ,65.9 ,70.4 ,75 ,77.0 ,79.0 ,81.0 ,83.0 ,85.0 ,87.0 ,89 ,90.0 ,91.0 ,92.0 ,93.0 ,94.0 ,95.0 ,96 ,96.4 ,96.9 ,97.3 ,97.7 ,98.1 ,98.6 ,99 ,99.1 ,99.3 ,99.4 ,99.6 ,99.7 ,99.9 ,100 ,100.0 ,100.0 ,100.0 ,100.0 ,100.0 ,100.0 ,100 ,,,,,,,#,#VALUE!,#VALUE!,#VALUE!,#VALUE!,#VALUE!,#VALUE!,#,,,,,,,,,,,,,,
98 ,,,,,#,#VALUE!,#VALUE!,#VALUE!,#VALUE!,#VALUE!,#VALUE!,#,#VALUE!,#VALUE!,#VALUE!,#VALUE!,#VALUE!,#VALUE!,#,#VALUE!,#VALUE!,#VALUE!,#VALUE!,#VALUE!,#VALUE!,#,#VALUE!,#VALUE!,#VALUE!,#VALUE!,#VALUE!,#VALUE!,#,#VALUE!,#VALUE!,#VALUE!,#VALUE!,#VALUE!,#VALUE!,#,#VALUE!,#VALUE!,#VALUE!,#VALUE!,#VALUE!,#VALUE!,#,#VALUE!,#VALUE!,#VALUE!,#VALUE!,#VALUE!,#VALUE!,#,#VALUE!,#VALUE!,#VALUE!,#VALUE!,#VALUE!,#VALUE!,#,#VALUE!,#VALUE!,#VALUE!,#VALUE!,#VALUE!,#VALUE!,#,#VALUE!,#VALUE!,#VALUE!,#VALUE!,#VALUE!,#VALUE!,#,#VALUE!,#VALUE!,#VALUE!,#VALUE!,#VALUE!,#VALUE!,#,#VALUE!,#VALUE!,#VALUE!,#VALUE!,#VALUE!,#VALUE!,#,#VALUE!,#VALUE!,#VALUE!,#VALUE!,#VALUE!,#VALUE!,#,#VALUE!,#VALUE!,#VALUE!,#VALUE!,#VALUE!,#VALUE!,#,#VALUE!,#VALUE!,#VALUE!,#VALUE!,#VALUE!,#VALUE!,#,#VALUE!,#VALUE!,#VALUE!,#VALUE!,#VALUE!,#VALUE!,#,#VALUE!,#VALUE!,#VALUE!,#VALUE!,#VALUE!,#VALUE!,#,#VALUE!,#VALUE!,#VALUE!,#VALUE!,#VALUE!,#VALUE!,0 ,0.1 ,0.3 ,0.4 ,0.6 ,0.7 ,0.9 ,1 ,1.1 ,1.3 ,1.4 ,1.6 ,1.7 ,1.9 ,2 ,2.1 ,2.3 ,2.4 ,2.6 ,2.7 ,2.9 ,3 ,3.4 ,3.9 ,4.3 ,4.7 ,5.1 ,5.6 ,6 ,8.1 ,10.3 ,12.4 ,14.6 ,16.7 ,18.9 ,21 ,24.4 ,27.9 ,31.3 ,34.7 ,38.1 ,41.6 ,45 ,49.1 ,53.3 ,57.4 ,61.6 ,65.7 ,69.9 ,74 ,76.3 ,78.6 ,80.9 ,83.1 ,85.4 ,87.7 ,90 ,91.0 ,92.0 ,93.0 ,94.0 ,95.0 ,96.0 ,97 ,97.1 ,97.3 ,97.4 ,97.6 ,97.7 ,97.9 ,98 ,98.3 ,98.6 ,98.9 ,99.1 ,99.4 ,99.7 ,100 ,100.0 ,100.0 ,100.0 ,100.0 ,100.0 ,100.0 ,100 ,,,,,,,#,#VALUE!,#VALUE!,#VALUE!,#VALUE!,#VALUE!,#VALUE!,#,,,,,,,,,,,,,,,
99 ,,,,#,#VALUE!,#VALUE!,#VALUE!,#VALUE!,#VALUE!,#VALUE!,#,#VALUE!,#VALUE!,#VALUE!,#VALUE!,#VALUE!,#VALUE!,#,#VALUE!,#VALUE!,#VALUE!,#VALUE!,#VALUE!,#VALUE!,#,#VALUE!,#VALUE!,#VALUE!,#VALUE!,#VALUE!,#VALUE!,#,#VALUE!,#VALUE!,#VALUE!,#VALUE!,#VALUE!,#VALUE!,#,#VALUE!,#VALUE!,#VALUE!,#VALUE!,#VALUE!,#VALUE!,#,#VALUE!,#VALUE!,#VALUE!,#VALUE!,#VALUE!,#VALUE!,#,#VALUE!,#VALUE!,#VALUE!,#VALUE!,#VALUE!,#VALUE!,#,#VALUE!,#VALUE!,#VALUE!,#VALUE!,#VALUE!,#VALUE!,#,#VALUE!,#VALUE!,#VALUE!,#VALUE!,#VALUE!,#VALUE!,#,#VALUE!,#VALUE!,#VALUE!,#VALUE!,#VALUE!,#VALUE!,#,#VALUE!,#VALUE!,#VALUE!,#VALUE!,#VALUE!,#VALUE!,#,#VALUE!,#VALUE!,#VALUE!,#VALUE!,#VALUE!,#VALUE!,#,#VALUE!,#VALUE!,#VALUE!,#VALUE!,#VALUE!,#VALUE!,#,#VALUE!,#VALUE!,#VALUE!,#VALUE!,#VALUE!,#VALUE!,#,#VALUE!,#VALUE!,#VALUE!,#VALUE!,#VALUE!,#VALUE!,#,#VALUE!,#VALUE!,#VALUE!,#VALUE!,#VALUE!,#VALUE!,#,#VALUE!,#VALUE!,#VALUE!,#VALUE!,#VALUE!,#VALUE!,#,#VALUE!,#VALUE!,#VALUE!,#VALUE!,#VALUE!,#VALUE!,#,#VALUE!,#VALUE!,#VALUE!,#VALUE!,#VALUE!,#VALUE!,#,#VALUE!,#VALUE!,#VALUE!,#VALUE!,#VALUE!,#VALUE!,1 ,1.0 ,1.0 ,1.0 ,1.0 ,1.0 ,1.0 ,1 ,1.1 ,1.3 ,1.4 ,1.6 ,1.7 ,1.9 ,2 ,3.6 ,5.1 ,6.7 ,8.3 ,9.9 ,11.4 ,13 ,16.3 ,19.6 ,22.9 ,26.1 ,29.4 ,32.7 ,36 ,40.4 ,44.9 ,49.3 ,53.7 ,58.1 ,62.6 ,67 ,70.0 ,73.0 ,76.0 ,79.0 ,82.0 ,85.0 ,88 ,89.0 ,90.0 ,91.0 ,92.0 ,93.0 ,94.0 ,95 ,95.7 ,96.4 ,97.1 ,97.9 ,98.6 ,99.3 ,100 ,100.0 ,100.0 ,100.0 ,100.0 ,100.0 ,100.0 ,100 ,,,,,,,#,#VALUE!,#VALUE!,#VALUE!,#VALUE!,#VALUE!,#VALUE!,#,,,,,,,,,,,,,,,,
2000 ,,#,#VALUE!,#VALUE!,#VALUE!,#VALUE!,#VALUE!,#VALUE!,#,#VALUE!,#VALUE!,#VALUE!,#VALUE!,#VALUE!,#VALUE!,#,#VALUE!,#VALUE!,#VALUE!,#VALUE!,#VALUE!,#VALUE!,#,#VALUE!,#VALUE!,#VALUE!,#VALUE!,#VALUE!,#VALUE!,#,#VALUE!,#VALUE!,#VALUE!,#VALUE!,#VALUE!,#VALUE!,#,#VALUE!,#VALUE!,#VALUE!,#VALUE!,#VALUE!,#VALUE!,#,#VALUE!,#VALUE!,#VALUE!,#VALUE!,#VALUE!,#VALUE!,#,#VALUE!,#VALUE!,#VALUE!,#VALUE!,#VALUE!,#VALUE!,#,#VALUE!,#VALUE!,#VALUE!,#VALUE!,#VALUE!,#VALUE!,#,#VALUE!,#VALUE!,#VALUE!,#VALUE!,#VALUE!,#VALUE!,#,#VALUE!,#VALUE!,#VALUE!,#VALUE!,#VALUE!,#VALUE!,#,#VALUE!,#VALUE!,#VALUE!,#VALUE!,#VALUE!,#VALUE!,#,#VALUE!,#VALUE!,#VALUE!,#VALUE!,#VALUE!,#VALUE!,#,#VALUE!,#VALUE!,#VALUE!,#VALUE!,#VALUE!,#VALUE!,#,#VALUE!,#VALUE!,#VALUE!,#VALUE!,#VALUE!,#VALUE!,#,#VALUE!,#VALUE!,#VALUE!,#VALUE!,#VALUE!,#VALUE!,#,#VALUE!,#VALUE!,#VALUE!,#VALUE!,#VALUE!,#VALUE!,#,#VALUE!,#VALUE!,#VALUE!,#VALUE!,#VALUE!,#VALUE!,#,#VALUE!,#VALUE!,#VALUE!,#VALUE!,#VALUE!,#VALUE!,#,#VALUE!,#VALUE!,#VALUE!,#VALUE!,#VALUE!,#VALUE!,1 ,1.0 ,1.0 ,1.0 ,1.0 ,1.0 ,1.0 ,1 ,2.4 ,3.9 ,5.3 ,6.7 ,8.1 ,9.6 ,11 ,12.9 ,14.7 ,16.6 ,18.4 ,20.3 ,22.1 ,24 ,28.0 ,32.0 ,36.0 ,40.0 ,44.0 ,48.0 ,52 ,55.3 ,58.6 ,61.9 ,65.1 ,68.4 ,71.7 ,75 ,77.4 ,79.9 ,82.3 ,84.7 ,87.1 ,89.6 ,92 ,92.7 ,93.4 ,94.1 ,94.9 ,95.6 ,96.3 ,97 ,97.4 ,97.9 ,98.3 ,98.7 ,99.1 ,99.6 ,100 ,100.0 ,100.0 ,100.0 ,100.0 ,100.0 ,100.0 ,100 ,100.0 ,100.0 ,100.0 ,100.0 ,100.0 ,100.0 ,100 ,100.0 ,100.0 ,100.0 ,100.0 ,100.0 ,100.0 ,100 ,,,,,,,#,,,,,,,,,,,,,,,,,,
01 ,#,#VALUE!,#VALUE!,#VALUE!,#VALUE!,#VALUE!,#VALUE!,#,#VALUE!,#VALUE!,#VALUE!,#VALUE!,#VALUE!,#VALUE!,#,#VALUE!,#VALUE!,#VALUE!,#VALUE!,#VALUE!,#VALUE!,#,#VALUE!,#VALUE!,#VALUE!,#VALUE!,#VALUE!,#VALUE!,#,#VALUE!,#VALUE!,#VALUE!,#VALUE!,#VALUE!,#VALUE!,#,#VALUE!,#VALUE!,#VALUE!,#VALUE!,#VALUE!,#VALUE!,#,#VALUE!,#VALUE!,#VALUE!,#VALUE!,#VALUE!,#VALUE!,#,#VALUE!,#VALUE!,#VALUE!,#VALUE!,#VALUE!,#VALUE!,#,#VALUE!,#VALUE!,#VALUE!,#VALUE!,#VALUE!,#VALUE!,#,#VALUE!,#VALUE!,#VALUE!,#VALUE!,#VALUE!,#VALUE!,#,#VALUE!,#VALUE!,#VALUE!,#VALUE!,#VALUE!,#VALUE!,#,#VALUE!,#VALUE!,#VALUE!,#VALUE!,#VALUE!,#VALUE!,#,#VALUE!,#VALUE!,#VALUE!,#VALUE!,#VALUE!,#VALUE!,#,#VALUE!,#VALUE!,#VALUE!,#VALUE!,#VALUE!,#VALUE!,#,#VALUE!,#VALUE!,#VALUE!,#VALUE!,#VALUE!,#VALUE!,#,#VALUE!,#VALUE!,#VALUE!,#VALUE!,#VALUE!,#VALUE!,#,#VALUE!,#VALUE!,#VALUE!,#VALUE!,#VALUE!,#VALUE!,#,#VALUE!,#VALUE!,#VALUE!,#VALUE!,#VALUE!,#VALUE!,#,#VALUE!,#VALUE!,#VALUE!,#VALUE!,#VALUE!,#VALUE!,#,#VALUE!,#VALUE!,#VALUE!,#VALUE!,#VALUE!,#VALUE!,1 ,1.0 ,1.0 ,1.0 ,1.0 ,1.0 ,1.0 ,1 ,1.6 ,2.1 ,2.7 ,3.3 ,3.9 ,4.4 ,5 ,7.3 ,9.6 ,11.9 ,14.1 ,16.4 ,18.7 ,21 ,24.1 ,27.3 ,30.4 ,33.6 ,36.7 ,39.9 ,43 ,46.0 ,49.0 ,52.0 ,55.0 ,58.0 ,61.0 ,64 ,67.0 ,70.0 ,73.0 ,76.0 ,79.0 ,82.0 ,85 ,86.3 ,87.6 ,88.9 ,90.1 ,91.4 ,92.7 ,94 ,94.6 ,95.1 ,95.7 ,96.3 ,96.9 ,97.4 ,98 ,98.3 ,98.6 ,98.9 ,99.1 ,99.4 ,99.7 ,100 ,100.0 ,100.0 ,100.0 ,100.0 ,100.0 ,100.0 ,100 ,100.0 ,100.0 ,100.0 ,100.0 ,100.0 ,100.0 ,100 ,,,,,,,#,,,,,,,,,,,,,,,,,,,
02 ,,,,,,,#,#VALUE!,#VALUE!,#VALUE!,#VALUE!,#VALUE!,#VALUE!,#,#VALUE!,#VALUE!,#VALUE!,#VALUE!,#VALUE!,#VALUE!,#,#VALUE!,#VALUE!,#VALUE!,#VALUE!,#VALUE!,#VALUE!,#,#VALUE!,#VALUE!,#VALUE!,#VALUE!,#VALUE!,#VALUE!,#,#VALUE!,#VALUE!,#VALUE!,#VALUE!,#VALUE!,#VALUE!,#,#VALUE!,#VALUE!,#VALUE!,#VALUE!,#VALUE!,#VALUE!,#,#VALUE!,#VALUE!,#VALUE!,#VALUE!,#VALUE!,#VALUE!,#,#VALUE!,#VALUE!,#VALUE!,#VALUE!,#VALUE!,#VALUE!,#,#VALUE!,#VALUE!,#VALUE!,#VALUE!,#VALUE!,#VALUE!,#,#VALUE!,#VALUE!,#VALUE!,#VALUE!,#VALUE!,#VALUE!,#,#VALUE!,#VALUE!,#VALUE!,#VALUE!,#VALUE!,#VALUE!,#,#VALUE!,#VALUE!,#VALUE!,#VALUE!,#VALUE!,#VALUE!,#,#VALUE!,#VALUE!,#VALUE!,#VALUE!,#VALUE!,#VALUE!,#,#VALUE!,#VALUE!,#VALUE!,#VALUE!,#VALUE!,#VALUE!,#,#VALUE!,#VALUE!,#VALUE!,#VALUE!,#VALUE!,#VALUE!,#,#VALUE!,#VALUE!,#VALUE!,#VALUE!,#VALUE!,#VALUE!,#,#VALUE!,#VALUE!,#VALUE!,#VALUE!,#VALUE!,#VALUE!,#,#VALUE!,#VALUE!,#VALUE!,#VALUE!,#VALUE!,#VALUE!,#,#VALUE!,#VALUE!,#VALUE!,#VALUE!,#VALUE!,#VALUE!,2 ,2.4 ,2.9 ,3.3 ,3.7 ,4.1 ,4.6 ,5 ,5.6 ,6.1 ,6.7 ,7.3 ,7.9 ,8.4 ,9 ,10.1 ,11.3 ,12.4 ,13.6 ,14.7 ,15.9 ,17 ,18.6 ,20.1 ,21.7 ,23.3 ,24.9 ,26.4 ,28 ,32.1 ,36.3 ,40.4 ,44.6 ,48.7 ,52.9 ,57 ,59.4 ,61.9 ,64.3 ,66.7 ,69.1 ,71.6 ,74 ,76.6 ,79.1 ,81.7 ,84.3 ,86.9 ,89.4 ,92 ,92.6 ,93.1 ,93.7 ,94.3 ,94.9 ,95.4 ,96 ,96.6 ,97.1 ,97.7 ,98.3 ,98.9 ,99.4 ,100 ,100.0 ,100.0 ,100.0 ,100.0 ,100.0 ,100.0 ,100 ,100.0 ,100.0 ,100.0 ,100.0 ,100.0 ,100.0 ,100 ,,,,,,,#,#VALUE!,#VALUE!,#VALUE!,#VALUE!,#VALUE!,#VALUE!,#,,,,,,,,,,,,,
03 ,,,,,,#,#VALUE!,#VALUE!,#VALUE!,#VALUE!,#VALUE!,#VALUE!,#,#VALUE!,#VALUE!,#VALUE!,#VALUE!,#VALUE!,#VALUE!,#,#VALUE!,#VALUE!,#VALUE!,#VALUE!,#VALUE!,#VALUE!,#,#VALUE!,#VALUE!,#VALUE!,#VALUE!,#VALUE!,#VALUE!,#,#VALUE!,#VALUE!,#VALUE!,#VALUE!,#VALUE!,#VALUE!,#,#VALUE!,#VALUE!,#VALUE!,#VALUE!,#VALUE!,#VALUE!,#,#VALUE!,#VALUE!,#VALUE!,#VALUE!,#VALUE!,#VALUE!,#,#VALUE!,#VALUE!,#VALUE!,#VALUE!,#VALUE!,#VALUE!,#,#VALUE!,#VALUE!,#VALUE!,#VALUE!,#VALUE!,#VALUE!,#,#VALUE!,#VALUE!,#VALUE!,#VALUE!,#VALUE!,#VALUE!,#,#VALUE!,#VALUE!,#VALUE!,#VALUE!,#VALUE!,#VALUE!,#,#VALUE!,#VALUE!,#VALUE!,#VALUE!,#VALUE!,#VALUE!,#,#VALUE!,#VALUE!,#VALUE!,#VALUE!,#VALUE!,#VALUE!,#,#VALUE!,#VALUE!,#VALUE!,#VALUE!,#VALUE!,#VALUE!,#,#VALUE!,#VALUE!,#VALUE!,#VALUE!,#VALUE!,#VALUE!,#,#VALUE!,#VALUE!,#VALUE!,#VALUE!,#VALUE!,#VALUE!,#,#VALUE!,#VALUE!,#VALUE!,#VALUE!,#VALUE!,#VALUE!,#,#VALUE!,#VALUE!,#VALUE!,#VALUE!,#VALUE!,#VALUE!,#,#VALUE!,#VALUE!,#VALUE!,#VALUE!,#VALUE!,#VALUE!,1 ,2.1 ,3.3 ,4.4 ,5.6 ,6.7 ,7.9 ,9 ,11.4 ,13.9 ,16.3 ,18.7 ,21.1 ,23.6 ,26 ,29.4 ,32.9 ,36.3 ,39.7 ,43.1 ,46.6 ,50 ,53.1 ,56.3 ,59.4 ,62.6 ,65.7 ,68.9 ,72 ,73.7 ,75.4 ,77.1 ,78.9 ,80.6 ,82.3 ,84 ,85.3 ,86.6 ,87.9 ,89.1 ,90.4 ,91.7 ,93 ,93.6 ,94.1 ,94.7 ,95.3 ,95.9 ,96.4 ,97 ,97.4 ,97.9 ,98.3 ,98.7 ,99.1 ,99.6 ,100 ,100.0 ,100.0 ,100.0 ,100.0 ,100.0 ,100.0 ,100 ,100.0 ,100.0 ,100.0 ,100.0 ,100.0 ,100.0 ,100 ,100.0 ,100.0 ,100.0 ,100.0 ,100.0 ,100.0 ,100 ,,,,,,,#,#VALUE!,#VALUE!,#VALUE!,#VALUE!,#VALUE!,#VALUE!,#,,,,,,,,,,,,,,
04 ,,,,#,#VALUE!,#VALUE!,#VALUE!,#VALUE!,#VALUE!,#VALUE!,#,#VALUE!,#VALUE!,#VALUE!,#VALUE!,#VALUE!,#VALUE!,#,#VALUE!,#VALUE!,#VALUE!,#VALUE!,#VALUE!,#VALUE!,#,#VALUE!,#VALUE!,#VALUE!,#VALUE!,#VALUE!,#VALUE!,#,#VALUE!,#VALUE!,#VALUE!,#VALUE!,#VALUE!,#VALUE!,#,#VALUE!,#VALUE!,#VALUE!,#VALUE!,#VALUE!,#VALUE!,#,#VALUE!,#VALUE!,#VALUE!,#VALUE!,#VALUE!,#VALUE!,#,#VALUE!,#VALUE!,#VALUE!,#VALUE!,#VALUE!,#VALUE!,#,#VALUE!,#VALUE!,#VALUE!,#VALUE!,#VALUE!,#VALUE!,#,#VALUE!,#VALUE!,#VALUE!,#VALUE!,#VALUE!,#VALUE!,#,#VALUE!,#VALUE!,#VALUE!,#VALUE!,#VALUE!,#VALUE!,#,#VALUE!,#VALUE!,#VALUE!,#VALUE!,#VALUE!,#VALUE!,#,#VALUE!,#VALUE!,#VALUE!,#VALUE!,#VALUE!,#VALUE!,#,#VALUE!,#VALUE!,#VALUE!,#VALUE!,#VALUE!,#VALUE!,#,#VALUE!,#VALUE!,#VALUE!,#VALUE!,#VALUE!,#VALUE!,#,#VALUE!,#VALUE!,#VALUE!,#VALUE!,#VALUE!,#VALUE!,#,#VALUE!,#VALUE!,#VALUE!,#VALUE!,#VALUE!,#VALUE!,#,#VALUE!,#VALUE!,#VALUE!,#VALUE!,#VALUE!,#VALUE!,#,#VALUE!,#VALUE!,#VALUE!,#VALUE!,#VALUE!,#VALUE!,#,#VALUE!,#VALUE!,#VALUE!,#VALUE!,#VALUE!,#VALUE!,1 ,1.6 ,2.1 ,2.7 ,3.3 ,3.9 ,4.4 ,5 ,6.0 ,7.0 ,8.0 ,9.0 ,10.0 ,11.0 ,12 ,14.3 ,16.6 ,18.9 ,21.1 ,23.4 ,25.7 ,28 ,28.7 ,29.4 ,30.1 ,30.9 ,31.6 ,32.3 ,33 ,35.1 ,37.3 ,39.4 ,41.6 ,43.7 ,45.9 ,48 ,50.6 ,53.1 ,55.7 ,58.3 ,60.9 ,63.4 ,66 ,68.9 ,71.7 ,74.6 ,77.4 ,80.3 ,83.1 ,86 ,86.9 ,87.7 ,88.6 ,89.4 ,90.3 ,91.1 ,92 ,92.4 ,92.9 ,93.3 ,93.7 ,94.1 ,94.6 ,95 ,95.7 ,96.4 ,97.1 ,97.9 ,98.6 ,99.3 ,100 ,,,,,,,#,#VALUE!,#VALUE!,#VALUE!,#VALUE!,#VALUE!,#VALUE!,#,,,,,,,,,,,,,,,,
05 ,,,#,#VALUE!,#VALUE!,#VALUE!,#VALUE!,#VALUE!,#VALUE!,#,#VALUE!,#VALUE!,#VALUE!,#VALUE!,#VALUE!,#VALUE!,#,#VALUE!,#VALUE!,#VALUE!,#VALUE!,#VALUE!,#VALUE!,#,#VALUE!,#VALUE!,#VALUE!,#VALUE!,#VALUE!,#VALUE!,#,#VALUE!,#VALUE!,#VALUE!,#VALUE!,#VALUE!,#VALUE!,#,#VALUE!,#VALUE!,#VALUE!,#VALUE!,#VALUE!,#VALUE!,#,#VALUE!,#VALUE!,#VALUE!,#VALUE!,#VALUE!,#VALUE!,#,#VALUE!,#VALUE!,#VALUE!,#VALUE!,#VALUE!,#VALUE!,#,#VALUE!,#VALUE!,#VALUE!,#VALUE!,#VALUE!,#VALUE!,#,#VALUE!,#VALUE!,#VALUE!,#VALUE!,#VALUE!,#VALUE!,#,#VALUE!,#VALUE!,#VALUE!,#VALUE!,#VALUE!,#VALUE!,#,#VALUE!,#VALUE!,#VALUE!,#VALUE!,#VALUE!,#VALUE!,#,#VALUE!,#VALUE!,#VALUE!,#VALUE!,#VALUE!,#VALUE!,#,#VALUE!,#VALUE!,#VALUE!,#VALUE!,#VALUE!,#VALUE!,#,#VALUE!,#VALUE!,#VALUE!,#VALUE!,#VALUE!,#VALUE!,#,#VALUE!,#VALUE!,#VALUE!,#VALUE!,#VALUE!,#VALUE!,#,#VALUE!,#VALUE!,#VALUE!,#VALUE!,#VALUE!,#VALUE!,#,#VALUE!,#VALUE!,#VALUE!,#VALUE!,#VALUE!,#VALUE!,#,#VALUE!,#VALUE!,#VALUE!,#VALUE!,#VALUE!,#VALUE!,#,#VALUE!,#VALUE!,#VALUE!,#VALUE!,#VALUE!,#VALUE!,1 ,1.3 ,1.6 ,1.9 ,2.1 ,2.4 ,2.7 ,3 ,3.9 ,4.7 ,5.6 ,6.4 ,7.3 ,8.1 ,9 ,10.0 ,11.0 ,12.0 ,13.0 ,14.0 ,15.0 ,16 ,19.9 ,23.7 ,27.6 ,31.4 ,35.3 ,39.1 ,43 ,46.6 ,50.1 ,53.7 ,57.3 ,60.9 ,64.4 ,68 ,69.9 ,71.7 ,73.6 ,75.4 ,77.3 ,79.1 ,81 ,82.4 ,83.9 ,85.3 ,86.7 ,88.1 ,89.6 ,91 ,91.6 ,92.1 ,92.7 ,93.3 ,93.9 ,94.4 ,95 ,95.7 ,96.4 ,97.1 ,97.9 ,98.6 ,99.3 ,100 ,100.0 ,100.0 ,100.0 ,100.0 ,100.0 ,100.0 ,100 ,100.0 ,100.0 ,100.0 ,100.0 ,100.0 ,100.0 ,100 ,,,,,,,#,,,,,,,,,,,,,,,,,
06 ,,#,#VALUE!,#VALUE!,#VALUE!,#VALUE!,#VALUE!,#VALUE!,#,#VALUE!,#VALUE!,#VALUE!,#VALUE!,#VALUE!,#VALUE!,#,#VALUE!,#VALUE!,#VALUE!,#VALUE!,#VALUE!,#VALUE!,#,#VALUE!,#VALUE!,#VALUE!,#VALUE!,#VALUE!,#VALUE!,#,#VALUE!,#VALUE!,#VALUE!,#VALUE!,#VALUE!,#VALUE!,#,#VALUE!,#VALUE!,#VALUE!,#VALUE!,#VALUE!,#VALUE!,#,#VALUE!,#VALUE!,#VALUE!,#VALUE!,#VALUE!,#VALUE!,#,#VALUE!,#VALUE!,#VALUE!,#VALUE!,#VALUE!,#VALUE!,#,#VALUE!,#VALUE!,#VALUE!,#VALUE!,#VALUE!,#VALUE!,#,#VALUE!,#VALUE!,#VALUE!,#VALUE!,#VALUE!,#VALUE!,#,#VALUE!,#VALUE!,#VALUE!,#VALUE!,#VALUE!,#VALUE!,#,#VALUE!,#VALUE!,#VALUE!,#VALUE!,#VALUE!,#VALUE!,#,#VALUE!,#VALUE!,#VALUE!,#VALUE!,#VALUE!,#VALUE!,#,#VALUE!,#VALUE!,#VALUE!,#VALUE!,#VALUE!,#VALUE!,#,#VALUE!,#VALUE!,#VALUE!,#VALUE!,#VALUE!,#VALUE!,#,#VALUE!,#VALUE!,#VALUE!,#VALUE!,#VALUE!,#VALUE!,#,#VALUE!,#VALUE!,#VALUE!,#VALUE!,#VALUE!,#VALUE!,0 ,0.1 ,0.3 ,0.4 ,0.6 ,0.7 ,0.9 ,1 ,1.7 ,2.4 ,3.1 ,3.9 ,4.6 ,5.3 ,6 ,7.0 ,8.0 ,9.0 ,10.0 ,11.0 ,12.0 ,13 ,14.7 ,16.4 ,18.1 ,19.9 ,21.6 ,23.3 ,25 ,27.1 ,29.3 ,31.4 ,33.6 ,35.7 ,37.9 ,40 ,42.3 ,44.6 ,46.9 ,49.1 ,51.4 ,53.7 ,56 ,58.1 ,60.3 ,62.4 ,64.6 ,66.7 ,68.9 ,71 ,73.3 ,75.6 ,77.9 ,80.1 ,82.4 ,84.7 ,87 ,88.0 ,89.0 ,90.0 ,91.0 ,92.0 ,93.0 ,94 ,94.4 ,94.9 ,95.3 ,95.7 ,96.1 ,96.6 ,97 ,97.4 ,97.9 ,98.3 ,98.7 ,99.1 ,99.6 ,100 ,100.0 ,100.0 ,100.0 ,100.0 ,100.0 ,100.0 ,100 ,100.0 ,100.0 ,100.0 ,100.0 ,100.0 ,100.0 ,100 ,100.0 ,100.0 ,100.0 ,100.0 ,100.0 ,100.0 ,100 ,,,,,,,#,,,,,,,,,,,,,,,,,,
07 ,#,#VALUE!,#VALUE!,#VALUE!,#VALUE!,#VALUE!,#VALUE!,#,#VALUE!,#VALUE!,#VALUE!,#VALUE!,#VALUE!,#VALUE!,#,#VALUE!,#VALUE!,#VALUE!,#VALUE!,#VALUE!,#VALUE!,#,#VALUE!,#VALUE!,#VALUE!,#VALUE!,#VALUE!,#VALUE!,#,#VALUE!,#VALUE!,#VALUE!,#VALUE!,#VALUE!,#VALUE!,#,#VALUE!,#VALUE!,#VALUE!,#VALUE!,#VALUE!,#VALUE!,#,#VALUE!,#VALUE!,#VALUE!,#VALUE!,#VALUE!,#VALUE!,#,#VALUE!,#VALUE!,#VALUE!,#VALUE!,#VALUE!,#VALUE!,#,#VALUE!,#VALUE!,#VALUE!,#VALUE!,#VALUE!,#VALUE!,#,#VALUE!,#VALUE!,#VALUE!,#VALUE!,#VALUE!,#VALUE!,#,#VALUE!,#VALUE!,#VALUE!,#VALUE!,#VALUE!,#VALUE!,#,#VALUE!,#VALUE!,#VALUE!,#VALUE!,#VALUE!,#VALUE!,#,#VALUE!,#VALUE!,#VALUE!,#VALUE!,#VALUE!,#VALUE!,#,#VALUE!,#VALUE!,#VALUE!,#VALUE!,#VALUE!,#VALUE!,#,#VALUE!,#VALUE!,#VALUE!,#VALUE!,#VALUE!,#VALUE!,#,#VALUE!,#VALUE!,#VALUE!,#VALUE!,#VALUE!,#VALUE!,#,#VALUE!,#VALUE!,#VALUE!,#VALUE!,#VALUE!,#VALUE!,#,#VALUE!,#VALUE!,#VALUE!,#VALUE!,#VALUE!,#VALUE!,#,#VALUE!,#VALUE!,#VALUE!,#VALUE!,#VALUE!,#VALUE!,#,#VALUE!,#VALUE!,#VALUE!,#VALUE!,#VALUE!,#VALUE!,2 ,2.4 ,2.9 ,3.3 ,3.7 ,4.1 ,4.6 ,5 ,6.4 ,7.9 ,9.3 ,10.7 ,12.1 ,13.6 ,15 ,16.0 ,17.0 ,18.0 ,19.0 ,20.0 ,21.0 ,22 ,24.0 ,26.0 ,28.0 ,30.0 ,32.0 ,34.0 ,36 ,39.7 ,43.4 ,47.1 ,50.9 ,54.6 ,58.3 ,62 ,65.1 ,68.3 ,71.4 ,74.6 ,77.7 ,80.9 ,84 ,85.0 ,86.0 ,87.0 ,88.0 ,89.0 ,90.0 ,91 ,92.0 ,93.0 ,94.0 ,95.0 ,96.0 ,97.0 ,98 ,98.3 ,98.6 ,98.9 ,99.1 ,99.4 ,99.7 ,100 ,100.0 ,100.0 ,100.0 ,100.0 ,100.0 ,100.0 ,100 ,100.0 ,100.0 ,100.0 ,100.0 ,100.0 ,100.0 ,100 ,,,,,,,#,,,,,,,,,,,,,,,,,,,
08 ,,,,,,#,#VALUE!,#VALUE!,#VALUE!,#VALUE!,#VALUE!,#VALUE!,#,#VALUE!,#VALUE!,#VALUE!,#VALUE!,#VALUE!,#VALUE!,#,#VALUE!,#VALUE!,#VALUE!,#VALUE!,#VALUE!,#VALUE!,#,#VALUE!,#VALUE!,#VALUE!,#VALUE!,#VALUE!,#VALUE!,#,#VALUE!,#VALUE!,#VALUE!,#VALUE!,#VALUE!,#VALUE!,#,#VALUE!,#VALUE!,#VALUE!,#VALUE!,#VALUE!,#VALUE!,#,#VALUE!,#VALUE!,#VALUE!,#VALUE!,#VALUE!,#VALUE!,#,#VALUE!,#VALUE!,#VALUE!,#VALUE!,#VALUE!,#VALUE!,#,#VALUE!,#VALUE!,#VALUE!,#VALUE!,#VALUE!,#VALUE!,#,#VALUE!,#VALUE!,#VALUE!,#VALUE!,#VALUE!,#VALUE!,#,#VALUE!,#VALUE!,#VALUE!,#VALUE!,#VALUE!,#VALUE!,#,#VALUE!,#VALUE!,#VALUE!,#VALUE!,#VALUE!,#VALUE!,#,#VALUE!,#VALUE!,#VALUE!,#VALUE!,#VALUE!,#VALUE!,#,#VALUE!,#VALUE!,#VALUE!,#VALUE!,#VALUE!,#VALUE!,#,#VALUE!,#VALUE!,#VALUE!,#VALUE!,#VALUE!,#VALUE!,#,#VALUE!,#VALUE!,#VALUE!,#VALUE!,#VALUE!,#VALUE!,#,#VALUE!,#VALUE!,#VALUE!,#VALUE!,#VALUE!,#VALUE!,#,#VALUE!,#VALUE!,#VALUE!,#VALUE!,#VALUE!,#VALUE!,#,#VALUE!,#VALUE!,#VALUE!,#VALUE!,#VALUE!,#VALUE!,#,#VALUE!,#VALUE!,#VALUE!,#VALUE!,#VALUE!,#VALUE!,3 ,4.0 ,5.0 ,6.0 ,7.0 ,8.0 ,9.0 ,10 ,10.9 ,11.7 ,12.6 ,13.4 ,14.3 ,15.1 ,16 ,16.7 ,17.4 ,18.1 ,18.9 ,19.6 ,20.3 ,21 ,25.4 ,29.9 ,34.3 ,38.7 ,43.1 ,47.6 ,52 ,54.3 ,56.6 ,58.9 ,61.1 ,63.4 ,65.7 ,68 ,69.1 ,70.3 ,71.4 ,72.6 ,73.7 ,74.9 ,76 ,77.9 ,79.7 ,81.6 ,83.4 ,85.3 ,87.1 ,89 ,89.6 ,90.1 ,90.7 ,91.3 ,91.9 ,92.4 ,93 ,93.7 ,94.4 ,95.1 ,95.9 ,96.6 ,97.3 ,98 ,98.3 ,98.6 ,98.9 ,99.1 ,99.4 ,99.7 ,100 ,,,,,,,#,,,,,,,#,,,,,,,,,,,,,,
09 ,,,,,#,#VALUE!,#VALUE!,#VALUE!,#VALUE!,#VALUE!,#VALUE!,#,#VALUE!,#VALUE!,#VALUE!,#VALUE!,#VALUE!,#VALUE!,#,#VALUE!,#VALUE!,#VALUE!,#VALUE!,#VALUE!,#VALUE!,#,#VALUE!,#VALUE!,#VALUE!,#VALUE!,#VALUE!,#VALUE!,#,#VALUE!,#VALUE!,#VALUE!,#VALUE!,#VALUE!,#VALUE!,#,#VALUE!,#VALUE!,#VALUE!,#VALUE!,#VALUE!,#VALUE!,#,#VALUE!,#VALUE!,#VALUE!,#VALUE!,#VALUE!,#VALUE!,#,#VALUE!,#VALUE!,#VALUE!,#VALUE!,#VALUE!,#VALUE!,#,#VALUE!,#VALUE!,#VALUE!,#VALUE!,#VALUE!,#VALUE!,#,#VALUE!,#VALUE!,#VALUE!,#VALUE!,#VALUE!,#VALUE!,#,#VALUE!,#VALUE!,#VALUE!,#VALUE!,#VALUE!,#VALUE!,#,#VALUE!,#VALUE!,#VALUE!,#VALUE!,#VALUE!,#VALUE!,#,#VALUE!,#VALUE!,#VALUE!,#VALUE!,#VALUE!,#VALUE!,#,#VALUE!,#VALUE!,#VALUE!,#VALUE!,#VALUE!,#VALUE!,#,#VALUE!,#VALUE!,#VALUE!,#VALUE!,#VALUE!,#VALUE!,#,#VALUE!,#VALUE!,#VALUE!,#VALUE!,#VALUE!,#VALUE!,#,#VALUE!,#VALUE!,#VALUE!,#VALUE!,#VALUE!,#VALUE!,#,#VALUE!,#VALUE!,#VALUE!,#VALUE!,#VALUE!,#VALUE!,#,#VALUE!,#VALUE!,#VALUE!,#VALUE!,#VALUE!,#VALUE!,#,#VALUE!,#VALUE!,#VALUE!,#VALUE!,#VALUE!,#VALUE!,#,#VALUE!,#VALUE!,#VALUE!,#VALUE!,#VALUE!,#VALUE!,#,#VALUE!,#VALUE!,#VALUE!,#VALUE!,#VALUE!,#VALUE!,1 ,1.6 ,2.1 ,2.7 ,3.3 ,3.9 ,4.4 ,5 ,6.7 ,8.4 ,10.1 ,11.9 ,13.6 ,15.3 ,17 ,18.1 ,19.3 ,20.4 ,21.6 ,22.7 ,23.9 ,25 ,28.9 ,32.7 ,36.6 ,40.4 ,44.3 ,48.1 ,52 ,54.3 ,56.6 ,58.9 ,61.1 ,63.4 ,65.7 ,68 ,69.9 ,71.7 ,73.6 ,75.4 ,77.3 ,79.1 ,81 ,82.0 ,83.0 ,84.0 ,85.0 ,86.0 ,87.0 ,88 ,88.6 ,89.1 ,89.7 ,90.3 ,90.9 ,91.4 ,92 ,92.7 ,93.4 ,94.1 ,94.9 ,95.6 ,96.3 ,97 ,97.4 ,97.9 ,98.3 ,98.7 ,99.1 ,99.6 ,100 ,,,,,,,,,,,,,,,
10 ,,,,#,#VALUE!,#VALUE!,#VALUE!,#VALUE!,#VALUE!,#VALUE!,#,#VALUE!,#VALUE!,#VALUE!,#VALUE!,#VALUE!,#VALUE!,#,#VALUE!,#VALUE!,#VALUE!,#VALUE!,#VALUE!,#VALUE!,#,#VALUE!,#VALUE!,#VALUE!,#VALUE!,#VALUE!,#VALUE!,#,#VALUE!,#VALUE!,#VALUE!,#VALUE!,#VALUE!,#VALUE!,#,#VALUE!,#VALUE!,#VALUE!,#VALUE!,#VALUE!,#VALUE!,#,#VALUE!,#VALUE!,#VALUE!,#VALUE!,#VALUE!,#VALUE!,#,#VALUE!,#VALUE!,#VALUE!,#VALUE!,#VALUE!,#VALUE!,#,#VALUE!,#VALUE!,#VALUE!,#VALUE!,#VALUE!,#VALUE!,#,#VALUE!,#VALUE!,#VALUE!,#VALUE!,#VALUE!,#VALUE!,#,#VALUE!,#VALUE!,#VALUE!,#VALUE!,#VALUE!,#VALUE!,#,#VALUE!,#VALUE!,#VALUE!,#VALUE!,#VALUE!,#VALUE!,#,#VALUE!,#VALUE!,#VALUE!,#VALUE!,#VALUE!,#VALUE!,#,#VALUE!,#VALUE!,#VALUE!,#VALUE!,#VALUE!,#VALUE!,#,#VALUE!,#VALUE!,#VALUE!,#VALUE!,#VALUE!,#VALUE!,#,#VALUE!,#VALUE!,#VALUE!,#VALUE!,#VALUE!,#VALUE!,#,#VALUE!,#VALUE!,#VALUE!,#VALUE!,#VALUE!,#VALUE!,#,#VALUE!,#VALUE!,#VALUE!,#VALUE!,#VALUE!,#VALUE!,#,#VALUE!,#VALUE!,#VALUE!,#VALUE!,#VALUE!,#VALUE!,#,#VALUE!,#VALUE!,#VALUE!,#VALUE!,#VALUE!,#VALUE!,2 ,2.7 ,3.4 ,4.1 ,4.9 ,5.6 ,6.3 ,7 ,8.0 ,9.0 ,10.0 ,11.0 ,12.0 ,13.0 ,14 ,15.0 ,16.0 ,17.0 ,18.0 ,19.0 ,20.0 ,21 ,22.6 ,24.1 ,25.7 ,27.3 ,28.9 ,30.4 ,32 ,33.7 ,35.4 ,37.1 ,38.9 ,40.6 ,42.3 ,44 ,48.0 ,52.0 ,56.0 ,60.0 ,64.0 ,68.0 ,72 ,74.9 ,77.7 ,80.6 ,83.4 ,86.3 ,89.1 ,92 ,92.7 ,93.4 ,94.1 ,94.9 ,95.6 ,96.3 ,97 ,97.4 ,97.9 ,98.3 ,98.7 ,99.1 ,99.6 ,100 ,100.0 ,100.0 ,100.0 ,100.0 ,100.0 ,100.0 ,100 ,,,,,,,#,#VALUE!,#VALUE!,#VALUE!,#VALUE!,#VALUE!,#VALUE!,#,,,,,,,,,,,,,,,,
11 ,,,#,#VALUE!,#VALUE!,#VALUE!,#VALUE!,#VALUE!,#VALUE!,#,#VALUE!,#VALUE!,#VALUE!,#VALUE!,#VALUE!,#VALUE!,#,#VALUE!,#VALUE!,#VALUE!,#VALUE!,#VALUE!,#VALUE!,#,#VALUE!,#VALUE!,#VALUE!,#VALUE!,#VALUE!,#VALUE!,#,#VALUE!,#VALUE!,#VALUE!,#VALUE!,#VALUE!,#VALUE!,#,#VALUE!,#VALUE!,#VALUE!,#VALUE!,#VALUE!,#VALUE!,#,#VALUE!,#VALUE!,#VALUE!,#VALUE!,#VALUE!,#VALUE!,#,#VALUE!,#VALUE!,#VALUE!,#VALUE!,#VALUE!,#VALUE!,#,#VALUE!,#VALUE!,#VALUE!,#VALUE!,#VALUE!,#VALUE!,#,#VALUE!,#VALUE!,#VALUE!,#VALUE!,#VALUE!,#VALUE!,#,#VALUE!,#VALUE!,#VALUE!,#VALUE!,#VALUE!,#VALUE!,#,#VALUE!,#VALUE!,#VALUE!,#VALUE!,#VALUE!,#VALUE!,#,#VALUE!,#VALUE!,#VALUE!,#VALUE!,#VALUE!,#VALUE!,#,#VALUE!,#VALUE!,#VALUE!,#VALUE!,#VALUE!,#VALUE!,#,#VALUE!,#VALUE!,#VALUE!,#VALUE!,#VALUE!,#VALUE!,#,#VALUE!,#VALUE!,#VALUE!,#VALUE!,#VALUE!,#VALUE!,#,#VALUE!,#VALUE!,#VALUE!,#VALUE!,#VALUE!,#VALUE!,#,,,,,,,#,#VALUE!,#VALUE!,#VALUE!,#VALUE!,#VALUE!,#VALUE!,#,#VALUE!,#VALUE!,#VALUE!,#VALUE!,#VALUE!,#VALUE!,#,#VALUE!,#VALUE!,#VALUE!,#VALUE!,#VALUE!,#VALUE!,1 ,1.6 ,2.1 ,2.7 ,3.3 ,3.9 ,4.4 ,5 ,5.7 ,6.4 ,7.1 ,7.9 ,8.6 ,9.3 ,10 ,11.6 ,13.1 ,14.7 ,16.3 ,17.9 ,19.4 ,21 ,23.7 ,26.4 ,29.1 ,31.9 ,34.6 ,37.3 ,40 ,44.0 ,48.0 ,52.0 ,56.0 ,60.0 ,64.0 ,68 ,70.4 ,72.9 ,75.3 ,77.7 ,80.1 ,82.6 ,85 ,85.9 ,86.7 ,87.6 ,88.4 ,89.3 ,90.1 ,91 ,91.3 ,91.6 ,91.9 ,92.1 ,92.4 ,92.7 ,93 ,93.3 ,93.6 ,93.9 ,94.1 ,94.4 ,94.7 ,95 ,95.7 ,96.4 ,97.1 ,97.9 ,98.6 ,99.3 ,100 ,,,,,,,#,,,,,,,,,,,,,,,,,
12 ,#,#VALUE!,#VALUE!,#VALUE!,#VALUE!,#VALUE!,#VALUE!,#,#VALUE!,#VALUE!,#VALUE!,#VALUE!,#VALUE!,#VALUE!,#,#VALUE!,#VALUE!,#VALUE!,#VALUE!,#VALUE!,#VALUE!,#,#VALUE!,#VALUE!,#VALUE!,#VALUE!,#VALUE!,#VALUE!,#,#VALUE!,#VALUE!,#VALUE!,#VALUE!,#VALUE!,#VALUE!,#,#VALUE!,#VALUE!,#VALUE!,#VALUE!,#VALUE!,#VALUE!,#,#VALUE!,#VALUE!,#VALUE!,#VALUE!,#VALUE!,#VALUE!,#,#VALUE!,#VALUE!,#VALUE!,#VALUE!,#VALUE!,#VALUE!,#,#VALUE!,#VALUE!,#VALUE!,#VALUE!,#VALUE!,#VALUE!,#,#VALUE!,#VALUE!,#VALUE!,#VALUE!,#VALUE!,#VALUE!,#,#VALUE!,#VALUE!,#VALUE!,#VALUE!,#VALUE!,#VALUE!,#,#VALUE!,#VALUE!,#VALUE!,#VALUE!,#VALUE!,#VALUE!,#,#VALUE!,#VALUE!,#VALUE!,#VALUE!,#VALUE!,#VALUE!,#,#VALUE!,#VALUE!,#VALUE!,#VALUE!,#VALUE!,#VALUE!,#,,,,,,,#,#VALUE!,#VALUE!,#VALUE!,#VALUE!,#VALUE!,#VALUE!,#,#VALUE!,#VALUE!,#VALUE!,#VALUE!,#VALUE!,#VALUE!,#,#VALUE!,#VALUE!,#VALUE!,#VALUE!,#VALUE!,#VALUE!,#,#VALUE!,#VALUE!,#VALUE!,#VALUE!,#VALUE!,#VALUE!,2 ,2.3 ,2.6 ,2.9 ,3.1 ,3.4 ,3.7 ,4 ,4.9 ,5.7 ,6.6 ,7.4 ,8.3 ,9.1 ,10 ,12.0 ,14.0 ,16.0 ,18.0 ,20.0 ,22.0 ,24 ,26.0 ,28.0 ,30.0 ,32.0 ,34.0 ,36.0 ,38 ,40.7 ,43.4 ,46.1 ,48.9 ,51.6 ,54.3 ,57 ,59.9 ,62.7 ,65.6 ,68.4 ,71.3 ,74.1 ,77 ,78.7 ,80.4 ,82.1 ,83.9 ,85.6 ,87.3 ,89 ,89.1 ,89.3 ,89.4 ,89.6 ,89.7 ,89.9 ,90 ,90.6 ,91.1 ,91.7 ,92.3 ,92.9 ,93.4 ,94 ,94.3 ,94.6 ,94.9 ,95.1 ,95.4 ,95.7 ,96 ,96.6 ,97.1 ,97.7 ,98.3 ,98.9 ,99.4 ,100 ,100.0 ,100.0 ,100.0 ,100.0 ,100.0 ,100.0 ,100 ,,,,,,,#,,,,,,,,,,,,,,,,,,,
13 ,,,,,,,#,#VALUE!,#VALUE!,#VALUE!,#VALUE!,#VALUE!,#VALUE!,#,#VALUE!,#VALUE!,#VALUE!,#VALUE!,#VALUE!,#VALUE!,#,#VALUE!,#VALUE!,#VALUE!,#VALUE!,#VALUE!,#VALUE!,#,#VALUE!,#VALUE!,#VALUE!,#VALUE!,#VALUE!,#VALUE!,#,#VALUE!,#VALUE!,#VALUE!,#VALUE!,#VALUE!,#VALUE!,#,#VALUE!,#VALUE!,#VALUE!,#VALUE!,#VALUE!,#VALUE!,#,#VALUE!,#VALUE!,#VALUE!,#VALUE!,#VALUE!,#VALUE!,#,#VALUE!,#VALUE!,#VALUE!,#VALUE!,#VALUE!,#VALUE!,#,#VALUE!,#VALUE!,#VALUE!,#VALUE!,#VALUE!,#VALUE!,#,#VALUE!,#VALUE!,#VALUE!,#VALUE!,#VALUE!,#VALUE!,#,#VALUE!,#VALUE!,#VALUE!,#VALUE!,#VALUE!,#VALUE!,#,#VALUE!,#VALUE!,#VALUE!,#VALUE!,#VALUE!,#VALUE!,#,#VALUE!,#VALUE!,#VALUE!,#VALUE!,#VALUE!,#VALUE!,#,#VALUE!,#VALUE!,#VALUE!,#VALUE!,#VALUE!,#VALUE!,#,#VALUE!,#VALUE!,#VALUE!,#VALUE!,#VALUE!,#VALUE!,#,,,,,,,#,#VALUE!,#VALUE!,#VALUE!,#VALUE!,#VALUE!,#VALUE!,#,#VALUE!,#VALUE!,#VALUE!,#VALUE!,#VALUE!,#VALUE!,#,#VALUE!,#VALUE!,#VALUE!,#VALUE!,#VALUE!,#VALUE!,#,#VALUE!,#VALUE!,#VALUE!,#VALUE!,#VALUE!,#VALUE!,#,#VALUE!,#VALUE!,#VALUE!,#VALUE!,#VALUE!,#VALUE!,#,#VALUE!,#VALUE!,#VALUE!,#VALUE!,#VALUE!,#VALUE!,#,#VALUE!,#VALUE!,#VALUE!,#VALUE!,#VALUE!,#VALUE!,#,,,,,,,#,,,,,,,#,,,,,,,#, , , , , , ,#,#VALUE!,#VALUE!,#VALUE!,#VALUE!,#VALUE!,#VALUE!,#,#VALUE!,#VALUE!,#VALUE!,#VALUE!,#VALUE!,#VALUE!,#,#VALUE!,#VALUE!,#VALUE!,#VALUE!,#VALUE!,#VALUE!,#,#VALUE!,#VALUE!,#VALUE!,#VALUE!,#VALUE!,#VALUE!,#,#VALUE!,#VALUE!,#VALUE!,#VALUE!,#VALUE!,#VALUE!,#,,,,,,,,,,,,,
14 ,,,,,,#,#VALUE!,#VALUE!,#VALUE!,#VALUE!,#VALUE!,#VALUE!,#,#VALUE!,#VALUE!,#VALUE!,#VALUE!,#VALUE!,#VALUE!,#,#VALUE!,#VALUE!,#VALUE!,#VALUE!,#VALUE!,#VALUE!,#,#VALUE!,#VALUE!,#VALUE!,#VALUE!,#VALUE!,#VALUE!,#,#VALUE!,#VALUE!,#VALUE!,#VALUE!,#VALUE!,#VALUE!,#,#VALUE!,#VALUE!,#VALUE!,#VALUE!,#VALUE!,#VALUE!,#,#VALUE!,#VALUE!,#VALUE!,#VALUE!,#VALUE!,#VALUE!,#,#VALUE!,#VALUE!,#VALUE!,#VALUE!,#VALUE!,#VALUE!,#,#VALUE!,#VALUE!,#VALUE!,#VALUE!,#VALUE!,#VALUE!,#,#VALUE!,#VALUE!,#VALUE!,#VALUE!,#VALUE!,#VALUE!,#,#VALUE!,#VALUE!,#VALUE!,#VALUE!,#VALUE!,#VALUE!,#,#VALUE!,#VALUE!,#VALUE!,#VALUE!,#VALUE!,#VALUE!,#,#VALUE!,#VALUE!,#VALUE!,#VALUE!,#VALUE!,#VALUE!,#,#VALUE!,#VALUE!,#VALUE!,#VALUE!,#VALUE!,#VALUE!,#,#VALUE!,#VALUE!,#VALUE!,#VALUE!,#VALUE!,#VALUE!,#,,,,,,,#,#VALUE!,#VALUE!,#VALUE!,#VALUE!,#VALUE!,#VALUE!,#,#VALUE!,#VALUE!,#VALUE!,#VALUE!,#VALUE!,#VALUE!,#,#VALUE!,#VALUE!,#VALUE!,#VALUE!,#VALUE!,#VALUE!,#,#VALUE!,#VALUE!,#VALUE!,#VALUE!,#VALUE!,#VALUE!,#,,,,,,,#,#VALUE!,#VALUE!,#VALUE!,#VALUE!,#VALUE!,#VALUE!,#,#VALUE!,#VALUE!,#VALUE!,#VALUE!,#VALUE!,#VALUE!,#,#VALUE!,#VALUE!,#VALUE!,#VALUE!,#VALUE!,#VALUE!,#,#VALUE!,#VALUE!,#VALUE!,#VALUE!,#VALUE!,#VALUE!,#,#VALUE!,#VALUE!,#VALUE!,#VALUE!,#VALUE!,#VALUE!,#,#VALUE!,#VALUE!,#VALUE!,#VALUE!,#VALUE!,#VALUE!,#,#VALUE!,#VALUE!,#VALUE!,#VALUE!,#VALUE!,#VALUE!,#,#VALUE!,#VALUE!,#VALUE!,#VALUE!,#VALUE!,#VALUE!,#,#VALUE!,#VALUE!,#VALUE!,#VALUE!,#VALUE!,#VALUE!,#,#VALUE!,#VALUE!,#VALUE!,#VALUE!,#VALUE!,#VALUE!,#,,,,,,,#,,,,,,,,,,,,,,
15 ,,,,,#,#VALUE!,#VALUE!,#VALUE!,#VALUE!,#VALUE!,#VALUE!,#,#VALUE!,#VALUE!,#VALUE!,#VALUE!,#VALUE!,#VALUE!,#,#VALUE!,#VALUE!,#VALUE!,#VALUE!,#VALUE!,#VALUE!,#,#VALUE!,#VALUE!,#VALUE!,#VALUE!,#VALUE!,#VALUE!,#,#VALUE!,#VALUE!,#VALUE!,#VALUE!,#VALUE!,#VALUE!,#,#VALUE!,#VALUE!,#VALUE!,#VALUE!,#VALUE!,#VALUE!,#,#VALUE!,#VALUE!,#VALUE!,#VALUE!,#VALUE!,#VALUE!,#,#VALUE!,#VALUE!,#VALUE!,#VALUE!,#VALUE!,#VALUE!,#,#VALUE!,#VALUE!,#VALUE!,#VALUE!,#VALUE!,#VALUE!,#,#VALUE!,#VALUE!,#VALUE!,#VALUE!,#VALUE!,#VALUE!,#,#VALUE!,#VALUE!,#VALUE!,#VALUE!,#VALUE!,#VALUE!,#,#VALUE!,#VALUE!,#VALUE!,#VALUE!,#VALUE!,#VALUE!,#,#VALUE!,#VALUE!,#VALUE!,#VALUE!,#VALUE!,#VALUE!,#,#VALUE!,#VALUE!,#VALUE!,#VALUE!,#VALUE!,#VALUE!,#,#VALUE!,#VALUE!,#VALUE!,#VALUE!,#VALUE!,#VALUE!,#,#VALUE!,#VALUE!,#VALUE!,#VALUE!,#VALUE!,#VALUE!,#,#VALUE!,#VALUE!,#VALUE!,#VALUE!,#VALUE!,#VALUE!,#,#VALUE!,#VALUE!,#VALUE!,#VALUE!,#VALUE!,#VALUE!,#,#VALUE!,#VALUE!,#VALUE!,#VALUE!,#VALUE!,#VALUE!,#,#VALUE!,#VALUE!,#VALUE!,#VALUE!,#VALUE!,#VALUE!,#,#VALUE!,#VALUE!,#VALUE!,#VALUE!,#VALUE!,#VALUE!,#,#VALUE!,#VALUE!,#VALUE!,#VALUE!,#VALUE!,#VALUE!,#,#VALUE!,#VALUE!,#VALUE!,#VALUE!,#VALUE!,#VALUE!,#,#VALUE!,#VALUE!,#VALUE!,#VALUE!,#VALUE!,#VALUE!,#,#VALUE!,#VALUE!,#VALUE!,#VALUE!,#VALUE!,#VALUE!,#,#VALUE!,#VALUE!,#VALUE!,#VALUE!,#VALUE!,#VALUE!,#,#VALUE!,#VALUE!,#VALUE!,#VALUE!,#VALUE!,#VALUE!,#,#VALUE!,#VALUE!,#VALUE!,#VALUE!,#VALUE!,#VALUE!,#,#VALUE!,#VALUE!,#VALUE!,#VALUE!,#VALUE!,#VALUE!,#,#VALUE!,#VALUE!,#VALUE!,#VALUE!,#VALUE!,#VALUE!,#,#VALUE!,#VALUE!,#VALUE!,#VALUE!,#VALUE!,#VALUE!,#,#VALUE!,#VALUE!,#VALUE!,#VALUE!,#VALUE!,#VALUE!,#,,,,,,,,,,,,,,,