,,12/09/20_),,,,,,,,,,,,,,,,,,,,,,,,,,,,,,12/09/20_),,,,,,,,,,,,,,,,,,,,,,,,,,,,,,,12/09/20_),,,,,,,,,,,,,,,,,,,,,,,,,,,,,,12/09/20_),,,,,,,,,,,,,,,,,,,,,,,,,,,,,,,12/09/20_),,,,,,,,,,,,,,,,,,,,,,,,,,,,,,,12/09/20_),,,,,,,,,,,,,,,,,,,,,,,,,,,,,,12/09/20_),,,,,,,,,,,,,,,,,,,,,,,,,,,,,,,12/09/20_),,,,,,,,,,,,,,,,,,,,,,,,,,,,, ,12/09/20_),,,,,,,,,,,,,,,,,,,,,,,,,,,,,
,,04:35 PM_),,,,,,,,,,,,,,,,,,,,,,,,,,,,,,04:35 PM_),,,,,,,,,,,,,,,,,,,,,,,,,,,,,,,04:35 PM_),,,,,,,,,,,,,,,,,,,,,,,,,,,,,,04:35 PM_),,,,,,,,,,,,,,,,,,,,,,,,,,,,,,,04:35 PM_),,,,,,,,,,,,,,,,,,,,,,,,,,,,,,,04:35 PM_),,,,,,,,,,,,,,,,,,,,,,,,,,,,,,04:35 PM_),,,,,,,,,,,,,,,,,,,,,,,,,,,,,,,04:35 PM_),,,,,,,,,,,,,,,,,,,,,,,,,,,,,,04:35 PM_),,,,,,,,,,,,,,,,,,,,,,,,,,,,,
,,Record of: CORN FOR GRAIN   Commodity Code: 110   State:  North Dakota  ,,,,,,,,,,,,,,,,,,,,,,,,,,,,,,Record of: CORN FOR GRAIN   Commodity Code: 110   State:  North Dakota  ,,,,,,,,,,,,,,,,,,,,,,,,,,,,,,,Record of: CORN FOR GRAIN   Commodity Code: 110   State:  North Dakota  ,,,,,,,,,,,,,,,,,,,,,,,,,,,,,,Record of: CORN FOR GRAIN   Commodity Code: 110   State:  North Dakota  ,,,,,,,,,,,,,,,,,,,,,,,,,,,,,,,Record of: CORN FOR GRAIN   Commodity Code: 110   State:  North Dakota  ,,,,,,,,,,,,,,,,,,,,,,,,,,,,,,,Record of: CORN FOR GRAIN   Commodity Code: 110   State:  North Dakota  ,,,,,,,,,,,,,,,,,,,,,,,,,,,,,,Record of: CORN FOR GRAIN   Commodity Code: 110   State:  North Dakota  ,,,,,,,,,,,,,,,,,,,,,,,,,,,,,,,Record of: CORN FOR GRAIN   Commodity Code: 110   State:  North Dakota  ,,,,,,,,,,,,,,,,,,,,,,,,,,,,,,Record of: CORN FOR GRAIN   Commodity Code: 110   State:  North Dakota  ,,,,,,,,,,,,,,,,,,,,,,,,,,,,,
,,Stage: HARVESTED,,,,,,,,,,,,,,,,,,,,,,,,,,,,,,Stage: HARVESTED,,,,,,,,,,,,,,,,,,,,,,,,,,,,,,,Stage: HARVESTED,,,,,,,,,,,,,,,,,,,,,,,,,,,,,,Stage: HARVESTED,,,,,,,,,,,,,,,,,,,,,,,,,,,,,,,Stage: HARVESTED,,,,,,,,,,,,,,,,,,,,,,,,,,,,,,,Stage: HARVESTED,,,,,,,,,,,,,,,,,,,,,,,,,,,,,,Stage: HARVESTED,,,,,,,,,,,,,,,,,,,,,,,,,,,,,,,Stage: HARVESTED,,,,,,,,,,,,,,,,,,,,,,,,,,,,,,Stage: HARVESTED,,,,,,,,,,,,,,,,,,,,,,,,,,,,,
,,h:\groups\estimate\cropweat\booksect\corn.xls,,,,,,,,,,,,,,,,,,,,,,,,,,,,,,h:\groups\estimate\cropweat\booksect\corn.xls,,,,,,,,,,,,,,,,,,,,,,,,,,,,,,,h:\groups\estimate\cropweat\booksect\corn.xls,,,,,,,,,,,,,,,,,,,,,,,,,,,,,,h:\groups\estimate\cropweat\booksect\corn.xls,,,,,,,,,,,,,,,,,,,,,,,,,,,,,,,h:\groups\estimate\cropweat\booksect\corn.xls,,,,,,,,,,,,,,,,,,,,,,,,,,,,,,,h:\groups\estimate\cropweat\booksect\corn.xls,,,,,,,,,,,,,,,,,,,,,,,,,,,,,,h:\groups\estimate\cropweat\booksect\corn.xls,,,,,,,,,,,,,,,,,,,,,,,,,,,,,,,h:\groups\estimate\cropweat\booksect\corn.xls,,,,,,,,,,,,,,,,,,,,,,,,,,,,,,h:\groups\estimate\cropweat\booksect\corn.xls,,,,,,,,,,,,,,,,,,,,,,,,,,,,,
,April,,,,,,,,,,,,,,,,,,,,,,,,,,,,,,May,,,,,,,,,,,,,,,,,,,,,,,,,,,,,,,June,,,,,,,,,,,,,,,,,,,,,,,,,,,,,,July,,,,,,,,,,,,,,,,,,,,,,,,,,,,,,,August,,,,,,,,,,,,,,,,,,,,,,,,,,,,,,,September,,,,,,,,,,,,,,,,,,,,,,,,,,,,,,October,,,,,,,,,,,,,,,,,,,,,,,,,,,,,,,November,,,,,,,,,,,,,,,,,,,,,,,,,,,,,,December,,,,,,,,,,,,,,,,,,,,,,,,,,,,,,
Year,1 ,2 ,3 ,4 ,5 ,6 ,7 ,8 ,9 ,10 ,11 ,12 ,13 ,14 ,15 ,16 ,17 ,18 ,19 ,20 ,21 ,22 ,23 ,24 ,25 ,26 ,27 ,28 ,29 ,30 ,1 ,2 ,3 ,4 ,5 ,6 ,7 ,8 ,9 ,10 ,11 ,12 ,13 ,14 ,15 ,16 ,17 ,18 ,19 ,20 ,21 ,22 ,23 ,24 ,25 ,26 ,27 ,28 ,29 ,30 ,31 ,1 ,2 ,3 ,4 ,5 ,6 ,7 ,8 ,9 ,10 ,11 ,12 ,13 ,14 ,15 ,16 ,17 ,18 ,19 ,20 ,21 ,22 ,23 ,24 ,25 ,26 ,27 ,28 ,29 ,30 ,1 ,2 ,3 ,4 ,5 ,6 ,7 ,8 ,9 ,10 ,11 ,12 ,13 ,14 ,15 ,16 ,17 ,18 ,19 ,20 ,21 ,22 ,23 ,24 ,25 ,26 ,27 ,28 ,29 ,30 ,31 ,1 ,2 ,3 ,4 ,5 ,6 ,7 ,8 ,9 ,10 ,11 ,12 ,13 ,14 ,15 ,16 ,17 ,18 ,19 ,20 ,21 ,22 ,23 ,24 ,25 ,26 ,27 ,28 ,29 ,30 ,31 ,1 ,2 ,3 ,4 ,5 ,6 ,7 ,8 ,9 ,10 ,11 ,12 ,13 ,14 ,15 ,16 ,17 ,18 ,19 ,20 ,21 ,22 ,23 ,24 ,25 ,26 ,27 ,28 ,29 ,30 ,1 ,2 ,3 ,4 ,5 ,6 ,7 ,8 ,9 ,10 ,11 ,12 ,13 ,14 ,15 ,16 ,17 ,18 ,19 ,20 ,21 ,22 ,23 ,24 ,25 ,26 ,27 ,28 ,29 ,30 ,31 ,1 ,2 ,3 ,4 ,5 ,6 ,7 ,8 ,9 ,10 ,11 ,12 ,13 ,14 ,15 ,16 ,17 ,18 ,19 ,20 ,21 ,22 ,23 ,24 ,25 ,26 ,27 ,28 ,29 ,30 ,1 ,2 ,3 ,4 ,5 ,6 ,7 ,8 ,9 ,10 ,11 ,12 ,13 ,14 ,15 ,16 ,17 ,18 ,19 ,20 ,21 ,22 ,23 ,24 ,25 ,26 ,27 ,28 ,29 ,30 ,31 
85 ,,,,,,,#,#VALUE!,#VALUE!,#VALUE!,#VALUE!,#VALUE!,#VALUE!,#,#VALUE!,#VALUE!,#VALUE!,#VALUE!,#VALUE!,#VALUE!,#,#VALUE!,#VALUE!,#VALUE!,#VALUE!,#VALUE!,#VALUE!,#,#VALUE!,#VALUE!,#VALUE!,#VALUE!,#VALUE!,#VALUE!,#,#VALUE!,#VALUE!,#VALUE!,#VALUE!,#VALUE!,#VALUE!,#,#VALUE!,#VALUE!,#VALUE!,#VALUE!,#VALUE!,#VALUE!,#,#VALUE!,#VALUE!,#VALUE!,#VALUE!,#VALUE!,#VALUE!,#,#VALUE!,#VALUE!,#VALUE!,#VALUE!,#VALUE!,#VALUE!,#,#VALUE!,#VALUE!,#VALUE!,#VALUE!,#VALUE!,#VALUE!,#,#VALUE!,#VALUE!,#VALUE!,#VALUE!,#VALUE!,#VALUE!,#,#VALUE!,#VALUE!,#VALUE!,#VALUE!,#VALUE!,#VALUE!,#,#VALUE!,#VALUE!,#VALUE!,#VALUE!,#VALUE!,#VALUE!,#,#VALUE!,#VALUE!,#VALUE!,#VALUE!,#VALUE!,#VALUE!,#,#VALUE!,#VALUE!,#VALUE!,#VALUE!,#VALUE!,#VALUE!,#,#VALUE!,#VALUE!,#VALUE!,#VALUE!,#VALUE!,#VALUE!,#,#VALUE!,#VALUE!,#VALUE!,#VALUE!,#VALUE!,#VALUE!,#,#VALUE!,#VALUE!,#VALUE!,#VALUE!,#VALUE!,#VALUE!,#,#VALUE!,#VALUE!,#VALUE!,#VALUE!,#VALUE!,#VALUE!,#,#VALUE!,#VALUE!,#VALUE!,#VALUE!,#VALUE!,#VALUE!,#,#VALUE!,#VALUE!,#VALUE!,#VALUE!,#VALUE!,#VALUE!,#,#VALUE!,#VALUE!,#VALUE!,#VALUE!,#VALUE!,#VALUE!,0 , ,#VALUE!,#VALUE!,#VALUE!,#VALUE!,#VALUE!,0 , ,#VALUE!,#VALUE!,#VALUE!,#VALUE!,#VALUE!,0 , ,#VALUE!,#VALUE!,#VALUE!,#VALUE!,#VALUE!,0 ,,,,,,,0 ,0.4 ,0.9 ,1.3 ,1.7 ,2.1 ,2.6 ,3 ,3.3 ,3.6 ,3.9 ,4.1 ,4.4 ,4.7 ,5 ,7.1 ,9.3 ,11.4 ,13.6 ,15.7 ,17.9 ,20 ,21.4 ,22.9 ,24.3 ,25.7 ,27.1 ,28.6 ,30 ,35.0 ,40.0 ,45.0 ,50.0 ,55.0 ,60.0 ,65 ,66.6 ,68.1 ,69.7 ,71.3 ,72.9 ,74.4 ,76 ,,,,,,,,,,,,,,,,,,,,,#,#VALUE!,#VALUE!,#VALUE!,#VALUE!,#VALUE!,#VALUE!,#,#VALUE!,#VALUE!,#VALUE!,#VALUE!,#VALUE!,#VALUE!,#,#VALUE!,#VALUE!,#VALUE!,#VALUE!,#VALUE!,#VALUE!,#,,,,,,,#,#VALUE!,#VALUE!
86 ,,,,,,#,#VALUE!,#VALUE!,#VALUE!,#VALUE!,#VALUE!,#VALUE!,#,#VALUE!,#VALUE!,#VALUE!,#VALUE!,#VALUE!,#VALUE!,#,#VALUE!,#VALUE!,#VALUE!,#VALUE!,#VALUE!,#VALUE!,#,#VALUE!,#VALUE!,#VALUE!,#VALUE!,#VALUE!,#VALUE!,#,#VALUE!,#VALUE!,#VALUE!,#VALUE!,#VALUE!,#VALUE!,#,#VALUE!,#VALUE!,#VALUE!,#VALUE!,#VALUE!,#VALUE!,#,#VALUE!,#VALUE!,#VALUE!,#VALUE!,#VALUE!,#VALUE!,#,#VALUE!,#VALUE!,#VALUE!,#VALUE!,#VALUE!,#VALUE!,#,#VALUE!,#VALUE!,#VALUE!,#VALUE!,#VALUE!,#VALUE!,#,#VALUE!,#VALUE!,#VALUE!,#VALUE!,#VALUE!,#VALUE!,#,#VALUE!,#VALUE!,#VALUE!,#VALUE!,#VALUE!,#VALUE!,#,#VALUE!,#VALUE!,#VALUE!,#VALUE!,#VALUE!,#VALUE!,#,#VALUE!,#VALUE!,#VALUE!,#VALUE!,#VALUE!,#VALUE!,#,#VALUE!,#VALUE!,#VALUE!,#VALUE!,#VALUE!,#VALUE!,#,#VALUE!,#VALUE!,#VALUE!,#VALUE!,#VALUE!,#VALUE!,#,#VALUE!,#VALUE!,#VALUE!,#VALUE!,#VALUE!,#VALUE!,#,#VALUE!,#VALUE!,#VALUE!,#VALUE!,#VALUE!,#VALUE!,#,#VALUE!,#VALUE!,#VALUE!,#VALUE!,#VALUE!,#VALUE!,#,#VALUE!,#VALUE!,#VALUE!,#VALUE!,#VALUE!,#VALUE!,#,#VALUE!,#VALUE!,#VALUE!,#VALUE!,#VALUE!,#VALUE!,#,#VALUE!,#VALUE!,#VALUE!,#VALUE!,#VALUE!,#VALUE!,0 , ,#VALUE!,#VALUE!,#VALUE!,#VALUE!,#VALUE!,0 , ,#VALUE!,#VALUE!,#VALUE!,#VALUE!,#VALUE!,0 , ,#VALUE!,#VALUE!,#VALUE!,#VALUE!,#VALUE!,0 ,,,,,,,0 ,0.1 ,0.3 ,0.4 ,0.6 ,0.7 ,0.9 ,1 ,1.9 ,2.7 ,3.6 ,4.4 ,5.3 ,6.1 ,7 ,9.0 ,11.0 ,13.0 ,15.0 ,17.0 ,19.0 ,21 ,24.4 ,27.9 ,31.3 ,34.7 ,38.1 ,41.6 ,45 ,48.7 ,52.4 ,56.1 ,59.9 ,63.6 ,67.3 ,71 ,73.7 ,76.4 ,79.1 ,81.9 ,84.6 ,87.3 ,90 ,,,,,,,,,,,,,,,,,,,,,,#VALUE!,#VALUE!,#VALUE!,#VALUE!,#VALUE!,#VALUE!,#,#VALUE!,#VALUE!,#VALUE!,#VALUE!,#VALUE!,#VALUE!,#,#VALUE!,#VALUE!,#VALUE!,#VALUE!,#VALUE!,#VALUE!,#,,,,,,,#,#VALUE!,#VALUE!,#VALUE!
87 ,,,,,#,#VALUE!,#VALUE!,#VALUE!,#VALUE!,#VALUE!,#VALUE!,#,#VALUE!,#VALUE!,#VALUE!,#VALUE!,#VALUE!,#VALUE!,#,#VALUE!,#VALUE!,#VALUE!,#VALUE!,#VALUE!,#VALUE!,#,#VALUE!,#VALUE!,#VALUE!,#VALUE!,#VALUE!,#VALUE!,#,#VALUE!,#VALUE!,#VALUE!,#VALUE!,#VALUE!,#VALUE!,#,#VALUE!,#VALUE!,#VALUE!,#VALUE!,#VALUE!,#VALUE!,#,#VALUE!,#VALUE!,#VALUE!,#VALUE!,#VALUE!,#VALUE!,#,#VALUE!,#VALUE!,#VALUE!,#VALUE!,#VALUE!,#VALUE!,#,#VALUE!,#VALUE!,#VALUE!,#VALUE!,#VALUE!,#VALUE!,#,#VALUE!,#VALUE!,#VALUE!,#VALUE!,#VALUE!,#VALUE!,#,#VALUE!,#VALUE!,#VALUE!,#VALUE!,#VALUE!,#VALUE!,#,#VALUE!,#VALUE!,#VALUE!,#VALUE!,#VALUE!,#VALUE!,#,#VALUE!,#VALUE!,#VALUE!,#VALUE!,#VALUE!,#VALUE!,#,#VALUE!,#VALUE!,#VALUE!,#VALUE!,#VALUE!,#VALUE!,#,#VALUE!,#VALUE!,#VALUE!,#VALUE!,#VALUE!,#VALUE!,#,#VALUE!,#VALUE!,#VALUE!,#VALUE!,#VALUE!,#VALUE!,#,#VALUE!,#VALUE!,#VALUE!,#VALUE!,#VALUE!,#VALUE!,#,#VALUE!,#VALUE!,#VALUE!,#VALUE!,#VALUE!,#VALUE!,#,#VALUE!,#VALUE!,#VALUE!,#VALUE!,#VALUE!,#VALUE!,#,#VALUE!,#VALUE!,#VALUE!,#VALUE!,#VALUE!,#VALUE!,#,#VALUE!,#VALUE!,#VALUE!,#VALUE!,#VALUE!,#VALUE!,0 , ,#VALUE!,#VALUE!,#VALUE!,#VALUE!,#VALUE!,0 , ,#VALUE!,#VALUE!,#VALUE!,#VALUE!,#VALUE!,0 ,,,,,,,0 ,0.4 ,0.9 ,1.3 ,1.7 ,2.1 ,2.6 ,3 ,4.6 ,6.1 ,7.7 ,9.3 ,10.9 ,12.4 ,14 ,17.1 ,20.3 ,23.4 ,26.6 ,29.7 ,32.9 ,36 ,39.3 ,42.6 ,45.9 ,49.1 ,52.4 ,55.7 ,59 ,62.9 ,66.7 ,70.6 ,74.4 ,78.3 ,82.1 ,86 ,87.6 ,89.1 ,90.7 ,92.3 ,93.9 ,95.4 ,97 ,97.4 ,97.9 ,98.3 ,98.7 ,99.1 ,99.6 ,100 ,100.0 ,100.0 ,100.0 ,100.0 ,100.0 ,100.0 ,100 ,,,,,,,,,,,,,,,,#VALUE!,#VALUE!,#VALUE!,#VALUE!,#VALUE!,#,#VALUE!,#VALUE!,#VALUE!,#VALUE!,#VALUE!,#VALUE!,#,,,,,,,#,#VALUE!,#VALUE!,#VALUE!,#VALUE!,#VALUE!,#VALUE!,#,#VALUE!,#VALUE!,#VALUE!,#VALUE!
88 ,,,#,#VALUE!,#VALUE!,#VALUE!,#VALUE!,#VALUE!,#VALUE!,#,#VALUE!,#VALUE!,#VALUE!,#VALUE!,#VALUE!,#VALUE!,#,#VALUE!,#VALUE!,#VALUE!,#VALUE!,#VALUE!,#VALUE!,#,#VALUE!,#VALUE!,#VALUE!,#VALUE!,#VALUE!,#VALUE!,#,#VALUE!,#VALUE!,#VALUE!,#VALUE!,#VALUE!,#VALUE!,#,#VALUE!,#VALUE!,#VALUE!,#VALUE!,#VALUE!,#VALUE!,#,#VALUE!,#VALUE!,#VALUE!,#VALUE!,#VALUE!,#VALUE!,#,#VALUE!,#VALUE!,#VALUE!,#VALUE!,#VALUE!,#VALUE!,#,#VALUE!,#VALUE!,#VALUE!,#VALUE!,#VALUE!,#VALUE!,#,#VALUE!,#VALUE!,#VALUE!,#VALUE!,#VALUE!,#VALUE!,#,#VALUE!,#VALUE!,#VALUE!,#VALUE!,#VALUE!,#VALUE!,#,#VALUE!,#VALUE!,#VALUE!,#VALUE!,#VALUE!,#VALUE!,#,#VALUE!,#VALUE!,#VALUE!,#VALUE!,#VALUE!,#VALUE!,#,#VALUE!,#VALUE!,#VALUE!,#VALUE!,#VALUE!,#VALUE!,#,#VALUE!,#VALUE!,#VALUE!,#VALUE!,#VALUE!,#VALUE!,#,#VALUE!,#VALUE!,#VALUE!,#VALUE!,#VALUE!,#VALUE!,#,#VALUE!,#VALUE!,#VALUE!,#VALUE!,#VALUE!,#VALUE!,#,#VALUE!,#VALUE!,#VALUE!,#VALUE!,#VALUE!,#VALUE!,#,#VALUE!,#VALUE!,#VALUE!,#VALUE!,#VALUE!,#VALUE!,#,#VALUE!,#VALUE!,#VALUE!,#VALUE!,#VALUE!,#VALUE!,#,#VALUE!,#VALUE!,#VALUE!,#VALUE!,#VALUE!,#VALUE!,0 ,,,,,,,0 ,0.4 ,0.9 ,1.3 ,1.7 ,2.1 ,2.6 ,3 ,4.0 ,5.0 ,6.0 ,7.0 ,8.0 ,9.0 ,10 ,13.4 ,16.9 ,20.3 ,23.7 ,27.1 ,30.6 ,34 ,35.3 ,36.6 ,37.9 ,39.1 ,40.4 ,41.7 ,43 ,45.7 ,48.4 ,51.1 ,53.9 ,56.6 ,59.3 ,62 ,64.6 ,67.1 ,69.7 ,72.3 ,74.9 ,77.4 ,80 ,81.9 ,83.7 ,85.6 ,87.4 ,89.3 ,91.1 ,93 ,93.7 ,94.4 ,95.1 ,95.9 ,96.6 ,97.3 ,98 ,98.3 ,98.6 ,98.9 ,99.1 ,99.4 ,99.7 ,100 ,100.0 ,100.0 ,100.0 ,100.0 ,100.0 ,100.0 ,100 ,,,,,,,,,,,,,,,,,,,,,#,#VALUE!,#VALUE!,#VALUE!,#VALUE!,#VALUE!,#VALUE!,#,,,,,,,#,#VALUE!,#VALUE!,#VALUE!,#VALUE!,#VALUE!,#VALUE!,#,#VALUE!,#VALUE!,#VALUE!,#VALUE!,#VALUE!,#VALUE!
89 ,,#,#VALUE!,#VALUE!,#VALUE!,#VALUE!,#VALUE!,#VALUE!,#,#VALUE!,#VALUE!,#VALUE!,#VALUE!,#VALUE!,#VALUE!,#,#VALUE!,#VALUE!,#VALUE!,#VALUE!,#VALUE!,#VALUE!,#,#VALUE!,#VALUE!,#VALUE!,#VALUE!,#VALUE!,#VALUE!,#,#VALUE!,#VALUE!,#VALUE!,#VALUE!,#VALUE!,#VALUE!,#,#VALUE!,#VALUE!,#VALUE!,#VALUE!,#VALUE!,#VALUE!,#,#VALUE!,#VALUE!,#VALUE!,#VALUE!,#VALUE!,#VALUE!,#,#VALUE!,#VALUE!,#VALUE!,#VALUE!,#VALUE!,#VALUE!,#,#VALUE!,#VALUE!,#VALUE!,#VALUE!,#VALUE!,#VALUE!,#,#VALUE!,#VALUE!,#VALUE!,#VALUE!,#VALUE!,#VALUE!,#,#VALUE!,#VALUE!,#VALUE!,#VALUE!,#VALUE!,#VALUE!,#,#VALUE!,#VALUE!,#VALUE!,#VALUE!,#VALUE!,#VALUE!,#,#VALUE!,#VALUE!,#VALUE!,#VALUE!,#VALUE!,#VALUE!,#,#VALUE!,#VALUE!,#VALUE!,#VALUE!,#VALUE!,#VALUE!,#,#VALUE!,#VALUE!,#VALUE!,#VALUE!,#VALUE!,#VALUE!,#,#VALUE!,#VALUE!,#VALUE!,#VALUE!,#VALUE!,#VALUE!,#,#VALUE!,#VALUE!,#VALUE!,#VALUE!,#VALUE!,#VALUE!,#,#VALUE!,#VALUE!,#VALUE!,#VALUE!,#VALUE!,#VALUE!,#,#VALUE!,#VALUE!,#VALUE!,#VALUE!,#VALUE!,#VALUE!,#,#VALUE!,#VALUE!,#VALUE!,#VALUE!,#VALUE!,#VALUE!,#,#VALUE!,#VALUE!,#VALUE!,#VALUE!,#VALUE!,#VALUE!,0 , ,#VALUE!,#VALUE!,#VALUE!,#VALUE!,#VALUE!,0 ,,,,,,,0 ,0.4 ,0.9 ,1.3 ,1.7 ,2.1 ,2.6 ,3 ,3.1 ,3.3 ,3.4 ,3.6 ,3.7 ,3.9 ,4 ,4.4 ,4.9 ,5.3 ,5.7 ,6.1 ,6.6 ,7 ,9.3 ,11.6 ,13.9 ,16.1 ,18.4 ,20.7 ,23 ,27.1 ,31.3 ,35.4 ,39.6 ,43.7 ,47.9 ,52 ,55.9 ,59.7 ,63.6 ,67.4 ,71.3 ,75.1 ,79 ,81.4 ,83.9 ,86.3 ,88.7 ,91.1 ,93.6 ,96 ,96.4 ,96.9 ,97.3 ,97.7 ,98.1 ,98.6 ,99 ,99.1 ,99.3 ,99.4 ,99.6 ,99.7 ,99.9 ,100 ,,,,,,,,,,,,,,,,,,, ,#VALUE!,#,,,,,,,#,#VALUE!,,,,,,#,#VALUE!,#VALUE!,#VALUE!,#VALUE!,#VALUE!,#VALUE!,#,#VALUE!,#VALUE!,#VALUE!,#VALUE!,#VALUE!,#VALUE!,#
90 ,#,#VALUE!,#VALUE!,#VALUE!,#VALUE!,#VALUE!,#VALUE!,#,#VALUE!,#VALUE!,#VALUE!,#VALUE!,#VALUE!,#VALUE!,#,#VALUE!,#VALUE!,#VALUE!,#VALUE!,#VALUE!,#VALUE!,#,#VALUE!,#VALUE!,#VALUE!,#VALUE!,#VALUE!,#VALUE!,#,#VALUE!,#VALUE!,#VALUE!,#VALUE!,#VALUE!,#VALUE!,#,#VALUE!,#VALUE!,#VALUE!,#VALUE!,#VALUE!,#VALUE!,#,#VALUE!,#VALUE!,#VALUE!,#VALUE!,#VALUE!,#VALUE!,#,#VALUE!,#VALUE!,#VALUE!,#VALUE!,#VALUE!,#VALUE!,#,#VALUE!,#VALUE!,#VALUE!,#VALUE!,#VALUE!,#VALUE!,#,#VALUE!,#VALUE!,#VALUE!,#VALUE!,#VALUE!,#VALUE!,#,#VALUE!,#VALUE!,#VALUE!,#VALUE!,#VALUE!,#VALUE!,#,#VALUE!,#VALUE!,#VALUE!,#VALUE!,#VALUE!,#VALUE!,#,#VALUE!,#VALUE!,#VALUE!,#VALUE!,#VALUE!,#VALUE!,#,#VALUE!,#VALUE!,#VALUE!,#VALUE!,#VALUE!,#VALUE!,#,#VALUE!,#VALUE!,#VALUE!,#VALUE!,#VALUE!,#VALUE!,#,#VALUE!,#VALUE!,#VALUE!,#VALUE!,#VALUE!,#VALUE!,#,#VALUE!,#VALUE!,#VALUE!,#VALUE!,#VALUE!,#VALUE!,#,#VALUE!,#VALUE!,#VALUE!,#VALUE!,#VALUE!,#VALUE!,#,#VALUE!,#VALUE!,#VALUE!,#VALUE!,#VALUE!,#VALUE!,#,#VALUE!,#VALUE!,#VALUE!,#VALUE!,#VALUE!,#VALUE!,#,#VALUE!,#VALUE!,#VALUE!,#VALUE!,#VALUE!,#VALUE!,0 , ,#VALUE!,#VALUE!,#VALUE!,#VALUE!,#VALUE!,0 , ,#VALUE!,#VALUE!,#VALUE!,#VALUE!,#VALUE!,0 , ,#VALUE!,#VALUE!,#VALUE!,#VALUE!,#VALUE!,0 ,,,,,,,0 ,0.4 ,0.9 ,1.3 ,1.7 ,2.1 ,2.6 ,3 ,3.9 ,4.7 ,5.6 ,6.4 ,7.3 ,8.1 ,9 ,12.3 ,15.6 ,18.9 ,22.1 ,25.4 ,28.7 ,32 ,35.1 ,38.3 ,41.4 ,44.6 ,47.7 ,50.9 ,54 ,57.7 ,61.4 ,65.1 ,68.9 ,72.6 ,76.3 ,80 ,82.6 ,85.1 ,87.7 ,90.3 ,92.9 ,95.4 ,98 ,98.3 ,98.6 ,98.9 ,99.1 ,99.4 ,99.7 ,100 ,,,,,,,,,,,,,,,,,,,,#VALUE!,#,#VALUE!,#VALUE!,#VALUE!,#VALUE!,#VALUE!,#VALUE!,#,#VALUE!,#VALUE!,,,, ,#,,,,,,,#,#VALUE!,#VALUE!,#VALUE!,#VALUE!,#VALUE!,#VALUE!,#,#VALUE!
91 ,,,,,,,#,#VALUE!,#VALUE!,#VALUE!,#VALUE!,#VALUE!,#VALUE!,#,#VALUE!,#VALUE!,#VALUE!,#VALUE!,#VALUE!,#VALUE!,#,#VALUE!,#VALUE!,#VALUE!,#VALUE!,#VALUE!,#VALUE!,#,#VALUE!,#VALUE!,#VALUE!,#VALUE!,#VALUE!,#VALUE!,#,#VALUE!,#VALUE!,#VALUE!,#VALUE!,#VALUE!,#VALUE!,#,#VALUE!,#VALUE!,#VALUE!,#VALUE!,#VALUE!,#VALUE!,#,#VALUE!,#VALUE!,#VALUE!,#VALUE!,#VALUE!,#VALUE!,#,#VALUE!,#VALUE!,#VALUE!,#VALUE!,#VALUE!,#VALUE!,#,#VALUE!,#VALUE!,#VALUE!,#VALUE!,#VALUE!,#VALUE!,#,#VALUE!,#VALUE!,#VALUE!,#VALUE!,#VALUE!,#VALUE!,#,#VALUE!,#VALUE!,#VALUE!,#VALUE!,#VALUE!,#VALUE!,#,#VALUE!,#VALUE!,#VALUE!,#VALUE!,#VALUE!,#VALUE!,#,#VALUE!,#VALUE!,#VALUE!,#VALUE!,#VALUE!,#VALUE!,#,#VALUE!,#VALUE!,#VALUE!,#VALUE!,#VALUE!,#VALUE!,#,#VALUE!,#VALUE!,#VALUE!,#VALUE!,#VALUE!,#VALUE!,#,#VALUE!,#VALUE!,#VALUE!,#VALUE!,#VALUE!,#VALUE!,#,#VALUE!,#VALUE!,#VALUE!,#VALUE!,#VALUE!,#VALUE!,#,#VALUE!,#VALUE!,#VALUE!,#VALUE!,#VALUE!,#VALUE!,#,#VALUE!,#VALUE!,#VALUE!,#VALUE!,#VALUE!,#VALUE!,#,#VALUE!,#VALUE!,#VALUE!,#VALUE!,#VALUE!,#VALUE!,0 ,,,,,,,0 ,0.3 ,0.6 ,0.9 ,1.1 ,1.4 ,1.7 ,2 ,3.1 ,4.3 ,5.4 ,6.6 ,7.7 ,8.9 ,10 ,12.1 ,14.3 ,16.4 ,18.6 ,20.7 ,22.9 ,25 ,27.4 ,29.9 ,32.3 ,34.7 ,37.1 ,39.6 ,42 ,46.0 ,50.0 ,54.0 ,58.0 ,62.0 ,66.0 ,70 ,73.1 ,76.3 ,79.4 ,82.6 ,85.7 ,88.9 ,92 ,92.6 ,93.1 ,93.7 ,94.3 ,94.9 ,95.4 ,96 ,96.4 ,96.9 ,97.3 ,97.7 ,98.1 ,98.6 ,99 ,99.1 ,99.3 ,99.4 ,99.6 ,99.7 ,99.9 ,100 ,100.0 ,100.0 ,100.0 ,100.0 ,100.0 ,100.0 ,100 ,100.0 ,100.0 ,100.0 ,100.0 ,100.0 ,100.0 ,100 ,,,,,,,,,,,,,,#,#VALUE!,#VALUE!,#VALUE!,#VALUE!,#VALUE!,#VALUE!,#,#VALUE!,,,,,,#,#VALUE!,#VALUE!,#VALUE!,#VALUE!,#VALUE!,#VALUE!,#,#VALUE!,#VALUE!,#VALUE!,#VALUE!,#VALUE!,#VALUE!,#,#VALUE!,#VALUE!
92 ,,,,,#,#VALUE!,#VALUE!,#VALUE!,#VALUE!,#VALUE!,#VALUE!,#,#VALUE!,#VALUE!,#VALUE!,#VALUE!,#VALUE!,#VALUE!,#,#VALUE!,#VALUE!,#VALUE!,#VALUE!,#VALUE!,#VALUE!,#,#VALUE!,#VALUE!,#VALUE!,#VALUE!,#VALUE!,#VALUE!,#,#VALUE!,#VALUE!,#VALUE!,#VALUE!,#VALUE!,#VALUE!,#,#VALUE!,#VALUE!,#VALUE!,#VALUE!,#VALUE!,#VALUE!,#,#VALUE!,#VALUE!,#VALUE!,#VALUE!,#VALUE!,#VALUE!,#,#VALUE!,#VALUE!,#VALUE!,#VALUE!,#VALUE!,#VALUE!,#,#VALUE!,#VALUE!,#VALUE!,#VALUE!,#VALUE!,#VALUE!,#,#VALUE!,#VALUE!,#VALUE!,#VALUE!,#VALUE!,#VALUE!,#,#VALUE!,#VALUE!,#VALUE!,#VALUE!,#VALUE!,#VALUE!,#,#VALUE!,#VALUE!,#VALUE!,#VALUE!,#VALUE!,#VALUE!,#,#VALUE!,#VALUE!,#VALUE!,#VALUE!,#VALUE!,#VALUE!,#,#VALUE!,#VALUE!,#VALUE!,#VALUE!,#VALUE!,#VALUE!,#,#VALUE!,#VALUE!,#VALUE!,#VALUE!,#VALUE!,#VALUE!,#,#VALUE!,#VALUE!,#VALUE!,#VALUE!,#VALUE!,#VALUE!,#,#VALUE!,#VALUE!,#VALUE!,#VALUE!,#VALUE!,#VALUE!,#,#VALUE!,#VALUE!,#VALUE!,#VALUE!,#VALUE!,#VALUE!,#,#VALUE!,#VALUE!,#VALUE!,#VALUE!,#VALUE!,#VALUE!,#,#VALUE!,#VALUE!,#VALUE!,#VALUE!,#VALUE!,#VALUE!,0 , ,#VALUE!,#VALUE!,#VALUE!,#VALUE!,#VALUE!,0 , ,#VALUE!,#VALUE!,#VALUE!,#VALUE!,#VALUE!,0 , ,#VALUE!,#VALUE!,#VALUE!,#VALUE!,#VALUE!,0 , ,#VALUE!,#VALUE!,#VALUE!,#VALUE!,#VALUE!,0 ,,,,,,,0 ,0.1 ,0.3 ,0.4 ,0.6 ,0.7 ,0.9 ,1 ,3.3 ,5.6 ,7.9 ,10.1 ,12.4 ,14.7 ,17 ,18.4 ,19.9 ,21.3 ,22.7 ,24.1 ,25.6 ,27 ,29.7 ,32.4 ,35.1 ,37.9 ,40.6 ,43.3 ,46 ,48.9 ,51.7 ,54.6 ,57.4 ,60.3 ,63.1 ,66 ,66.4 ,66.9 ,67.3 ,67.7 ,68.1 ,68.6 ,69 ,70.0 ,71.0 ,72.0 ,73.0 ,74.0 ,75.0 ,76 ,,,,,79.0 ,,,,,,,,,85.0 ,85.0 ,, ,#VALUE!,#VALUE!,#VALUE!,90 ,,,,,,,#,#VALUE!,#VALUE!,#VALUE!,#VALUE!,#VALUE!,#VALUE!,#,,,,,,,#,#VALUE!,#VALUE!,#VALUE!,#VALUE!
93 ,,,,#,#VALUE!,#VALUE!,#VALUE!,#VALUE!,#VALUE!,#VALUE!,#,#VALUE!,#VALUE!,#VALUE!,#VALUE!,#VALUE!,#VALUE!,#,#VALUE!,#VALUE!,#VALUE!,#VALUE!,#VALUE!,#VALUE!,#,#VALUE!,#VALUE!,#VALUE!,#VALUE!,#VALUE!,#VALUE!,#,#VALUE!,#VALUE!,#VALUE!,#VALUE!,#VALUE!,#VALUE!,#,#VALUE!,#VALUE!,#VALUE!,#VALUE!,#VALUE!,#VALUE!,#,#VALUE!,#VALUE!,#VALUE!,#VALUE!,#VALUE!,#VALUE!,#,#VALUE!,#VALUE!,#VALUE!,#VALUE!,#VALUE!,#VALUE!,#,#VALUE!,#VALUE!,#VALUE!,#VALUE!,#VALUE!,#VALUE!,#,#VALUE!,#VALUE!,#VALUE!,#VALUE!,#VALUE!,#VALUE!,#,#VALUE!,#VALUE!,#VALUE!,#VALUE!,#VALUE!,#VALUE!,#,#VALUE!,#VALUE!,#VALUE!,#VALUE!,#VALUE!,#VALUE!,#,#VALUE!,#VALUE!,#VALUE!,#VALUE!,#VALUE!,#VALUE!,#,#VALUE!,#VALUE!,#VALUE!,#VALUE!,#VALUE!,#VALUE!,#,#VALUE!,#VALUE!,#VALUE!,#VALUE!,#VALUE!,#VALUE!,#,#VALUE!,#VALUE!,#VALUE!,#VALUE!,#VALUE!,#VALUE!,#,#VALUE!,#VALUE!,#VALUE!,#VALUE!,#VALUE!,#VALUE!,#,#VALUE!,#VALUE!,#VALUE!,#VALUE!,#VALUE!,#VALUE!,#,#VALUE!,#VALUE!,#VALUE!,#VALUE!,#VALUE!,#VALUE!,#,#VALUE!,#VALUE!,#VALUE!,#VALUE!,#VALUE!,#VALUE!,0 , ,#VALUE!,#VALUE!,#VALUE!,#VALUE!,#VALUE!,0 , ,#VALUE!,#VALUE!,#VALUE!,#VALUE!,#VALUE!,0 , ,#VALUE!,#VALUE!,#VALUE!,#VALUE!,#VALUE!,0 , ,#VALUE!,#VALUE!,#VALUE!,#VALUE!,#VALUE!,0 , ,#VALUE!,#VALUE!,#VALUE!,#VALUE!,#VALUE!,0 , ,,,,,,0 ,0.4 ,0.9 ,1.3 ,1.7 ,2.1 ,2.6 ,3 ,3.9 ,4.7 ,5.6 ,6.4 ,7.3 ,8.1 ,9 ,12.6 ,16.1 ,19.7 ,23.3 ,26.9 ,30.4 ,34 ,37.9 ,41.7 ,45.6 ,49.4 ,53.3 ,57.1 ,61 ,63.6 ,66.1 ,68.7 ,71.3 ,73.9 ,76.4 ,79 ,79.7 ,80.4 ,81.1 ,81.9 ,82.6 ,83.3 ,84 ,,,,,,85.0 ,,,,,,,,91.0 ,,92.0 ,93.0 ,94.0 ,95.0 ,96.0 ,97 ,97.3 ,97.6 ,97.9 ,#VALUE!,#VALUE!,#VALUE!,99 ,99.1 ,99.3 ,#VALUE!,#VALUE!,#VALUE!,#VALUE!,100 ,,#VALUE!,#VALUE!,#VALUE!,#VALUE!,#VALUE!,#,#VALUE!,,,,
94 ,,,#,#VALUE!,#VALUE!,#VALUE!,#VALUE!,#VALUE!,#VALUE!,#,#VALUE!,#VALUE!,#VALUE!,#VALUE!,#VALUE!,#VALUE!,#,#VALUE!,#VALUE!,#VALUE!,#VALUE!,#VALUE!,#VALUE!,#,#VALUE!,#VALUE!,#VALUE!,#VALUE!,#VALUE!,#VALUE!,#,#VALUE!,#VALUE!,#VALUE!,#VALUE!,#VALUE!,#VALUE!,#,#VALUE!,#VALUE!,#VALUE!,#VALUE!,#VALUE!,#VALUE!,#,#VALUE!,#VALUE!,#VALUE!,#VALUE!,#VALUE!,#VALUE!,#,#VALUE!,#VALUE!,#VALUE!,#VALUE!,#VALUE!,#VALUE!,#,#VALUE!,#VALUE!,#VALUE!,#VALUE!,#VALUE!,#VALUE!,#,#VALUE!,#VALUE!,#VALUE!,#VALUE!,#VALUE!,#VALUE!,#,#VALUE!,#VALUE!,#VALUE!,#VALUE!,#VALUE!,#VALUE!,#,#VALUE!,#VALUE!,#VALUE!,#VALUE!,#VALUE!,#VALUE!,#,#VALUE!,#VALUE!,#VALUE!,#VALUE!,#VALUE!,#VALUE!,#,#VALUE!,#VALUE!,#VALUE!,#VALUE!,#VALUE!,#VALUE!,#,#VALUE!,#VALUE!,#VALUE!,#VALUE!,#VALUE!,#VALUE!,#,#VALUE!,#VALUE!,#VALUE!,#VALUE!,#VALUE!,#VALUE!,#,#VALUE!,#VALUE!,#VALUE!,#VALUE!,#VALUE!,#VALUE!,#,#VALUE!,#VALUE!,#VALUE!,#VALUE!,#VALUE!,#VALUE!,#,#VALUE!,#VALUE!,#VALUE!,#VALUE!,#VALUE!,#VALUE!,#,#VALUE!,#VALUE!,#VALUE!,#VALUE!,#VALUE!,#VALUE!,0 , ,#VALUE!,#VALUE!,#VALUE!,#VALUE!,#VALUE!,0 , ,#VALUE!,#VALUE!,#VALUE!,#VALUE!,#VALUE!,0 , ,#VALUE!,#VALUE!,#VALUE!,#VALUE!,#VALUE!,0 , ,#VALUE!,#VALUE!,#VALUE!,#VALUE!,#VALUE!,0 ,,,,,,,0 ,0.6 ,1.1 ,1.7 ,2.3 ,2.9 ,3.4 ,4 ,5.0 ,6.0 ,7.0 ,8.0 ,9.0 ,10.0 ,11 ,12.1 ,13.3 ,14.4 ,15.6 ,16.7 ,17.9 ,19 ,21.0 ,23.0 ,25.0 ,27.0 ,29.0 ,31.0 ,33 ,36.4 ,39.9 ,43.3 ,46.7 ,50.1 ,53.6 ,57 ,60.7 ,64.4 ,68.1 ,71.9 ,75.6 ,79.3 ,83 ,83.6 ,84.1 ,84.7 ,85.3 ,85.9 ,86.4 ,87 ,,,,,,,89.0 ,,,,,,,95.0 ,,,96.0 ,96.3 ,96.6 ,96.9 ,97 ,97.3 ,97.6 ,97.9 ,98.1 ,98.4 ,98.7 ,99 ,99.1 ,99.3 ,99.4 ,99.6 ,99.7 ,99.9 ,100 ,,,,,,,#,#VALUE!,#VALUE!,#VALUE!,#VALUE!,#VALUE!,#VALUE!
95 ,,#,#VALUE!,#VALUE!,#VALUE!,#VALUE!,#VALUE!,#VALUE!,#,#VALUE!,#VALUE!,#VALUE!,#VALUE!,#VALUE!,#VALUE!,#,#VALUE!,#VALUE!,#VALUE!,#VALUE!,#VALUE!,#VALUE!,#,#VALUE!,#VALUE!,#VALUE!,#VALUE!,#VALUE!,#VALUE!,#,#VALUE!,#VALUE!,#VALUE!,#VALUE!,#VALUE!,#VALUE!,#,#VALUE!,#VALUE!,#VALUE!,#VALUE!,#VALUE!,#VALUE!,#,#VALUE!,#VALUE!,#VALUE!,#VALUE!,#VALUE!,#VALUE!,#,#VALUE!,#VALUE!,#VALUE!,#VALUE!,#VALUE!,#VALUE!,#,#VALUE!,#VALUE!,#VALUE!,#VALUE!,#VALUE!,#VALUE!,#,#VALUE!,#VALUE!,#VALUE!,#VALUE!,#VALUE!,#VALUE!,#,#VALUE!,#VALUE!,#VALUE!,#VALUE!,#VALUE!,#VALUE!,#,#VALUE!,#VALUE!,#VALUE!,#VALUE!,#VALUE!,#VALUE!,#,#VALUE!,#VALUE!,#VALUE!,#VALUE!,#VALUE!,#VALUE!,#,#VALUE!,#VALUE!,#VALUE!,#VALUE!,#VALUE!,#VALUE!,#,#VALUE!,#VALUE!,#VALUE!,#VALUE!,#VALUE!,#VALUE!,#,#VALUE!,#VALUE!,#VALUE!,#VALUE!,#VALUE!,#VALUE!,#,#VALUE!,#VALUE!,#VALUE!,#VALUE!,#VALUE!,#VALUE!,#,#VALUE!,#VALUE!,#VALUE!,#VALUE!,#VALUE!,#VALUE!,#,#VALUE!,#VALUE!,#VALUE!,#VALUE!,#VALUE!,#VALUE!,#,#VALUE!,#VALUE!,#VALUE!,#VALUE!,#VALUE!,#VALUE!,0 , ,#VALUE!,#VALUE!,#VALUE!,#VALUE!,#VALUE!,0 , ,#VALUE!,#VALUE!,#VALUE!,#VALUE!,#VALUE!,0 , ,#VALUE!,#VALUE!,#VALUE!,#VALUE!,#VALUE!,0 ,,,,,,,0 ,0.1 ,0.3 ,0.4 ,0.6 ,0.7 ,0.9 ,1 ,2.0 ,3.0 ,4.0 ,5.0 ,6.0 ,7.0 ,8 ,9.0 ,10.0 ,11.0 ,12.0 ,13.0 ,14.0 ,15 ,18.1 ,21.3 ,24.4 ,27.6 ,30.7 ,33.9 ,37 ,39.4 ,41.9 ,44.3 ,46.7 ,49.1 ,51.6 ,54 ,56.9 ,59.7 ,62.6 ,65.4 ,68.3 ,71.1 ,74 ,75.0 ,76.0 ,77.0 ,78.0 ,79.0 ,80.0 ,81 ,81.6 ,82.1 ,82.7 ,83.3 ,83.9 ,84.4 ,85 ,,,,,,,,91.0 ,,,,,,,,,,97.0 ,98.0 ,99.0 ,99 ,99.1 ,99.3 ,99.4 ,99.6 ,99.7 ,99.9 ,100 ,,,,,,,#,#VALUE!,#VALUE!,#VALUE!,#VALUE!,#VALUE!,#VALUE!,#,#VALUE!,#VALUE!,#VALUE!,#VALUE!,#VALUE!,#VALUE!,#
96 ,,,,,,,#,#VALUE!,#VALUE!,#VALUE!,#VALUE!,#VALUE!,#VALUE!,#,#VALUE!,#VALUE!,#VALUE!,#VALUE!,#VALUE!,#VALUE!,#,#VALUE!,#VALUE!,#VALUE!,#VALUE!,#VALUE!,#VALUE!,#,#VALUE!,#VALUE!,#VALUE!,#VALUE!,#VALUE!,#VALUE!,#,#VALUE!,#VALUE!,#VALUE!,#VALUE!,#VALUE!,#VALUE!,#,#VALUE!,#VALUE!,#VALUE!,#VALUE!,#VALUE!,#VALUE!,#,#VALUE!,#VALUE!,#VALUE!,#VALUE!,#VALUE!,#VALUE!,#,#VALUE!,#VALUE!,#VALUE!,#VALUE!,#VALUE!,#VALUE!,#,#VALUE!,#VALUE!,#VALUE!,#VALUE!,#VALUE!,#VALUE!,#,#VALUE!,#VALUE!,#VALUE!,#VALUE!,#VALUE!,#VALUE!,#,#VALUE!,#VALUE!,#VALUE!,#VALUE!,#VALUE!,#VALUE!,#,#VALUE!,#VALUE!,#VALUE!,#VALUE!,#VALUE!,#VALUE!,#,#VALUE!,#VALUE!,#VALUE!,#VALUE!,#VALUE!,#VALUE!,#,#VALUE!,#VALUE!,#VALUE!,#VALUE!,#VALUE!,#VALUE!,#,#VALUE!,#VALUE!,#VALUE!,#VALUE!,#VALUE!,#VALUE!,#,#VALUE!,#VALUE!,#VALUE!,#VALUE!,#VALUE!,#VALUE!,#,#VALUE!,#VALUE!,#VALUE!,#VALUE!,#VALUE!,#VALUE!,#,#VALUE!,#VALUE!,#VALUE!,#VALUE!,#VALUE!,#VALUE!,#,#VALUE!,#VALUE!,#VALUE!,#VALUE!,#VALUE!,#VALUE!,#,#VALUE!,#VALUE!,#VALUE!,#VALUE!,#VALUE!,#VALUE!,#,#VALUE!,#VALUE!,#VALUE!,#VALUE!,#VALUE!,#VALUE!,0 , , , , , , ,0 , , , , , , ,0 ,0.3 ,0.6 ,0.9 ,1.1 ,1.4 ,1.7 ,2 ,2.3 ,2.6 ,2.9 ,3.1 ,3.4 ,3.7 ,4 ,4.0 ,4.0 ,4.0 ,4.0 ,4.0 ,4.0 ,4 ,4.9 ,5.7 ,6.6 ,7.4 ,8.3 ,9.1 ,10 ,12.4 ,14.9 ,17.3 ,19.7 ,22.1 ,24.6 ,27 ,32.0 ,37.0 ,42.0 ,47.0 ,52.0 ,57.0 ,62 ,65.4 ,68.9 ,72.3 ,75.7 ,79.1 ,82.6 ,86 ,86.4 ,86.9 ,87.3 ,87.7 ,88.1 ,88.6 ,89 ,,,,,,,#,,,95.0 ,,,,95.0 ,,,,,,98.0 ,98 ,98.3 ,98.6 ,98.9 ,99.1 ,99.4 ,99.7 ,100 ,,,,,,,#,#VALUE!,#VALUE!,#VALUE!,#VALUE!,#VALUE!,#VALUE!,#,#VALUE!,#VALUE!,#VALUE!,#VALUE!,#VALUE!,#VALUE!,#,#VALUE!,#VALUE!
97 ,,,,,,#,#VALUE!,#VALUE!,#VALUE!,#VALUE!,#VALUE!,#VALUE!,#,#VALUE!,#VALUE!,#VALUE!,#VALUE!,#VALUE!,#VALUE!,#,#VALUE!,#VALUE!,#VALUE!,#VALUE!,#VALUE!,#VALUE!,#,#VALUE!,#VALUE!,#VALUE!,#VALUE!,#VALUE!,#VALUE!,#,#VALUE!,#VALUE!,#VALUE!,#VALUE!,#VALUE!,#VALUE!,#,#VALUE!,#VALUE!,#VALUE!,#VALUE!,#VALUE!,#VALUE!,#,#VALUE!,#VALUE!,#VALUE!,#VALUE!,#VALUE!,#VALUE!,#,#VALUE!,#VALUE!,#VALUE!,#VALUE!,#VALUE!,#VALUE!,#,#VALUE!,#VALUE!,#VALUE!,#VALUE!,#VALUE!,#VALUE!,#,#VALUE!,#VALUE!,#VALUE!,#VALUE!,#VALUE!,#VALUE!,#,#VALUE!,#VALUE!,#VALUE!,#VALUE!,#VALUE!,#VALUE!,#,#VALUE!,#VALUE!,#VALUE!,#VALUE!,#VALUE!,#VALUE!,#,#VALUE!,#VALUE!,#VALUE!,#VALUE!,#VALUE!,#VALUE!,#,#VALUE!,#VALUE!,#VALUE!,#VALUE!,#VALUE!,#VALUE!,#,#VALUE!,#VALUE!,#VALUE!,#VALUE!,#VALUE!,#VALUE!,#,#VALUE!,#VALUE!,#VALUE!,#VALUE!,#VALUE!,#VALUE!,#,#VALUE!,#VALUE!,#VALUE!,#VALUE!,#VALUE!,#VALUE!,#,#VALUE!,#VALUE!,#VALUE!,#VALUE!,#VALUE!,#VALUE!,#,#VALUE!,#VALUE!,#VALUE!,#VALUE!,#VALUE!,#VALUE!,#,#VALUE!,#VALUE!,#VALUE!,#VALUE!,#VALUE!,#VALUE!,#,#VALUE!,#VALUE!,#VALUE!,#VALUE!,#VALUE!,#VALUE!,#,#VALUE!,#VALUE!,#VALUE!,#VALUE!,#VALUE!,#VALUE!,#,#VALUE!,#VALUE!,#VALUE!,#VALUE!,#VALUE!,#VALUE!,#,#VALUE!,#VALUE!,#VALUE!,#VALUE!,#VALUE!,#VALUE!,0 ,0.4 ,0.9 ,1.3 ,1.7 ,2.1 ,2.6 ,3 ,4.3 ,5.6 ,6.9 ,8.1 ,9.4 ,10.7 ,12 ,14.6 ,17.1 ,19.7 ,22.3 ,24.9 ,27.4 ,30 ,32.6 ,35.1 ,37.7 ,40.3 ,42.9 ,45.4 ,48 ,51.4 ,54.9 ,58.3 ,61.7 ,65.1 ,68.6 ,72 ,74.3 ,76.6 ,78.9 ,81.1 ,83.4 ,85.7 ,88 ,88.4 ,88.9 ,89.3 ,89.7 ,90.1 ,90.6 ,91 ,91.4 ,91.9 ,92.3 ,92.7 ,93.1 ,93.6 ,94 ,,,,96.0 ,,,,,,,,,,99 ,99.1 ,99.3 ,99.4 ,99.6 ,99.7 ,99.9 ,100 ,,,,,,,#,#VALUE!,#VALUE!,#VALUE!,#VALUE!,#VALUE!,#VALUE!,#,#VALUE!,#VALUE!,#VALUE!,#VALUE!,#VALUE!,#VALUE!,#,#VALUE!,#VALUE!,#VALUE!
98 ,,,,,#,#VALUE!,#VALUE!,#VALUE!,#VALUE!,#VALUE!,#VALUE!,#,#VALUE!,#VALUE!,#VALUE!,#VALUE!,#VALUE!,#VALUE!,#,#VALUE!,#VALUE!,#VALUE!,#VALUE!,#VALUE!,#VALUE!,#,#VALUE!,#VALUE!,#VALUE!,#VALUE!,#VALUE!,#VALUE!,#,#VALUE!,#VALUE!,#VALUE!,#VALUE!,#VALUE!,#VALUE!,#,#VALUE!,#VALUE!,#VALUE!,#VALUE!,#VALUE!,#VALUE!,#,#VALUE!,#VALUE!,#VALUE!,#VALUE!,#VALUE!,#VALUE!,#,#VALUE!,#VALUE!,#VALUE!,#VALUE!,#VALUE!,#VALUE!,#,#VALUE!,#VALUE!,#VALUE!,#VALUE!,#VALUE!,#VALUE!,#,#VALUE!,#VALUE!,#VALUE!,#VALUE!,#VALUE!,#VALUE!,#,#VALUE!,#VALUE!,#VALUE!,#VALUE!,#VALUE!,#VALUE!,#,#VALUE!,#VALUE!,#VALUE!,#VALUE!,#VALUE!,#VALUE!,#,#VALUE!,#VALUE!,#VALUE!,#VALUE!,#VALUE!,#VALUE!,#,#VALUE!,#VALUE!,#VALUE!,#VALUE!,#VALUE!,#VALUE!,#,#VALUE!,#VALUE!,#VALUE!,#VALUE!,#VALUE!,#VALUE!,#,#VALUE!,#VALUE!,#VALUE!,#VALUE!,#VALUE!,#VALUE!,#,#VALUE!,#VALUE!,#VALUE!,#VALUE!,#VALUE!,#VALUE!,#,#VALUE!,#VALUE!,#VALUE!,#VALUE!,#VALUE!,#VALUE!,#,#VALUE!,#VALUE!,#VALUE!,#VALUE!,#VALUE!,#VALUE!,#,#VALUE!,#VALUE!,#VALUE!,#VALUE!,#VALUE!,#VALUE!,#,#VALUE!,#VALUE!,#VALUE!,#VALUE!,#VALUE!,#VALUE!,#,#VALUE!,#VALUE!,#VALUE!,#VALUE!,#VALUE!,#VALUE!,#,#VALUE!,#VALUE!,#VALUE!,#VALUE!,#VALUE!,#VALUE!,#,#VALUE!,#VALUE!,#VALUE!,#VALUE!,#VALUE!,#VALUE!,6 ,8.1 ,10.3 ,12.4 ,14.6 ,16.7 ,18.9 ,21 ,23.0 ,25.0 ,27.0 ,29.0 ,31.0 ,33.0 ,35 ,36.6 ,38.1 ,39.7 ,41.3 ,42.9 ,44.4 ,46 ,47.3 ,48.6 ,49.9 ,51.1 ,52.4 ,53.7 ,55 ,57.7 ,60.4 ,63.1 ,65.9 ,68.6 ,71.3 ,74 ,75.3 ,76.6 ,77.9 ,79.1 ,80.4 ,81.7 ,83 ,83.7 ,84.4 ,85.1 ,85.9 ,86.6 ,87.3 ,88 ,88.7 ,89.4 ,90.1 ,90.9 ,91.6 ,92.3 ,93 ,,,,,94.0 ,,,,,,,,,,97.0 ,97.1 ,97.3 ,97.5 ,97.7 ,97.9 ,98 ,,,,,,,#,#VALUE!,#VALUE!,#VALUE!,#VALUE!,#VALUE!,#VALUE!,#,#VALUE!,#VALUE!,#VALUE!,#VALUE!,#VALUE!,#VALUE!,#,#VALUE!,#VALUE!,#VALUE!,#VALUE!
99 ,,,,#,#VALUE!,#VALUE!,#VALUE!,#VALUE!,#VALUE!,#VALUE!,#,#VALUE!,#VALUE!,#VALUE!,#VALUE!,#VALUE!,#VALUE!,#,#VALUE!,#VALUE!,#VALUE!,#VALUE!,#VALUE!,#VALUE!,#,#VALUE!,#VALUE!,#VALUE!,#VALUE!,#VALUE!,#VALUE!,#,#VALUE!,#VALUE!,#VALUE!,#VALUE!,#VALUE!,#VALUE!,#,#VALUE!,#VALUE!,#VALUE!,#VALUE!,#VALUE!,#VALUE!,#,#VALUE!,#VALUE!,#VALUE!,#VALUE!,#VALUE!,#VALUE!,#,#VALUE!,#VALUE!,#VALUE!,#VALUE!,#VALUE!,#VALUE!,#,#VALUE!,#VALUE!,#VALUE!,#VALUE!,#VALUE!,#VALUE!,#,#VALUE!,#VALUE!,#VALUE!,#VALUE!,#VALUE!,#VALUE!,#,#VALUE!,#VALUE!,#VALUE!,#VALUE!,#VALUE!,#VALUE!,#,#VALUE!,#VALUE!,#VALUE!,#VALUE!,#VALUE!,#VALUE!,#,#VALUE!,#VALUE!,#VALUE!,#VALUE!,#VALUE!,#VALUE!,#,#VALUE!,#VALUE!,#VALUE!,#VALUE!,#VALUE!,#VALUE!,#,#VALUE!,#VALUE!,#VALUE!,#VALUE!,#VALUE!,#VALUE!,#,#VALUE!,#VALUE!,#VALUE!,#VALUE!,#VALUE!,#VALUE!,#,#VALUE!,#VALUE!,#VALUE!,#VALUE!,#VALUE!,#VALUE!,#,#VALUE!,#VALUE!,#VALUE!,#VALUE!,#VALUE!,#VALUE!,#,#VALUE!,#VALUE!,#VALUE!,#VALUE!,#VALUE!,#VALUE!,#,#VALUE!,#VALUE!,#VALUE!,#VALUE!,#VALUE!,#VALUE!,#,#VALUE!,#VALUE!,#VALUE!,#VALUE!,#VALUE!,#VALUE!,#,#VALUE!,#VALUE!,#VALUE!,#VALUE!,#VALUE!,#VALUE!,#,#VALUE!,#VALUE!,#VALUE!,#VALUE!,#VALUE!,#VALUE!,#,#VALUE!,#VALUE!,#VALUE!,#VALUE!,#VALUE!,#VALUE!,#,#VALUE!,#VALUE!,#VALUE!,#VALUE!,#VALUE!,#VALUE!,#,#VALUE!,#VALUE!,#VALUE!,#VALUE!,#VALUE!,#VALUE!,3 ,4.0 ,5.0 ,6.0 ,7.0 ,8.0 ,9.0 ,10 ,11.9 ,13.7 ,15.6 ,17.4 ,19.3 ,21.1 ,23 ,26.6 ,30.1 ,33.7 ,37.3 ,40.9 ,44.4 ,48 ,52.3 ,56.6 ,60.9 ,65.1 ,69.4 ,73.7 ,78 ,80.1 ,82.3 ,84.4 ,86.6 ,88.7 ,90.9 ,93 ,93.3 ,93.6 ,93.9 ,94.1 ,94.4 ,94.7 ,95 ,,,,,,96.0 ,,,,,,,,,,99.0 ,99.2 ,99.4 ,99.6 ,99.8 ,100 ,,,,,,,#,#VALUE!,#VALUE!,#VALUE!,#VALUE!,#VALUE!,#VALUE!,#,#VALUE!,#VALUE!,#VALUE!,#VALUE!,#VALUE!,#VALUE!,#,#VALUE!,#VALUE!,#VALUE!,#VALUE!,#VALUE!
2000 ,,#,#VALUE!,#VALUE!,#VALUE!,#VALUE!,#VALUE!,#VALUE!,#,#VALUE!,#VALUE!,#VALUE!,#VALUE!,#VALUE!,#VALUE!,#,#VALUE!,#VALUE!,#VALUE!,#VALUE!,#VALUE!,#VALUE!,#,#VALUE!,#VALUE!,#VALUE!,#VALUE!,#VALUE!,#VALUE!,#,#VALUE!,#VALUE!,#VALUE!,#VALUE!,#VALUE!,#VALUE!,#,#VALUE!,#VALUE!,#VALUE!,#VALUE!,#VALUE!,#VALUE!,#,#VALUE!,#VALUE!,#VALUE!,#VALUE!,#VALUE!,#VALUE!,#,#VALUE!,#VALUE!,#VALUE!,#VALUE!,#VALUE!,#VALUE!,#,#VALUE!,#VALUE!,#VALUE!,#VALUE!,#VALUE!,#VALUE!,#,#VALUE!,#VALUE!,#VALUE!,#VALUE!,#VALUE!,#VALUE!,#,#VALUE!,#VALUE!,#VALUE!,#VALUE!,#VALUE!,#VALUE!,#,#VALUE!,#VALUE!,#VALUE!,#VALUE!,#VALUE!,#VALUE!,#,#VALUE!,#VALUE!,#VALUE!,#VALUE!,#VALUE!,#VALUE!,#,#VALUE!,#VALUE!,#VALUE!,#VALUE!,#VALUE!,#VALUE!,#,#VALUE!,#VALUE!,#VALUE!,#VALUE!,#VALUE!,#VALUE!,#,#VALUE!,#VALUE!,#VALUE!,#VALUE!,#VALUE!,#VALUE!,#,#VALUE!,#VALUE!,#VALUE!,#VALUE!,#VALUE!,#VALUE!,#,#VALUE!,#VALUE!,#VALUE!,#VALUE!,#VALUE!,#VALUE!,#,#VALUE!,#VALUE!,#VALUE!,#VALUE!,#VALUE!,#VALUE!,#,#VALUE!,#VALUE!,#VALUE!,#VALUE!,#VALUE!,#VALUE!,#,#VALUE!,#VALUE!,#VALUE!,#VALUE!,#VALUE!,#VALUE!,#,#VALUE!,#VALUE!,#VALUE!,#VALUE!,#VALUE!,#VALUE!,0 , , , , , , ,0 , , , , , , ,0 ,0.1 ,0.3 ,0.4 ,0.6 ,0.7 ,0.9 ,1 ,1.4 ,1.9 ,2.3 ,2.7 ,3.1 ,3.6 ,4 ,6.0 ,8.0 ,10.0 ,12.0 ,14.0 ,16.0 ,18 ,19.4 ,20.9 ,22.3 ,23.7 ,25.1 ,26.6 ,28 ,31.3 ,34.6 ,37.9 ,41.1 ,44.4 ,47.7 ,51 ,54.9 ,58.7 ,62.6 ,66.4 ,70.3 ,74.1 ,78 ,79.0 ,80.0 ,81.0 ,82.0 ,83.0 ,84.0 ,85 ,85.0 ,85.0 ,85.0 ,85.0 ,85.0 ,85.0 ,85 ,,,,,,,,88.8 ,,,,,,,,,,93.5 ,94.0 ,94.5 ,95 ,95.7 ,96.4 ,97.1 ,97.9 ,98.6 ,99.3 ,100 ,,,,,,,#,#VALUE!,#VALUE!,#VALUE!,#VALUE!,#VALUE!,#VALUE!,#,#VALUE!,#VALUE!,#VALUE!,#VALUE!,#VALUE!,#VALUE!,#
01 ,#,#VALUE!,#VALUE!,#VALUE!,#VALUE!,#VALUE!,#VALUE!,#,#VALUE!,#VALUE!,#VALUE!,#VALUE!,#VALUE!,#VALUE!,#,#VALUE!,#VALUE!,#VALUE!,#VALUE!,#VALUE!,#VALUE!,#,#VALUE!,#VALUE!,#VALUE!,#VALUE!,#VALUE!,#VALUE!,#,#VALUE!,#VALUE!,#VALUE!,#VALUE!,#VALUE!,#VALUE!,#,#VALUE!,#VALUE!,#VALUE!,#VALUE!,#VALUE!,#VALUE!,#,#VALUE!,#VALUE!,#VALUE!,#VALUE!,#VALUE!,#VALUE!,#,#VALUE!,#VALUE!,#VALUE!,#VALUE!,#VALUE!,#VALUE!,#,#VALUE!,#VALUE!,#VALUE!,#VALUE!,#VALUE!,#VALUE!,#,#VALUE!,#VALUE!,#VALUE!,#VALUE!,#VALUE!,#VALUE!,#,#VALUE!,#VALUE!,#VALUE!,#VALUE!,#VALUE!,#VALUE!,#,#VALUE!,#VALUE!,#VALUE!,#VALUE!,#VALUE!,#VALUE!,#,#VALUE!,#VALUE!,#VALUE!,#VALUE!,#VALUE!,#VALUE!,#,#VALUE!,#VALUE!,#VALUE!,#VALUE!,#VALUE!,#VALUE!,#,#VALUE!,#VALUE!,#VALUE!,#VALUE!,#VALUE!,#VALUE!,#,#VALUE!,#VALUE!,#VALUE!,#VALUE!,#VALUE!,#VALUE!,#,#VALUE!,#VALUE!,#VALUE!,#VALUE!,#VALUE!,#VALUE!,#,#VALUE!,#VALUE!,#VALUE!,#VALUE!,#VALUE!,#VALUE!,#,#VALUE!,#VALUE!,#VALUE!,#VALUE!,#VALUE!,#VALUE!,#,#VALUE!,#VALUE!,#VALUE!,#VALUE!,#VALUE!,#VALUE!,#,#VALUE!,#VALUE!,#VALUE!,#VALUE!,#VALUE!,#VALUE!,#,#VALUE!,#VALUE!,#VALUE!,#VALUE!,#VALUE!,#VALUE!,#,#VALUE!,#VALUE!,#VALUE!,#VALUE!,#VALUE!,#VALUE!,0 , , , , , , ,0 ,0.1 ,0.3 ,0.4 ,0.6 ,0.7 ,0.9 ,1 ,1.3 ,1.6 ,1.9 ,2.1 ,2.4 ,2.7 ,3 ,4.1 ,5.3 ,6.4 ,7.6 ,8.7 ,9.9 ,11 ,12.4 ,13.9 ,15.3 ,16.7 ,18.1 ,19.6 ,21 ,24.4 ,27.9 ,31.3 ,34.7 ,38.1 ,41.6 ,45 ,49.0 ,53.0 ,57.0 ,61.0 ,65.0 ,69.0 ,73 ,75.7 ,78.4 ,81.1 ,83.9 ,86.6 ,89.3 ,92 ,92.7 ,93.4 ,94.1 ,94.9 ,95.6 ,96.3 ,97 ,97.4 ,97.9 ,98.3 ,98.7 ,99.1 ,99.6 ,100 ,,100.0 ,,,,,,,,,,100.0 ,100.0 ,100 ,,,,,,,#,#VALUE!,,,#VALUE!,#VALUE!,#VALUE!,#,#VALUE!,#VALUE!,#VALUE!,#VALUE!,#VALUE!,#VALUE!,#,#VALUE!,#VALUE!,#VALUE!,#VALUE!,#VALUE!,#VALUE!,#,#VALUE!
02 ,,,,,,,#,#VALUE!,#VALUE!,#VALUE!,#VALUE!,#VALUE!,#VALUE!,#,#VALUE!,#VALUE!,#VALUE!,#VALUE!,#VALUE!,#VALUE!,#,#VALUE!,#VALUE!,#VALUE!,#VALUE!,#VALUE!,#VALUE!,#,#VALUE!,#VALUE!,#VALUE!,#VALUE!,#VALUE!,#VALUE!,#,#VALUE!,#VALUE!,#VALUE!,#VALUE!,#VALUE!,#VALUE!,#,#VALUE!,#VALUE!,#VALUE!,#VALUE!,#VALUE!,#VALUE!,#,#VALUE!,#VALUE!,#VALUE!,#VALUE!,#VALUE!,#VALUE!,#,#VALUE!,#VALUE!,#VALUE!,#VALUE!,#VALUE!,#VALUE!,#,#VALUE!,#VALUE!,#VALUE!,#VALUE!,#VALUE!,#VALUE!,#,#VALUE!,#VALUE!,#VALUE!,#VALUE!,#VALUE!,#VALUE!,#,#VALUE!,#VALUE!,#VALUE!,#VALUE!,#VALUE!,#VALUE!,#,#VALUE!,#VALUE!,#VALUE!,#VALUE!,#VALUE!,#VALUE!,#,#VALUE!,#VALUE!,#VALUE!,#VALUE!,#VALUE!,#VALUE!,#,#VALUE!,#VALUE!,#VALUE!,#VALUE!,#VALUE!,#VALUE!,#,#VALUE!,#VALUE!,#VALUE!,#VALUE!,#VALUE!,#VALUE!,#,#VALUE!,#VALUE!,#VALUE!,#VALUE!,#VALUE!,#VALUE!,#,#VALUE!,#VALUE!,#VALUE!,#VALUE!,#VALUE!,#VALUE!,#,#VALUE!,#VALUE!,#VALUE!,#VALUE!,#VALUE!,#VALUE!,#,#VALUE!,#VALUE!,#VALUE!,#VALUE!,#VALUE!,#VALUE!,#,#VALUE!,#VALUE!,#VALUE!,#VALUE!,#VALUE!,#VALUE!,#,#VALUE!,#VALUE!,#VALUE!,#VALUE!,#VALUE!,#VALUE!,#,#VALUE!,#VALUE!,#VALUE!,#VALUE!,#VALUE!,#VALUE!,#,#VALUE!,#VALUE!,#VALUE!,#VALUE!,#VALUE!,#VALUE!,0 , , , , , , ,0 ,0.6 ,1.1 ,1.7 ,2.3 ,2.9 ,3.4 ,4 ,5.0 ,6.0 ,7.0 ,8.0 ,9.0 ,10.0 ,11 ,12.1 ,13.3 ,14.4 ,15.6 ,16.7 ,17.9 ,19 ,21.0 ,23.0 ,25.0 ,27.0 ,29.0 ,31.0 ,33 ,36.1 ,39.3 ,42.4 ,45.6 ,48.7 ,51.9 ,55 ,57.1 ,59.3 ,61.4 ,63.6 ,65.7 ,67.9 ,70 ,72.1 ,74.3 ,76.4 ,78.6 ,80.7 ,82.9 ,85 ,85.9 ,86.7 ,87.6 ,88.4 ,89.3 ,90.1 ,91 ,91.7 ,92.4 ,93.1 ,93.9 ,94.6 ,95.3 ,96 ,,,,,,98.0 ,98 ,98.3 ,98.6 ,98.9 ,99.1 ,99.4 ,99.7 ,100 ,,,,,,,#,#VALUE!,#VALUE!,#VALUE!,#VALUE!,#VALUE!,#VALUE!,#,#VALUE!,#VALUE!,#VALUE!,#VALUE!,#VALUE!,#VALUE!,#,#VALUE!,#VALUE!
03 ,,,,,,#,#VALUE!,#VALUE!,#VALUE!,#VALUE!,#VALUE!,#VALUE!,#,#VALUE!,#VALUE!,#VALUE!,#VALUE!,#VALUE!,#VALUE!,#,#VALUE!,#VALUE!,#VALUE!,#VALUE!,#VALUE!,#VALUE!,#,#VALUE!,#VALUE!,#VALUE!,#VALUE!,#VALUE!,#VALUE!,#,#VALUE!,#VALUE!,#VALUE!,#VALUE!,#VALUE!,#VALUE!,#,#VALUE!,#VALUE!,#VALUE!,#VALUE!,#VALUE!,#VALUE!,#,#VALUE!,#VALUE!,#VALUE!,#VALUE!,#VALUE!,#VALUE!,#,#VALUE!,#VALUE!,#VALUE!,#VALUE!,#VALUE!,#VALUE!,#,#VALUE!,#VALUE!,#VALUE!,#VALUE!,#VALUE!,#VALUE!,#,#VALUE!,#VALUE!,#VALUE!,#VALUE!,#VALUE!,#VALUE!,#,#VALUE!,#VALUE!,#VALUE!,#VALUE!,#VALUE!,#VALUE!,#,#VALUE!,#VALUE!,#VALUE!,#VALUE!,#VALUE!,#VALUE!,#,#VALUE!,#VALUE!,#VALUE!,#VALUE!,#VALUE!,#VALUE!,#,#VALUE!,#VALUE!,#VALUE!,#VALUE!,#VALUE!,#VALUE!,#,#VALUE!,#VALUE!,#VALUE!,#VALUE!,#VALUE!,#VALUE!,#,#VALUE!,#VALUE!,#VALUE!,#VALUE!,#VALUE!,#VALUE!,#,#VALUE!,#VALUE!,#VALUE!,#VALUE!,#VALUE!,#VALUE!,#,#VALUE!,#VALUE!,#VALUE!,#VALUE!,#VALUE!,#VALUE!,#,#VALUE!,#VALUE!,#VALUE!,#VALUE!,#VALUE!,#VALUE!,#,#VALUE!,#VALUE!,#VALUE!,#VALUE!,#VALUE!,#VALUE!,#,#VALUE!,#VALUE!,#VALUE!,#VALUE!,#VALUE!,#VALUE!,#,#VALUE!,#VALUE!,#VALUE!,#VALUE!,#VALUE!,#VALUE!,#,#VALUE!,#VALUE!,#VALUE!,#VALUE!,#VALUE!,#VALUE!,1 ,1.1 ,1.3 ,1.4 ,1.6 ,1.7 ,1.9 ,2 ,2.7 ,3.4 ,4.1 ,4.9 ,5.6 ,6.3 ,7 ,8.4 ,9.9 ,11.3 ,12.7 ,14.1 ,15.6 ,17 ,19.1 ,21.3 ,23.4 ,25.6 ,27.7 ,29.9 ,32 ,36.7 ,41.4 ,46.1 ,50.9 ,55.6 ,60.3 ,65 ,68.0 ,71.0 ,74.0 ,77.0 ,80.0 ,83.0 ,86 ,87.3 ,88.6 ,89.9 ,91.1 ,92.4 ,93.7 ,95 ,95.4 ,95.9 ,96.3 ,96.7 ,97.1 ,97.6 ,98 ,98.3 ,98.6 ,98.9 ,99.1 ,99.4 ,99.7 ,100 ,,,,100.0 ,,,100.0 ,100.0 ,,,,,,100.0 ,100.0 ,100.0 ,100.0 ,100.0 ,100.0 ,100.0 ,100 ,,,,,,,#,#VALUE!,#VALUE!,#VALUE!,#VALUE!,#VALUE!,#VALUE!,#,#VALUE!,#VALUE!,#VALUE!,#VALUE!,#VALUE!,#VALUE!,#,#VALUE!,#VALUE!,#VALUE!
04 ,,,,#,#VALUE!,#VALUE!,#VALUE!,#VALUE!,#VALUE!,#VALUE!,#,#VALUE!,#VALUE!,#VALUE!,#VALUE!,#VALUE!,#VALUE!,#,#VALUE!,#VALUE!,#VALUE!,#VALUE!,#VALUE!,#VALUE!,#,#VALUE!,#VALUE!,#VALUE!,#VALUE!,#VALUE!,#VALUE!,#,#VALUE!,#VALUE!,#VALUE!,#VALUE!,#VALUE!,#VALUE!,#,#VALUE!,#VALUE!,#VALUE!,#VALUE!,#VALUE!,#VALUE!,#,#VALUE!,#VALUE!,#VALUE!,#VALUE!,#VALUE!,#VALUE!,#,#VALUE!,#VALUE!,#VALUE!,#VALUE!,#VALUE!,#VALUE!,#,#VALUE!,#VALUE!,#VALUE!,#VALUE!,#VALUE!,#VALUE!,#,#VALUE!,#VALUE!,#VALUE!,#VALUE!,#VALUE!,#VALUE!,#,#VALUE!,#VALUE!,#VALUE!,#VALUE!,#VALUE!,#VALUE!,#,#VALUE!,#VALUE!,#VALUE!,#VALUE!,#VALUE!,#VALUE!,#,#VALUE!,#VALUE!,#VALUE!,#VALUE!,#VALUE!,#VALUE!,#,#VALUE!,#VALUE!,#VALUE!,#VALUE!,#VALUE!,#VALUE!,#,#VALUE!,#VALUE!,#VALUE!,#VALUE!,#VALUE!,#VALUE!,#,#VALUE!,#VALUE!,#VALUE!,#VALUE!,#VALUE!,#VALUE!,#,#VALUE!,#VALUE!,#VALUE!,#VALUE!,#VALUE!,#VALUE!,#,#VALUE!,#VALUE!,#VALUE!,#VALUE!,#VALUE!,#VALUE!,#,#VALUE!,#VALUE!,#VALUE!,#VALUE!,#VALUE!,#VALUE!,#,#VALUE!,#VALUE!,#VALUE!,#VALUE!,#VALUE!,#VALUE!,#,#VALUE!,#VALUE!,#VALUE!,#VALUE!,#VALUE!,#VALUE!,#,#VALUE!,#VALUE!,#VALUE!,#VALUE!,#VALUE!,#VALUE!,#,#VALUE!,#VALUE!,#VALUE!,#VALUE!,#VALUE!,#VALUE!,0 , , , , , , ,0 , , , , , , ,0 , , , , , , ,0 ,0.1 ,0.3 ,0.4 ,0.6 ,0.7 ,0.9 ,1 ,1.4 ,1.9 ,2.3 ,2.7 ,3.1 ,3.6 ,4 ,4.7 ,5.4 ,6.1 ,6.9 ,7.6 ,8.3 ,9 ,9.6 ,10.1 ,10.7 ,11.3 ,11.9 ,12.4 ,13 ,15.6 ,18.1 ,20.7 ,23.3 ,25.9 ,28.4 ,31 ,33.3 ,35.6 ,37.9 ,40.1 ,42.4 ,44.7 ,47 ,49.7 ,52.4 ,55.1 ,57.9 ,60.6 ,63.3 ,66 ,67.3 ,68.6 ,69.9 ,71.1 ,72.4 ,73.7 ,75 ,,80.0 ,81.4 ,82.9 ,84.3 ,85.7 ,85 ,87.1 ,89.3 ,91.4 ,93.6 ,95.7 ,97.9 ,100 ,,,,,,,#,#VALUE!,#VALUE!,#VALUE!,#VALUE!,#VALUE!,#VALUE!,#,#VALUE!,#VALUE!,#VALUE!,#VALUE!,#VALUE!
05 ,,,#,#VALUE!,#VALUE!,#VALUE!,#VALUE!,#VALUE!,#VALUE!,#,#VALUE!,#VALUE!,#VALUE!,#VALUE!,#VALUE!,#VALUE!,#,#VALUE!,#VALUE!,#VALUE!,#VALUE!,#VALUE!,#VALUE!,#,#VALUE!,#VALUE!,#VALUE!,#VALUE!,#VALUE!,#VALUE!,#,#VALUE!,#VALUE!,#VALUE!,#VALUE!,#VALUE!,#VALUE!,#,#VALUE!,#VALUE!,#VALUE!,#VALUE!,#VALUE!,#VALUE!,#,#VALUE!,#VALUE!,#VALUE!,#VALUE!,#VALUE!,#VALUE!,#,#VALUE!,#VALUE!,#VALUE!,#VALUE!,#VALUE!,#VALUE!,#,#VALUE!,#VALUE!,#VALUE!,#VALUE!,#VALUE!,#VALUE!,#,#VALUE!,#VALUE!,#VALUE!,#VALUE!,#VALUE!,#VALUE!,#,#VALUE!,#VALUE!,#VALUE!,#VALUE!,#VALUE!,#VALUE!,#,#VALUE!,#VALUE!,#VALUE!,#VALUE!,#VALUE!,#VALUE!,#,#VALUE!,#VALUE!,#VALUE!,#VALUE!,#VALUE!,#VALUE!,#,#VALUE!,#VALUE!,#VALUE!,#VALUE!,#VALUE!,#VALUE!,#,#VALUE!,#VALUE!,#VALUE!,#VALUE!,#VALUE!,#VALUE!,#,#VALUE!,#VALUE!,#VALUE!,#VALUE!,#VALUE!,#VALUE!,#,#VALUE!,#VALUE!,#VALUE!,#VALUE!,#VALUE!,#VALUE!,#,#VALUE!,#VALUE!,#VALUE!,#VALUE!,#VALUE!,#VALUE!,#,#VALUE!,#VALUE!,#VALUE!,#VALUE!,#VALUE!,#VALUE!,#,#VALUE!,#VALUE!,#VALUE!,#VALUE!,#VALUE!,#VALUE!,#,#VALUE!,#VALUE!,#VALUE!,#VALUE!,#VALUE!,#VALUE!,#,#VALUE!,#VALUE!,#VALUE!,#VALUE!,#VALUE!,#VALUE!,#,#VALUE!,#VALUE!,#VALUE!,#VALUE!,#VALUE!,#VALUE!,0 , , , , , , ,0 ,0.1 ,0.3 ,0.4 ,0.6 ,0.7 ,0.9 ,1 ,1.3 ,1.6 ,1.9 ,2.1 ,2.4 ,2.7 ,3 ,3.4 ,3.9 ,4.3 ,4.7 ,5.1 ,5.6 ,6 ,7.0 ,8.0 ,9.0 ,10.0 ,11.0 ,12.0 ,13 ,15.3 ,17.6 ,19.9 ,22.1 ,24.4 ,26.7 ,29 ,33.6 ,38.1 ,42.7 ,47.3 ,51.9 ,56.4 ,61 ,64.6 ,68.1 ,71.7 ,75.3 ,78.9 ,82.4 ,86 ,87.1 ,88.3 ,89.4 ,90.6 ,91.7 ,92.9 ,94 ,94.6 ,95.1 ,95.7 ,96.3 ,96.9 ,97.4 ,98 ,98.3 ,98.6 ,98.9 ,99.1 ,99.4 ,99.7 ,100 ,,,100.0 ,100.0 ,100.0 ,100.0 ,100 ,,,,,,,#,#VALUE!,#VALUE!,#VALUE!,#VALUE!,#VALUE!,#VALUE!,#,#VALUE!,#VALUE!,#VALUE!,#VALUE!,#VALUE!,#VALUE!,#,#VALUE!,#VALUE!,#VALUE!,#VALUE!,#VALUE!,#VALUE!
06 ,,#,#VALUE!,#VALUE!,#VALUE!,#VALUE!,#VALUE!,#VALUE!,#,#VALUE!,#VALUE!,#VALUE!,#VALUE!,#VALUE!,#VALUE!,#,#VALUE!,#VALUE!,#VALUE!,#VALUE!,#VALUE!,#VALUE!,#,#VALUE!,#VALUE!,#VALUE!,#VALUE!,#VALUE!,#VALUE!,#,#VALUE!,#VALUE!,#VALUE!,#VALUE!,#VALUE!,#VALUE!,#,#VALUE!,#VALUE!,#VALUE!,#VALUE!,#VALUE!,#VALUE!,#,#VALUE!,#VALUE!,#VALUE!,#VALUE!,#VALUE!,#VALUE!,#,#VALUE!,#VALUE!,#VALUE!,#VALUE!,#VALUE!,#VALUE!,#,#VALUE!,#VALUE!,#VALUE!,#VALUE!,#VALUE!,#VALUE!,#,#VALUE!,#VALUE!,#VALUE!,#VALUE!,#VALUE!,#VALUE!,#,#VALUE!,#VALUE!,#VALUE!,#VALUE!,#VALUE!,#VALUE!,#,#VALUE!,#VALUE!,#VALUE!,#VALUE!,#VALUE!,#VALUE!,#,#VALUE!,#VALUE!,#VALUE!,#VALUE!,#VALUE!,#VALUE!,#,#VALUE!,#VALUE!,#VALUE!,#VALUE!,#VALUE!,#VALUE!,#,#VALUE!,#VALUE!,#VALUE!,#VALUE!,#VALUE!,#VALUE!,#,#VALUE!,#VALUE!,#VALUE!,#VALUE!,#VALUE!,#VALUE!,#,#VALUE!,#VALUE!,#VALUE!,#VALUE!,#VALUE!,#VALUE!,#,#VALUE!,#VALUE!,#VALUE!,#VALUE!,#VALUE!,#VALUE!,#,#VALUE!,#VALUE!,#VALUE!,#VALUE!,#VALUE!,#VALUE!,#,#VALUE!,#VALUE!,#VALUE!,#VALUE!,#VALUE!,#VALUE!,#,#VALUE!,#VALUE!,#VALUE!,#VALUE!,#VALUE!,#VALUE!,#,#VALUE!,#VALUE!,#VALUE!,#VALUE!,#VALUE!,#VALUE!,#,#VALUE!,#VALUE!,#VALUE!,#VALUE!,#VALUE!,#VALUE!,1 ,1.1 ,1.3 ,1.4 ,1.6 ,1.7 ,1.9 ,2 ,2.0 ,2.0 ,2.0 ,2.0 ,2.0 ,2.0 ,2 ,2.6 ,3.1 ,3.7 ,4.3 ,4.9 ,5.4 ,6 ,7.6 ,9.1 ,10.7 ,12.3 ,13.9 ,15.4 ,17 ,19.0 ,21.0 ,23.0 ,25.0 ,27.0 ,29.0 ,31 ,34.1 ,37.3 ,40.4 ,43.6 ,46.7 ,49.9 ,53 ,56.6 ,60.1 ,63.7 ,67.3 ,70.9 ,74.4 ,78 ,80.1 ,82.3 ,84.4 ,86.6 ,88.7 ,90.9 ,93 ,93.7 ,94.4 ,95.1 ,95.9 ,96.6 ,97.3 ,98 ,98.3 ,98.6 ,98.9 ,99.1 ,99.4 ,99.7 ,100 ,100.0 ,100.0 ,100.0 ,100.0 ,100.0 ,100.0 ,100 ,,,,100.0 ,100.0 ,100.0 ,100 ,,,,,,,#,#VALUE!,#VALUE!,#VALUE!,#VALUE!,#VALUE!,#VALUE!,#,#VALUE!,#VALUE!,#VALUE!,#VALUE!,#VALUE!,#VALUE!,#,#VALUE!,#VALUE!,#VALUE!,#VALUE!,#VALUE!,#VALUE!,#
07 ,#,#VALUE!,#VALUE!,#VALUE!,#VALUE!,#VALUE!,#VALUE!,#,#VALUE!,#VALUE!,#VALUE!,#VALUE!,#VALUE!,#VALUE!,#,#VALUE!,#VALUE!,#VALUE!,#VALUE!,#VALUE!,#VALUE!,#,#VALUE!,#VALUE!,#VALUE!,#VALUE!,#VALUE!,#VALUE!,#,#VALUE!,#VALUE!,#VALUE!,#VALUE!,#VALUE!,#VALUE!,#,#VALUE!,#VALUE!,#VALUE!,#VALUE!,#VALUE!,#VALUE!,#,#VALUE!,#VALUE!,#VALUE!,#VALUE!,#VALUE!,#VALUE!,#,#VALUE!,#VALUE!,#VALUE!,#VALUE!,#VALUE!,#VALUE!,#,#VALUE!,#VALUE!,#VALUE!,#VALUE!,#VALUE!,#VALUE!,#,#VALUE!,#VALUE!,#VALUE!,#VALUE!,#VALUE!,#VALUE!,#,#VALUE!,#VALUE!,#VALUE!,#VALUE!,#VALUE!,#VALUE!,#,#VALUE!,#VALUE!,#VALUE!,#VALUE!,#VALUE!,#VALUE!,#,#VALUE!,#VALUE!,#VALUE!,#VALUE!,#VALUE!,#VALUE!,#,#VALUE!,#VALUE!,#VALUE!,#VALUE!,#VALUE!,#VALUE!,#,#VALUE!,#VALUE!,#VALUE!,#VALUE!,#VALUE!,#VALUE!,#,#VALUE!,#VALUE!,#VALUE!,#VALUE!,#VALUE!,#VALUE!,#,#VALUE!,#VALUE!,#VALUE!,#VALUE!,#VALUE!,#VALUE!,#,#VALUE!,#VALUE!,#VALUE!,#VALUE!,#VALUE!,#VALUE!,#,#VALUE!,#VALUE!,#VALUE!,#VALUE!,#VALUE!,#VALUE!,#,#VALUE!,#VALUE!,#VALUE!,#VALUE!,#VALUE!,#VALUE!,#,#VALUE!,#VALUE!,#VALUE!,#VALUE!,#VALUE!,#VALUE!,#,#VALUE!,#VALUE!,#VALUE!,#VALUE!,#VALUE!,#VALUE!,#,#VALUE!,#VALUE!,#VALUE!,#VALUE!,#VALUE!,#VALUE!,0 , , , , , , ,0 ,0.3 ,0.6 ,0.9 ,1.1 ,1.4 ,1.7 ,2 ,2.4 ,2.9 ,3.3 ,3.7 ,4.1 ,4.6 ,5 ,6.1 ,7.3 ,8.4 ,9.6 ,10.7 ,11.9 ,13 ,15.0 ,17.0 ,19.0 ,21.0 ,23.0 ,25.0 ,27 ,29.0 ,31.0 ,33.0 ,35.0 ,37.0 ,39.0 ,41 ,43.0 ,45.0 ,47.0 ,49.0 ,51.0 ,53.0 ,55 ,58.6 ,62.1 ,65.7 ,69.3 ,72.9 ,76.4 ,80 ,81.6 ,83.1 ,84.7 ,86.3 ,87.9 ,89.4 ,91 ,91.9 ,92.7 ,93.6 ,94.4 ,95.3 ,96.1 ,97 ,97.4 ,97.9 ,98.3 ,98.7 ,99.1 ,99.6 ,100 ,,,,,100.0 ,100.0 ,100 ,,,,,,,#,#VALUE!,#VALUE!,#VALUE!,#VALUE!,#VALUE!,#VALUE!,#,#VALUE!,#VALUE!,#VALUE!,#VALUE!,#VALUE!,#VALUE!,#,#VALUE!,#VALUE!,#VALUE!,#VALUE!,#VALUE!,#VALUE!,#,
08 ,,,,,,#,#VALUE!,#VALUE!,#VALUE!,#VALUE!,#VALUE!,#VALUE!,#,#VALUE!,#VALUE!,#VALUE!,#VALUE!,#VALUE!,#VALUE!,#,#VALUE!,#VALUE!,#VALUE!,#VALUE!,#VALUE!,#VALUE!,#,#VALUE!,#VALUE!,#VALUE!,#VALUE!,#VALUE!,#VALUE!,#,#VALUE!,#VALUE!,#VALUE!,#VALUE!,#VALUE!,#VALUE!,#,#VALUE!,#VALUE!,#VALUE!,#VALUE!,#VALUE!,#VALUE!,#,#VALUE!,#VALUE!,#VALUE!,#VALUE!,#VALUE!,#VALUE!,#,#VALUE!,#VALUE!,#VALUE!,#VALUE!,#VALUE!,#VALUE!,#,#VALUE!,#VALUE!,#VALUE!,#VALUE!,#VALUE!,#VALUE!,#,#VALUE!,#VALUE!,#VALUE!,#VALUE!,#VALUE!,#VALUE!,#,#VALUE!,#VALUE!,#VALUE!,#VALUE!,#VALUE!,#VALUE!,#,#VALUE!,#VALUE!,#VALUE!,#VALUE!,#VALUE!,#VALUE!,#,#VALUE!,#VALUE!,#VALUE!,#VALUE!,#VALUE!,#VALUE!,#,#VALUE!,#VALUE!,#VALUE!,#VALUE!,#VALUE!,#VALUE!,#,#VALUE!,#VALUE!,#VALUE!,#VALUE!,#VALUE!,#VALUE!,#,#VALUE!,#VALUE!,#VALUE!,#VALUE!,#VALUE!,#VALUE!,#,#VALUE!,#VALUE!,#VALUE!,#VALUE!,#VALUE!,#VALUE!,#,#VALUE!,#VALUE!,#VALUE!,#VALUE!,#VALUE!,#VALUE!,#,#VALUE!,#VALUE!,#VALUE!,#VALUE!,#VALUE!,#VALUE!,#,#VALUE!,#VALUE!,#VALUE!,#VALUE!,#VALUE!,#VALUE!,#,#VALUE!,#VALUE!,#VALUE!,#VALUE!,#VALUE!,#VALUE!,#,#VALUE!,#VALUE!,#VALUE!,#VALUE!,#VALUE!,#VALUE!,#,#VALUE!,#VALUE!,#VALUE!,#VALUE!,#VALUE!,#VALUE!,#,#VALUE!,#VALUE!,#VALUE!,#VALUE!,#VALUE!,#VALUE!,0 , , , , , , ,0 , , , , , , ,0 ,0.1 ,0.3 ,0.4 ,0.6 ,0.7 ,0.9 ,1 ,1.3 ,1.6 ,1.9 ,2.1 ,2.4 ,2.7 ,3 ,3.1 ,3.3 ,3.4 ,3.6 ,3.7 ,3.9 ,4 ,5.0 ,6.0 ,7.0 ,8.0 ,9.0 ,10.0 ,11 ,12.7 ,14.4 ,16.1 ,17.9 ,19.6 ,21.3 ,23 ,24.4 ,25.9 ,27.3 ,28.7 ,30.1 ,31.6 ,33 ,35.9 ,38.7 ,41.6 ,44.4 ,47.3 ,50.1 ,53 ,55.4 ,57.9 ,60.3 ,62.7 ,65.1 ,67.6 ,70 ,71.4 ,72.9 ,74.3 ,75.7 ,77.1 ,78.6 ,80 ,,,,,,,#,,,,,,,#,,,,,,,#,,,
09 ,,,,,#,#VALUE!,#VALUE!,#VALUE!,#VALUE!,#VALUE!,#VALUE!,#,#VALUE!,#VALUE!,#VALUE!,#VALUE!,#VALUE!,#VALUE!,#,#VALUE!,#VALUE!,#VALUE!,#VALUE!,#VALUE!,#VALUE!,#,#VALUE!,#VALUE!,#VALUE!,#VALUE!,#VALUE!,#VALUE!,#,#VALUE!,#VALUE!,#VALUE!,#VALUE!,#VALUE!,#VALUE!,#,#VALUE!,#VALUE!,#VALUE!,#VALUE!,#VALUE!,#VALUE!,#,#VALUE!,#VALUE!,#VALUE!,#VALUE!,#VALUE!,#VALUE!,#,#VALUE!,#VALUE!,#VALUE!,#VALUE!,#VALUE!,#VALUE!,#,#VALUE!,#VALUE!,#VALUE!,#VALUE!,#VALUE!,#VALUE!,#,#VALUE!,#VALUE!,#VALUE!,#VALUE!,#VALUE!,#VALUE!,#,#VALUE!,#VALUE!,#VALUE!,#VALUE!,#VALUE!,#VALUE!,#,#VALUE!,#VALUE!,#VALUE!,#VALUE!,#VALUE!,#VALUE!,#,#VALUE!,#VALUE!,#VALUE!,#VALUE!,#VALUE!,#VALUE!,#,#VALUE!,#VALUE!,#VALUE!,#VALUE!,#VALUE!,#VALUE!,#,#VALUE!,#VALUE!,#VALUE!,#VALUE!,#VALUE!,#VALUE!,#,#VALUE!,#VALUE!,#VALUE!,#VALUE!,#VALUE!,#VALUE!,#,#VALUE!,#VALUE!,#VALUE!,#VALUE!,#VALUE!,#VALUE!,#,#VALUE!,#VALUE!,#VALUE!,#VALUE!,#VALUE!,#VALUE!,#,#VALUE!,#VALUE!,#VALUE!,#VALUE!,#VALUE!,#VALUE!,#,#VALUE!,#VALUE!,#VALUE!,#VALUE!,#VALUE!,#VALUE!,#,#VALUE!,#VALUE!,#VALUE!,#VALUE!,#VALUE!,#VALUE!,#,#VALUE!,#VALUE!,#VALUE!,#VALUE!,#VALUE!,#VALUE!,#,#VALUE!,#VALUE!,#VALUE!,#VALUE!,#VALUE!,#VALUE!,#,#VALUE!,#VALUE!,#VALUE!,#VALUE!,#VALUE!,#VALUE!,#,#VALUE!,#VALUE!,#VALUE!,#VALUE!,#VALUE!,#VALUE!,0 , , , , , , ,0 , , , , , , ,0 ,0.1 ,0.3 ,0.4 ,0.6 ,0.7 ,0.9 ,1 ,1.1 ,1.3 ,1.4 ,1.6 ,1.7 ,1.9 ,2 ,2.0 ,2.0 ,2.0 ,2.0 ,2.0 ,2.0 ,2 ,2.1 ,2.3 ,2.4 ,2.6 ,2.7 ,2.9 ,3 ,3.7 ,4.4 ,5.1 ,5.9 ,6.6 ,7.3 ,8 ,9.9 ,11.7 ,13.6 ,15.4 ,17.3 ,19.1 ,21 ,23.7 ,26.4 ,29.1 ,31.9 ,34.6 ,37.3 ,40 ,41.9 ,43.7 ,45.6 ,47.4 ,49.3 ,51.1 ,53 ,54.0 ,55.0 ,56.0 ,57.0 ,58.0 ,59.0 ,60 ,61.1 ,62.3 ,63.4 ,64.6 ,65.7 ,66.9 ,68 ,,,,,,,#,,,,
10 ,,,,#,#VALUE!,#VALUE!,#VALUE!,#VALUE!,#VALUE!,#VALUE!,#,#VALUE!,#VALUE!,#VALUE!,#VALUE!,#VALUE!,#VALUE!,#,#VALUE!,#VALUE!,#VALUE!,#VALUE!,#VALUE!,#VALUE!,#,#VALUE!,#VALUE!,#VALUE!,#VALUE!,#VALUE!,#VALUE!,#,#VALUE!,#VALUE!,#VALUE!,#VALUE!,#VALUE!,#VALUE!,#,#VALUE!,#VALUE!,#VALUE!,#VALUE!,#VALUE!,#VALUE!,#,#VALUE!,#VALUE!,#VALUE!,#VALUE!,#VALUE!,#VALUE!,#,#VALUE!,#VALUE!,#VALUE!,#VALUE!,#VALUE!,#VALUE!,#,#VALUE!,#VALUE!,#VALUE!,#VALUE!,#VALUE!,#VALUE!,#,#VALUE!,#VALUE!,#VALUE!,#VALUE!,#VALUE!,#VALUE!,#,#VALUE!,#VALUE!,#VALUE!,#VALUE!,#VALUE!,#VALUE!,#,#VALUE!,#VALUE!,#VALUE!,#VALUE!,#VALUE!,#VALUE!,#,#VALUE!,#VALUE!,#VALUE!,#VALUE!,#VALUE!,#VALUE!,#,#VALUE!,#VALUE!,#VALUE!,#VALUE!,#VALUE!,#VALUE!,#,#VALUE!,#VALUE!,#VALUE!,#VALUE!,#VALUE!,#VALUE!,#,#VALUE!,#VALUE!,#VALUE!,#VALUE!,#VALUE!,#VALUE!,#,#VALUE!,#VALUE!,#VALUE!,#VALUE!,#VALUE!,#VALUE!,#,#VALUE!,#VALUE!,#VALUE!,#VALUE!,#VALUE!,#VALUE!,#,#VALUE!,#VALUE!,#VALUE!,#VALUE!,#VALUE!,#VALUE!,#,#VALUE!,#VALUE!,#VALUE!,#VALUE!,#VALUE!,#VALUE!,#,#VALUE!,#VALUE!,#VALUE!,#VALUE!,#VALUE!,#VALUE!,#,#VALUE!,#VALUE!,#VALUE!,#VALUE!,#VALUE!,#VALUE!,0 , , , , , , ,0 , , , , , , ,0 , , , , , , ,0 ,0.3 ,0.6 ,0.9 ,1.1 ,1.4 ,1.7 ,2 ,2.6 ,3.1 ,3.7 ,4.3 ,4.9 ,5.4 ,6 ,8.3 ,10.6 ,12.9 ,15.1 ,17.4 ,19.7 ,22 ,26.7 ,31.4 ,36.1 ,40.9 ,45.6 ,50.3 ,55 ,56.7 ,58.4 ,60.1 ,61.9 ,63.6 ,65.3 ,67 ,69.4 ,71.9 ,74.3 ,76.7 ,79.1 ,81.6 ,84 ,85.6 ,87.1 ,88.7 ,90.3 ,91.9 ,93.4 ,95 ,95.4 ,95.9 ,96.3 ,96.7 ,97.1 ,97.6 ,98 ,98.3 ,98.6 ,98.9 ,99.1 ,99.4 ,99.7 ,100 ,,100.0 ,,,,,#,#VALUE!,#VALUE!,#VALUE!,#VALUE!,#VALUE!,#VALUE!,#,,,,,,,#,,,,,,,#,,,,,
11 ,,,#,#VALUE!,#VALUE!,#VALUE!,#VALUE!,#VALUE!,#VALUE!,#,#VALUE!,#VALUE!,#VALUE!,#VALUE!,#VALUE!,#VALUE!,#,#VALUE!,#VALUE!,#VALUE!,#VALUE!,#VALUE!,#VALUE!,#,#VALUE!,#VALUE!,#VALUE!,#VALUE!,#VALUE!,#VALUE!,#,#VALUE!,#VALUE!,#VALUE!,#VALUE!,#VALUE!,#VALUE!,#,#VALUE!,#VALUE!,#VALUE!,#VALUE!,#VALUE!,#VALUE!,#,#VALUE!,#VALUE!,#VALUE!,#VALUE!,#VALUE!,#VALUE!,#,#VALUE!,#VALUE!,#VALUE!,#VALUE!,#VALUE!,#VALUE!,#,#VALUE!,#VALUE!,#VALUE!,#VALUE!,#VALUE!,#VALUE!,#,#VALUE!,#VALUE!,#VALUE!,#VALUE!,#VALUE!,#VALUE!,#,#VALUE!,#VALUE!,#VALUE!,#VALUE!,#VALUE!,#VALUE!,#,#VALUE!,#VALUE!,#VALUE!,#VALUE!,#VALUE!,#VALUE!,#,#VALUE!,#VALUE!,#VALUE!,#VALUE!,#VALUE!,#VALUE!,#,#VALUE!,#VALUE!,#VALUE!,#VALUE!,#VALUE!,#VALUE!,#,#VALUE!,#VALUE!,#VALUE!,#VALUE!,#VALUE!,#VALUE!,#,#VALUE!,#VALUE!,#VALUE!,#VALUE!,#VALUE!,#VALUE!,#,#VALUE!,#VALUE!,#VALUE!,#VALUE!,#VALUE!,#VALUE!,#,,,,,,,#,#VALUE!,#VALUE!,#VALUE!,#VALUE!,#VALUE!,#VALUE!,#,#VALUE!,#VALUE!,#VALUE!,#VALUE!,#VALUE!,#VALUE!,#,#VALUE!,#VALUE!,#VALUE!,#VALUE!,#VALUE!,#VALUE!,#,#VALUE!,#VALUE!,#VALUE!,#VALUE!,#VALUE!,#VALUE!,#,,,,,,,#,,,,,,,0 , , , , , , ,0 ,0.1 ,0.3 ,0.4 ,0.6 ,0.7 ,0.9 ,1 ,2.3 ,3.6 ,4.9 ,6.1 ,7.4 ,8.7 ,10 ,13.0 ,16.0 ,19.0 ,22.0 ,25.0 ,28.0 ,31 ,36.7 ,42.4 ,48.1 ,53.9 ,59.6 ,65.3 ,71 ,73.4 ,75.9 ,78.3 ,80.7 ,83.1 ,85.6 ,88 ,89.1 ,90.3 ,91.4 ,92.6 ,93.7 ,94.9 ,96 ,96.6 ,97.1 ,97.7 ,98.3 ,98.9 ,99.4 ,100 ,100.0 ,100.0 ,100.0 ,100.0 ,100.0 ,100.0 ,100 ,100.0 ,100.0 ,100.0 ,100.0 ,100.0 ,100.0 ,100 ,,,100.0 ,,,,#,#VALUE!,#VALUE!,#VALUE!,#VALUE!,#VALUE!,#VALUE!,#,#VALUE!,#VALUE!,#VALUE!,#VALUE!,#VALUE!,#VALUE!,#,,,,,,,#,,,,,,
12 ,#,#VALUE!,#VALUE!,#VALUE!,#VALUE!,#VALUE!,#VALUE!,#,#VALUE!,#VALUE!,#VALUE!,#VALUE!,#VALUE!,#VALUE!,#,#VALUE!,#VALUE!,#VALUE!,#VALUE!,#VALUE!,#VALUE!,#,#VALUE!,#VALUE!,#VALUE!,#VALUE!,#VALUE!,#VALUE!,#,#VALUE!,#VALUE!,#VALUE!,#VALUE!,#VALUE!,#VALUE!,#,#VALUE!,#VALUE!,#VALUE!,#VALUE!,#VALUE!,#VALUE!,#,#VALUE!,#VALUE!,#VALUE!,#VALUE!,#VALUE!,#VALUE!,#,#VALUE!,#VALUE!,#VALUE!,#VALUE!,#VALUE!,#VALUE!,#,#VALUE!,#VALUE!,#VALUE!,#VALUE!,#VALUE!,#VALUE!,#,#VALUE!,#VALUE!,#VALUE!,#VALUE!,#VALUE!,#VALUE!,#,#VALUE!,#VALUE!,#VALUE!,#VALUE!,#VALUE!,#VALUE!,#,#VALUE!,#VALUE!,#VALUE!,#VALUE!,#VALUE!,#VALUE!,#,#VALUE!,#VALUE!,#VALUE!,#VALUE!,#VALUE!,#VALUE!,#,#VALUE!,#VALUE!,#VALUE!,#VALUE!,#VALUE!,#VALUE!,#,,,,,,,#,#VALUE!,#VALUE!,#VALUE!,#VALUE!,#VALUE!,#VALUE!,#,#VALUE!,#VALUE!,#VALUE!,#VALUE!,#VALUE!,#VALUE!,#,#VALUE!,#VALUE!,#VALUE!,#VALUE!,#VALUE!,#VALUE!,#,#VALUE!,#VALUE!,#VALUE!,#VALUE!,#VALUE!,#VALUE!,0 , , , , , , ,0 , , , , , , ,0 ,,,,,,,0 ,0.3 ,0.6 ,0.9 ,1.1 ,1.4 ,1.7 ,2 ,3.1 ,4.3 ,5.4 ,6.6 ,7.7 ,8.9 ,10 ,11.4 ,12.9 ,14.3 ,15.7 ,17.1 ,18.6 ,20 ,22.3 ,24.6 ,26.9 ,29.1 ,31.4 ,33.7 ,36 ,39.9 ,43.7 ,47.6 ,51.4 ,55.3 ,59.1 ,63 ,66.0 ,69.0 ,72.0 ,75.0 ,78.0 ,81.0 ,84 ,85.0 ,86.0 ,87.0 ,88.0 ,89.0 ,90.0 ,91 ,91.4 ,91.9 ,92.3 ,92.7 ,93.1 ,93.6 ,94 ,94.6 ,95.1 ,95.7 ,96.3 ,96.9 ,97.4 ,98 ,98.3 ,98.6 ,98.9 ,99.1 ,99.4 ,99.7 ,100 ,100.0 ,100.0 ,100.0 ,100.0 ,100.0 ,100.0 ,100 ,,,,,,,,,,,,100.0 ,#REF!,#,#VALUE!,#VALUE!,#VALUE!,#VALUE!,#VALUE!,#VALUE!,#,,,,,,,#,,,,,,,#,,,,,,,#,
13 ,,,,,,,#,#VALUE!,#VALUE!,#VALUE!,#VALUE!,#VALUE!,#VALUE!,#,#VALUE!,#VALUE!,#VALUE!,#VALUE!,#VALUE!,#VALUE!,#,#VALUE!,#VALUE!,#VALUE!,#VALUE!,#VALUE!,#VALUE!,#,#VALUE!,#VALUE!,#VALUE!,#VALUE!,#VALUE!,#VALUE!,#,#VALUE!,#VALUE!,#VALUE!,#VALUE!,#VALUE!,#VALUE!,#,#VALUE!,#VALUE!,#VALUE!,#VALUE!,#VALUE!,#VALUE!,#,#VALUE!,#VALUE!,#VALUE!,#VALUE!,#VALUE!,#VALUE!,#,#VALUE!,#VALUE!,#VALUE!,#VALUE!,#VALUE!,#VALUE!,#,#VALUE!,#VALUE!,#VALUE!,#VALUE!,#VALUE!,#VALUE!,#,#VALUE!,#VALUE!,#VALUE!,#VALUE!,#VALUE!,#VALUE!,#,#VALUE!,#VALUE!,#VALUE!,#VALUE!,#VALUE!,#VALUE!,#,#VALUE!,#VALUE!,#VALUE!,#VALUE!,#VALUE!,#VALUE!,#,#VALUE!,#VALUE!,#VALUE!,#VALUE!,#VALUE!,#VALUE!,#,#VALUE!,#VALUE!,#VALUE!,#VALUE!,#VALUE!,#VALUE!,#,#VALUE!,#VALUE!,#VALUE!,#VALUE!,#VALUE!,#VALUE!,#,,,,,,,#,#VALUE!,#VALUE!,#VALUE!,#VALUE!,#VALUE!,#VALUE!,#,#VALUE!,#VALUE!,#VALUE!,#VALUE!,#VALUE!,#VALUE!,#,#VALUE!,#VALUE!,#VALUE!,#VALUE!,#VALUE!,#VALUE!,#,#VALUE!,#VALUE!,#VALUE!,#VALUE!,#VALUE!,#VALUE!,#,#VALUE!,#VALUE!,#VALUE!,#VALUE!,#VALUE!,#VALUE!,#,#VALUE!,#VALUE!,#VALUE!,#VALUE!,#VALUE!,#VALUE!,#,#VALUE!,#VALUE!,#VALUE!,#VALUE!,#VALUE!,#VALUE!,#,,,,,,,1 ,1.0 ,1.0 ,1.0 ,1.0 ,1.0 ,1.0 ,1 ,1.6 ,2.1 ,2.7 ,3.3 ,3.9 ,4.4 ,5 ,5.7 ,6.4 ,7.1 ,7.9 ,8.6 ,9.3 ,10 ,10.6 ,11.1 ,11.7 ,12.3 ,12.9 ,13.4 ,14 ,16.7 ,19.4 ,22.1 ,24.9 ,27.6 ,30.3 ,33 ,35.0 ,37.0 ,39.0 ,41.0 ,43.0 ,45.0 ,47 ,49.4 ,51.9 ,54.3 ,56.7 ,59.1 ,61.6 ,64 ,66.0 ,68.0 ,70.0 ,72.0 ,74.0 ,76.0 ,78 ,79.1 ,80.3 ,81.4 ,82.6 ,83.7 ,84.9 ,86 ,86.9 ,87.7 ,88.6 ,89.4 ,90.3 ,91.1 ,92 ,,,,,,,#,#VALUE!,#VALUE!,#VALUE!,#VALUE!,#VALUE!,#VALUE!,#,,,,,,,#,,,,,,,#,,
14 ,,,,,,#,#VALUE!,#VALUE!,#VALUE!,#VALUE!,#VALUE!,#VALUE!,#,#VALUE!,#VALUE!,#VALUE!,#VALUE!,#VALUE!,#VALUE!,#,#VALUE!,#VALUE!,#VALUE!,#VALUE!,#VALUE!,#VALUE!,#,#VALUE!,#VALUE!,#VALUE!,#VALUE!,#VALUE!,#VALUE!,#,#VALUE!,#VALUE!,#VALUE!,#VALUE!,#VALUE!,#VALUE!,#,#VALUE!,#VALUE!,#VALUE!,#VALUE!,#VALUE!,#VALUE!,#,#VALUE!,#VALUE!,#VALUE!,#VALUE!,#VALUE!,#VALUE!,#,#VALUE!,#VALUE!,#VALUE!,#VALUE!,#VALUE!,#VALUE!,#,#VALUE!,#VALUE!,#VALUE!,#VALUE!,#VALUE!,#VALUE!,#,#VALUE!,#VALUE!,#VALUE!,#VALUE!,#VALUE!,#VALUE!,#,#VALUE!,#VALUE!,#VALUE!,#VALUE!,#VALUE!,#VALUE!,#,#VALUE!,#VALUE!,#VALUE!,#VALUE!,#VALUE!,#VALUE!,#,#VALUE!,#VALUE!,#VALUE!,#VALUE!,#VALUE!,#VALUE!,#,#VALUE!,#VALUE!,#VALUE!,#VALUE!,#VALUE!,#VALUE!,#,#VALUE!,#VALUE!,#VALUE!,#VALUE!,#VALUE!,#VALUE!,#,,,,,,,#,#VALUE!,#VALUE!,#VALUE!,#VALUE!,#VALUE!,#VALUE!,#,#VALUE!,#VALUE!,#VALUE!,#VALUE!,#VALUE!,#VALUE!,#,#VALUE!,#VALUE!,#VALUE!,#VALUE!,#VALUE!,#VALUE!,#,#VALUE!,#VALUE!,#VALUE!,#VALUE!,#VALUE!,#VALUE!,#,,,,,,,#,#VALUE!,#VALUE!,#VALUE!,#VALUE!,#VALUE!,#VALUE!,#,#VALUE!,#VALUE!,#VALUE!,#VALUE!,#VALUE!,#VALUE!,#,#VALUE!,#VALUE!,#VALUE!,#VALUE!,#VALUE!,#VALUE!,#,#VALUE!,#VALUE!,#VALUE!,#VALUE!,#VALUE!,#VALUE!,#,#VALUE!,#VALUE!,#VALUE!,#VALUE!,#VALUE!,#VALUE!,1 ,1.1 ,1.3 ,1.4 ,1.6 ,1.7 ,1.9 ,2 ,2.7 ,3.4 ,4.1 ,4.9 ,5.6 ,6.3 ,7 ,9.1 ,11.3 ,13.4 ,15.6 ,17.7 ,19.9 ,22 ,25.7 ,29.4 ,33.1 ,36.9 ,40.6 ,44.3 ,48 ,51.6 ,55.1 ,58.7 ,62.3 ,65.9 ,69.4 ,73 ,74.7 ,76.4 ,78.1 ,79.9 ,81.6 ,83.3 ,85 ,86.0 ,87.0 ,88.0 ,89.0 ,90.0 ,91.0 ,92 ,92.4 ,92.9 ,93.3 ,93.7 ,94.1 ,94.6 ,95 ,95.7 ,96.4 ,97.1 ,97.9 ,98.6 ,99.3 ,100 ,,,,,,,#,,,,,,,#,,,,,,,#,,,
15 ,,,,,#,#VALUE!,#VALUE!,#VALUE!,#VALUE!,#VALUE!,#VALUE!,#,#VALUE!,#VALUE!,#VALUE!,#VALUE!,#VALUE!,#VALUE!,#,#VALUE!,#VALUE!,#VALUE!,#VALUE!,#VALUE!,#VALUE!,#,#VALUE!,#VALUE!,#VALUE!,#VALUE!,#VALUE!,#VALUE!,#,#VALUE!,#VALUE!,#VALUE!,#VALUE!,#VALUE!,#VALUE!,#,#VALUE!,#VALUE!,#VALUE!,#VALUE!,#VALUE!,#VALUE!,#,#VALUE!,#VALUE!,#VALUE!,#VALUE!,#VALUE!,#VALUE!,#,#VALUE!,#VALUE!,#VALUE!,#VALUE!,#VALUE!,#VALUE!,#,#VALUE!,#VALUE!,#VALUE!,#VALUE!,#VALUE!,#VALUE!,#,#VALUE!,#VALUE!,#VALUE!,#VALUE!,#VALUE!,#VALUE!,#,#VALUE!,#VALUE!,#VALUE!,#VALUE!,#VALUE!,#VALUE!,#,#VALUE!,#VALUE!,#VALUE!,#VALUE!,#VALUE!,#VALUE!,#,#VALUE!,#VALUE!,#VALUE!,#VALUE!,#VALUE!,#VALUE!,#,#VALUE!,#VALUE!,#VALUE!,#VALUE!,#VALUE!,#VALUE!,#,#VALUE!,#VALUE!,#VALUE!,#VALUE!,#VALUE!,#VALUE!,#,#VALUE!,#VALUE!,#VALUE!,#VALUE!,#VALUE!,#VALUE!,#,#VALUE!,#VALUE!,#VALUE!,#VALUE!,#VALUE!,#VALUE!,#,#VALUE!,#VALUE!,#VALUE!,#VALUE!,#VALUE!,#VALUE!,#,#VALUE!,#VALUE!,#VALUE!,#VALUE!,#VALUE!,#VALUE!,#,#VALUE!,#VALUE!,#VALUE!,#VALUE!,#VALUE!,#VALUE!,#,#VALUE!,#VALUE!,#VALUE!,#VALUE!,#VALUE!,#VALUE!,#,#VALUE!,#VALUE!,#VALUE!,#VALUE!,#VALUE!,#VALUE!,#,#VALUE!,#VALUE!,#VALUE!,#VALUE!,#VALUE!,#VALUE!,#,#VALUE!,#VALUE!,#VALUE!,#VALUE!,#VALUE!,#VALUE!,#,#VALUE!,#VALUE!,#VALUE!,#VALUE!,#VALUE!,#VALUE!,3 ,3.4 ,3.9 ,4.3 ,4.7 ,5.1 ,5.6 ,6 ,7.3 ,8.6 ,9.9 ,11.1 ,12.4 ,13.7 ,15 ,18.1 ,21.3 ,24.4 ,27.6 ,30.7 ,33.9 ,37 ,40.9 ,44.7 ,48.6 ,52.4 ,56.3 ,60.1 ,64 ,66.7 ,69.4 ,72.1 ,74.9 ,77.6 ,80.3 ,83 ,84.1 ,85.3 ,86.4 ,87.6 ,88.7 ,89.9 ,91 ,91.9 ,92.7 ,93.6 ,94.4 ,95.3 ,96.1 ,97 ,97.4 ,97.9 ,98.3 ,98.7 ,99.1 ,99.6 ,100 ,100.0 ,100.0 ,100.0 ,100.0 ,100.0 ,100.0 ,100 ,,,,,,,#,#VALUE!,#VALUE!,#VALUE!,#VALUE!,#VALUE!,#VALUE!,#,,,,,,,#,,,,,,,#,,,,
16 ,,,#,#VALUE!,#VALUE!,#VALUE!,#VALUE!,#VALUE!,#VALUE!,#,#VALUE!,#VALUE!,#VALUE!,#VALUE!,#VALUE!,#VALUE!,#,#VALUE!,#VALUE!,#VALUE!,#VALUE!,#VALUE!,#VALUE!,#,#VALUE!,#VALUE!,#VALUE!,#VALUE!,#VALUE!,#VALUE!,#,#VALUE!,#VALUE!,#VALUE!,#VALUE!,#VALUE!,#VALUE!,#,#VALUE!,#VALUE!,#VALUE!,#VALUE!,#VALUE!,#VALUE!,#,#VALUE!,#VALUE!,#VALUE!,#VALUE!,#VALUE!,#VALUE!,#,#VALUE!,#VALUE!,#VALUE!,#VALUE!,#VALUE!,#VALUE!,#,#VALUE!,#VALUE!,#VALUE!,#VALUE!,#VALUE!,#VALUE!,#,#VALUE!,#VALUE!,#VALUE!,#VALUE!,#VALUE!,#VALUE!,#,#VALUE!,#VALUE!,#VALUE!,#VALUE!,#VALUE!,#VALUE!,#,#VALUE!,#VALUE!,#VALUE!,#VALUE!,#VALUE!,#VALUE!,#,#VALUE!,#VALUE!,#VALUE!,#VALUE!,#VALUE!,#VALUE!,#,#VALUE!,#VALUE!,#VALUE!,#VALUE!,#VALUE!,#VALUE!,#,#VALUE!,#VALUE!,#VALUE!,#VALUE!,#VALUE!,#VALUE!,#,#VALUE!,#VALUE!,#VALUE!,#VALUE!,#VALUE!,#VALUE!,#,#VALUE!,#VALUE!,#VALUE!,#VALUE!,#VALUE!,#VALUE!,#,#VALUE!,#VALUE!,#VALUE!,#VALUE!,#VALUE!,#VALUE!,#,#VALUE!,#VALUE!,#VALUE!,#VALUE!,#VALUE!,#VALUE!,#,#VALUE!,#VALUE!,#VALUE!,#VALUE!,#VALUE!,#VALUE!,#,#VALUE!,#VALUE!,#VALUE!,#VALUE!,#VALUE!,#VALUE!,#,#VALUE!,#VALUE!,#VALUE!,#VALUE!,#VALUE!,#VALUE!,#,#VALUE!,#VALUE!,#VALUE!,#VALUE!,#VALUE!,#VALUE!,1 ,1.1 ,1.3 ,1.4 ,1.6 ,1.7 ,1.9 ,2 ,2.1 ,2.3 ,2.4 ,2.6 ,2.7 ,2.9 ,3 ,3.4 ,3.9 ,4.3 ,4.7 ,5.1 ,5.6 ,6 ,6.6 ,7.1 ,7.7 ,8.3 ,8.9 ,9.4 ,10 ,11.6 ,13.1 ,14.7 ,16.3 ,17.9 ,19.4 ,21 ,23.6 ,26.1 ,28.7 ,31.3 ,33.9 ,36.4 ,39 ,40.9 ,42.7 ,44.6 ,46.4 ,48.3 ,50.1 ,52 ,54.7 ,57.4 ,60.1 ,62.9 ,65.6 ,68.3 ,71 ,73.0 ,75.0 ,77.0 ,79.0 ,81.0 ,83.0 ,85 ,86.1 ,87.3 ,88.4 ,89.6 ,90.7 ,91.9 ,93 ,93.6 ,94.1 ,94.7 ,95.3 ,95.9 ,96.4 ,97 ,97.4 ,97.9 ,98.3 ,98.7 ,99.1 ,99.6 ,100 ,,,,,,,#,#VALUE!,#VALUE!,#VALUE!,#VALUE!,#VALUE!,#VALUE!,#,#VALUE!,#VALUE!,#VALUE!,#VALUE!,#VALUE!,#VALUE!,#,#VALUE!,#VALUE!,#VALUE!,#VALUE!,#VALUE!,#VALUE!
17 ,,#,#VALUE!,#VALUE!,#VALUE!,#VALUE!,#VALUE!,#VALUE!,#,#VALUE!,#VALUE!,#VALUE!,#VALUE!,#VALUE!,#VALUE!,#,#VALUE!,#VALUE!,#VALUE!,#VALUE!,#VALUE!,#VALUE!,#,#VALUE!,#VALUE!,#VALUE!,#VALUE!,#VALUE!,#VALUE!,#,#VALUE!,#VALUE!,#VALUE!,#VALUE!,#VALUE!,#VALUE!,#,#VALUE!,#VALUE!,#VALUE!,#VALUE!,#VALUE!,#VALUE!,#,#VALUE!,#VALUE!,#VALUE!,#VALUE!,#VALUE!,#VALUE!,#,#VALUE!,#VALUE!,#VALUE!,#VALUE!,#VALUE!,#VALUE!,#,#VALUE!,#VALUE!,#VALUE!,#VALUE!,#VALUE!,#VALUE!,#,#VALUE!,#VALUE!,#VALUE!,#VALUE!,#VALUE!,#VALUE!,#,#VALUE!,#VALUE!,#VALUE!,#VALUE!,#VALUE!,#VALUE!,#,#VALUE!,#VALUE!,#VALUE!,#VALUE!,#VALUE!,#VALUE!,#,#VALUE!,#VALUE!,#VALUE!,#VALUE!,#VALUE!,#VALUE!,#,#VALUE!,#VALUE!,#VALUE!,#VALUE!,#VALUE!,#VALUE!,#,#VALUE!,#VALUE!,#VALUE!,#VALUE!,#VALUE!,#VALUE!,#,#VALUE!,#VALUE!,#VALUE!,#VALUE!,#VALUE!,#VALUE!,#,#VALUE!,#VALUE!,#VALUE!,#VALUE!,#VALUE!,#VALUE!,#,#VALUE!,#VALUE!,#VALUE!,#VALUE!,#VALUE!,#VALUE!,#,#VALUE!,#VALUE!,#VALUE!,#VALUE!,#VALUE!,#VALUE!,#,#VALUE!,#VALUE!,#VALUE!,#VALUE!,#VALUE!,#VALUE!,#,#VALUE!,#VALUE!,#VALUE!,#VALUE!,#VALUE!,#VALUE!,#,#VALUE!,#VALUE!,#VALUE!,#VALUE!,#VALUE!,#VALUE!,#,#VALUE!,#VALUE!,#VALUE!,#VALUE!,#VALUE!,#VALUE!,0 , , , , , , ,0 ,0.1 ,0.3 ,0.4 ,0.6 ,0.7 ,0.9 ,1 ,1.1 ,1.3 ,1.4 ,1.6 ,1.7 ,1.9 ,2 ,2.3 ,2.6 ,2.9 ,3.1 ,3.4 ,3.7 ,4 ,4.6 ,5.1 ,5.7 ,6.3 ,6.9 ,7.4 ,8 ,9.3 ,10.6 ,11.9 ,13.1 ,14.4 ,15.7 ,17 ,19.9 ,22.7 ,25.6 ,28.4 ,31.3 ,34.1 ,37 ,40.1 ,43.3 ,46.4 ,49.6 ,52.7 ,55.9 ,59 ,61.4 ,63.9 ,66.3 ,68.7 ,71.1 ,73.6 ,76 ,77.4 ,78.9 ,80.3 ,81.7 ,83.1 ,84.6 ,86 ,87.1 ,88.3 ,89.4 ,90.6 ,91.7 ,92.9 ,94 ,,,,,,,#,,,,,,,#,#VALUE!,#VALUE!,#VALUE!,#VALUE!,#VALUE!,#VALUE!,#,#VALUE!,#VALUE!,#VALUE!,#VALUE!,#VALUE!,#VALUE!,#,#VALUE!,#VALUE!,#VALUE!,#VALUE!,#VALUE!,#VALUE!,#
18 ,#,#VALUE!,#VALUE!,#VALUE!,#VALUE!,#VALUE!,#VALUE!,#,#VALUE!,#VALUE!,#VALUE!,#VALUE!,#VALUE!,#VALUE!,#,#VALUE!,#VALUE!,#VALUE!,#VALUE!,#VALUE!,#VALUE!,#,#VALUE!,#VALUE!,#VALUE!,#VALUE!,#VALUE!,#VALUE!,#,#VALUE!,#VALUE!,#VALUE!,#VALUE!,#VALUE!,#VALUE!,#,#VALUE!,#VALUE!,#VALUE!,#VALUE!,#VALUE!,#VALUE!,#,#VALUE!,#VALUE!,#VALUE!,#VALUE!,#VALUE!,#VALUE!,#,#VALUE!,#VALUE!,#VALUE!,#VALUE!,#VALUE!,#VALUE!,#,#VALUE!,#VALUE!,#VALUE!,#VALUE!,#VALUE!,#VALUE!,#,#VALUE!,#VALUE!,#VALUE!,#VALUE!,#VALUE!,#VALUE!,#,#VALUE!,#VALUE!,#VALUE!,#VALUE!,#VALUE!,#VALUE!,#,#VALUE!,#VALUE!,#VALUE!,#VALUE!,#VALUE!,#VALUE!,#,#VALUE!,#VALUE!,#VALUE!,#VALUE!,#VALUE!,#VALUE!,#,#VALUE!,#VALUE!,#VALUE!,#VALUE!,#VALUE!,#VALUE!,#,#VALUE!,#VALUE!,#VALUE!,#VALUE!,#VALUE!,#VALUE!,#,#VALUE!,#VALUE!,#VALUE!,#VALUE!,#VALUE!,#VALUE!,#,#VALUE!,#VALUE!,#VALUE!,#VALUE!,#VALUE!,#VALUE!,#,#VALUE!,#VALUE!,#VALUE!,#VALUE!,#VALUE!,#VALUE!,#,#VALUE!,#VALUE!,#VALUE!,#VALUE!,#VALUE!,#VALUE!,#,#VALUE!,#VALUE!,#VALUE!,#VALUE!,#VALUE!,#VALUE!,#,#VALUE!,#VALUE!,#VALUE!,#VALUE!,#VALUE!,#VALUE!,#,#VALUE!,#VALUE!,#VALUE!,#VALUE!,#VALUE!,#VALUE!,#,#VALUE!,#VALUE!,#VALUE!,#VALUE!,#VALUE!,#VALUE!,#,#VALUE!,#VALUE!,#VALUE!,#VALUE!,#VALUE!,#VALUE!,1 ,1.4 ,1.9 ,2.3 ,2.7 ,3.1 ,3.6 ,4 ,4.3 ,4.6 ,4.9 ,5.1 ,5.4 ,5.7 ,6 ,6.3 ,6.6 ,6.9 ,7.1 ,7.4 ,7.7 ,8 ,8.6 ,9.1 ,9.7 ,10.3 ,10.9 ,11.4 ,12 ,13.3 ,14.6 ,15.9 ,17.1 ,18.4 ,19.7 ,21 ,23.1 ,25.3 ,27.4 ,29.6 ,31.7 ,33.9 ,36 ,37.9 ,39.7 ,41.6 ,43.4 ,45.3 ,47.1 ,49 ,50.9 ,52.7 ,54.6 ,56.4 ,58.3 ,60.1 ,62 ,63.3 ,64.6 ,65.9 ,67.1 ,68.4 ,69.7 ,71 ,72.3 ,73.6 ,74.9 ,76.1 ,77.4 ,78.7 ,80 ,81.1 ,82.3 ,83.4 ,84.6 ,85.7 ,86.9 ,88 ,,,,,,,#,#VALUE!,#VALUE!,#VALUE!,#VALUE!,#VALUE!,#VALUE!,#,#VALUE!,#VALUE!,#VALUE!,#VALUE!,#VALUE!,#VALUE!,#,#VALUE!,#VALUE!,#VALUE!,#VALUE!,#VALUE!,#VALUE!,#,
19 ,,,,,,,#,#VALUE!,#VALUE!,#VALUE!,#VALUE!,#VALUE!,#VALUE!,#,#VALUE!,#VALUE!,#VALUE!,#VALUE!,#VALUE!,#VALUE!,#,#VALUE!,#VALUE!,#VALUE!,#VALUE!,#VALUE!,#VALUE!,#,#VALUE!,#VALUE!,#VALUE!,#VALUE!,#VALUE!,#VALUE!,#,#VALUE!,#VALUE!,#VALUE!,#VALUE!,#VALUE!,#VALUE!,#,#VALUE!,#VALUE!,#VALUE!,#VALUE!,#VALUE!,#VALUE!,#,#VALUE!,#VALUE!,#VALUE!,#VALUE!,#VALUE!,#VALUE!,#,#VALUE!,#VALUE!,#VALUE!,#VALUE!,#VALUE!,#VALUE!,#,#VALUE!,#VALUE!,#VALUE!,#VALUE!,#VALUE!,#VALUE!,#,#VALUE!,#VALUE!,#VALUE!,#VALUE!,#VALUE!,#VALUE!,#,#VALUE!,#VALUE!,#VALUE!,#VALUE!,#VALUE!,#VALUE!,#,#VALUE!,#VALUE!,#VALUE!,#VALUE!,#VALUE!,#VALUE!,#,#VALUE!,#VALUE!,#VALUE!,#VALUE!,#VALUE!,#VALUE!,#,#VALUE!,#VALUE!,#VALUE!,#VALUE!,#VALUE!,#VALUE!,#,#VALUE!,#VALUE!,#VALUE!,#VALUE!,#VALUE!,#VALUE!,#,#VALUE!,#VALUE!,#VALUE!,#VALUE!,#VALUE!,#VALUE!,#,#VALUE!,#VALUE!,#VALUE!,#VALUE!,#VALUE!,#VALUE!,#,#VALUE!,#VALUE!,#VALUE!,#VALUE!,#VALUE!,#VALUE!,#,#VALUE!,#VALUE!,#VALUE!,#VALUE!,#VALUE!,#VALUE!,#,#VALUE!,#VALUE!,#VALUE!,#VALUE!,#VALUE!,#VALUE!,#,#VALUE!,#VALUE!,#VALUE!,#VALUE!,#VALUE!,#VALUE!,#,#VALUE!,#VALUE!,#VALUE!,#VALUE!,#VALUE!,#VALUE!,#,#VALUE!,#VALUE!,#VALUE!,#VALUE!,#VALUE!,#VALUE!,#,#VALUE!,#VALUE!,#VALUE!,#VALUE!,#VALUE!,#VALUE!,#,#VALUE!,#VALUE!,#VALUE!,#VALUE!,#VALUE!,#VALUE!,#,#VALUE!,#VALUE!,#VALUE!,#VALUE!,#VALUE!,#VALUE!,#,#VALUE!,#VALUE!,#VALUE!,#VALUE!,#VALUE!,#VALUE!,1 ,1.4 ,1.9 ,2.3 ,2.7 ,3.1 ,3.6 ,4 ,4.3 ,4.6 ,4.9 ,5.1 ,5.4 ,5.7 ,6 ,6.6 ,7.1 ,7.7 ,8.3 ,8.9 ,9.4 ,10 ,10.7 ,11.4 ,12.1 ,12.9 ,13.6 ,14.3 ,15 ,16.1 ,17.3 ,18.4 ,19.6 ,20.7 ,21.9 ,23 ,24.0 ,25.0 ,26.0 ,27.0 ,28.0 ,29.0 ,30 ,30.9 ,31.7 ,32.6 ,33.4 ,34.3 ,35.1 ,36 ,37.0 ,38.0 ,39.0 ,40.0 ,41.0 ,42.0 ,43 ,,,,,,,#,,,,,,,#,,,,,,,#,,
20 ,,,,,#,#VALUE!,#VALUE!,#VALUE!,#VALUE!,#VALUE!,#VALUE!,#,#VALUE!,#VALUE!,#VALUE!,#VALUE!,#VALUE!,#VALUE!,#,#VALUE!,#VALUE!,#VALUE!,#VALUE!,#VALUE!,#VALUE!,#,#VALUE!,#VALUE!,#VALUE!,#VALUE!,#VALUE!,#VALUE!,#,#VALUE!,#VALUE!,#VALUE!,#VALUE!,#VALUE!,#VALUE!,#,#VALUE!,#VALUE!,#VALUE!,#VALUE!,#VALUE!,#VALUE!,#,#VALUE!,#VALUE!,#VALUE!,#VALUE!,#VALUE!,#VALUE!,#,#VALUE!,#VALUE!,#VALUE!,#VALUE!,#VALUE!,#VALUE!,#,#VALUE!,#VALUE!,#VALUE!,#VALUE!,#VALUE!,#VALUE!,#,#VALUE!,#VALUE!,#VALUE!,#VALUE!,#VALUE!,#VALUE!,#,#VALUE!,#VALUE!,#VALUE!,#VALUE!,#VALUE!,#VALUE!,#,#VALUE!,#VALUE!,#VALUE!,#VALUE!,#VALUE!,#VALUE!,#,#VALUE!,#VALUE!,#VALUE!,#VALUE!,#VALUE!,#VALUE!,#,#VALUE!,#VALUE!,#VALUE!,#VALUE!,#VALUE!,#VALUE!,#,#VALUE!,#VALUE!,#VALUE!,#VALUE!,#VALUE!,#VALUE!,#,#VALUE!,#VALUE!,#VALUE!,#VALUE!,#VALUE!,#VALUE!,#,#VALUE!,#VALUE!,#VALUE!,#VALUE!,#VALUE!,#VALUE!,#,#VALUE!,#VALUE!,#VALUE!,#VALUE!,#VALUE!,#VALUE!,#,#VALUE!,#VALUE!,#VALUE!,#VALUE!,#VALUE!,#VALUE!,#,#VALUE!,#VALUE!,#VALUE!,#VALUE!,#VALUE!,#VALUE!,#,#VALUE!,#VALUE!,#VALUE!,#VALUE!,#VALUE!,#VALUE!,#,#VALUE!,#VALUE!,#VALUE!,#VALUE!,#VALUE!,#VALUE!,#,#VALUE!,#VALUE!,#VALUE!,#VALUE!,#VALUE!,#VALUE!,#,#VALUE!,#VALUE!,#VALUE!,#VALUE!,#VALUE!,#VALUE!,3 ,3.1 ,3.3 ,3.4 ,3.6 ,3.7 ,3.9 ,4 ,5.0 ,6.0 ,7.0 ,8.0 ,9.0 ,10.0 ,11 ,13.0 ,15.0 ,17.0 ,19.0 ,21.0 ,23.0 ,25 ,29.3 ,33.6 ,37.9 ,42.1 ,46.4 ,50.7 ,55 ,57.6 ,60.1 ,62.7 ,65.3 ,67.9 ,70.4 ,73 ,74.6 ,76.1 ,77.7 ,79.3 ,80.9 ,82.4 ,84 ,85.3 ,86.6 ,87.9 ,89.1 ,90.4 ,91.7 ,93 ,93.6 ,94.1 ,94.7 ,95.3 ,95.9 ,96.4 ,97 ,97.4 ,97.9 ,98.3 ,98.7 ,99.1 ,99.6 ,100 ,100.0 ,100.0 ,100.0 ,100.0 ,100.0 ,100.0 ,100 ,100.0 ,100.0 ,100.0 ,100.0 ,100.0 ,100.0 ,100 ,,,,,,,#,,,,,,,#,,,,,,,#,,,,
,,,,,,,,,,,,,,,,,,,,,,,,,,,,,,,,,,,,,,,,,,,,,,,,,,,,,,,,,,,,,,,,,,,,,,,,,,,,,,,,,,,,,,,,,,,,,,,,,,,,,,,,,,,,,,,,,,,,,,,,,,,,,,,,,,,,,,,,,,,,,,,,,,,,,,,,,,,,,,,,,,,,,,,,,,,,,,,,,,,,,,,,,,,,,,,,,,,,,,,,,,,,,,,,,,,,,,,,,,,,,,,,,,,,,,,,,,,,,,,,,,,,,,,,,,,,,,,,,,,,,,,,,,,,,,,,,,,
,,,,,,,,,,,,,,,,,,,,,,,,,,,,,,,,,,,,,,,,,,,,,,,,,,,,,,,,,,,,,,,,,,,,,,,,,,,,,,,,,,,,,,,,,,,,,,,,,,,,,,,,,,,,,,,,,,,,,,,,,,,,,,,,,,,,,,,,,,,,,,,,,,,,,,,,,,,,,,,,,,,,,,,,,,,,,,,,,,,,,,,,"NOTE:  October 6 and October 13, 2013 are NOT to be published.  It was during the government shutdown and estimates were imputed to be used ONLY for 5-year averages.",,,,,,,,,,,,,,,,,,,,,,,,,,,,,,,,,,,,,,,,,,,,,,,,,,,,,,,,,,,,,,,,,,,,,,,,,,,,,,,,,,,,,,,,,,,