Year,1.0 ,2.0 ,3.0 ,4.0 ,5.0 ,6.0 ,7.0 ,8.0 ,9.0 ,10.0 ,11.0 ,12.0 ,13.0 ,14.0 ,15.0 ,16.0 ,17.0 ,18.0 ,19.0 ,20.0 ,21.0 ,22.0 ,23.0 ,24.0 ,25.0 ,26.0 ,27.0 ,28.0 ,29.0 ,30.0 ,1.0 ,2.0 ,3.0 ,4.0 ,5.0 ,6.0 ,7.0 ,8.0 ,9.0 ,10.0 ,11.0 ,12.0 ,13.0 ,14.0 ,15.0 ,16.0 ,17.0 ,18.0 ,19.0 ,20.0 ,21.0 ,22.0 ,23.0 ,24.0 ,25.0 ,26.0 ,27.0 ,28.0 ,29.0 ,30.0 ,31.0 ,1.0 ,2.0 ,3.0 ,4.0 ,5.0 ,6.0 ,7.0 ,8.0 ,9.0 ,10.0 ,11.0 ,12.0 ,13.0 ,14.0 ,15.0 ,16.0 ,17.0 ,18.0 ,19.0 ,20.0 ,21.0 ,22.0 ,23.0 ,24.0 ,25.0 ,26.0 ,27.0 ,28.0 ,29.0 ,30.0 ,1.0 ,2.0 ,3.0 ,4.0 ,5.0 ,6.0 ,7.0 ,8.0 ,9.0 ,10.0 ,11.0 ,12.0 ,13.0 ,14.0 ,15.0 ,16.0 ,17.0 ,18.0 ,19.0 ,20.0 ,21.0 ,22.0 ,23.0 ,24.0 ,25.0 ,26.0 ,27.0 ,28.0 ,29.0 ,30.0 ,31.0 ,1.0 ,2.0 ,3.0 ,4.0 ,5.0 ,6.0 ,7.0 ,8.0 ,9.0 ,10.0 ,11.0 ,12.0 ,13.0 ,14.0 ,15.0 ,16.0 ,17.0 ,18.0 ,19.0 ,20.0 ,21.0 ,22.0 ,23.0 ,24.0 ,25.0 ,26.0 ,27.0 ,28.0 ,29.0 ,30.0 ,31.0 ,1.0 ,2.0 ,3.0 ,4.0 ,5.0 ,6.0 ,7.0 ,8.0 ,9.0 ,10.0 ,11.0 ,12.0 ,13.0 ,14.0 ,15.0 ,16.0 ,17.0 ,18.0 ,19.0 ,20.0 ,21.0 ,22.0 ,23.0 ,24.0 ,25.0 ,26.0 ,27.0 ,28.0 ,29.0 ,30.0 ,1.0 ,2.0 ,3.0 ,4.0 ,5.0 ,6.0 ,7.0 ,8.0 ,9.0 ,10.0 ,11.0 ,12.0 ,13.0 ,14.0 ,15.0 ,16.0 ,17.0 ,18.0 ,19.0 ,20.0 ,21.0 ,22.0 ,23.0 ,24.0 ,25.0 ,26.0 ,27.0 ,28.0 ,29.0 ,30.0 ,31.0 ,1.0 ,2.0 ,3.0 ,4.0 ,5.0 ,6.0 ,7.0 ,8.0 ,9.0 ,10.0 ,11.0 ,12.0 ,13.0 ,14.0 ,15.0 ,16.0 ,17.0 ,18.0 ,19.0 ,20.0 ,21.0 ,22.0 ,23.0 ,24.0 ,25.0 ,26.0 ,27.0 ,28.0 ,29.0 ,30.0 
85.0 ,,,,,,,#,#VALUE!,#VALUE!,#VALUE!,#VALUE!,#VALUE!,#VALUE!,#,#VALUE!,#VALUE!,#VALUE!,#VALUE!,#VALUE!,#VALUE!,#,#VALUE!,#VALUE!,#VALUE!,#VALUE!,#VALUE!,#VALUE!,#,#VALUE!,#VALUE!,#VALUE!,#VALUE!,#VALUE!,#VALUE!,#,#VALUE!,#VALUE!,#VALUE!,#VALUE!,#VALUE!,#VALUE!,#,#VALUE!,#VALUE!,#VALUE!,#VALUE!,#VALUE!,#VALUE!,#,#VALUE!,#VALUE!,#VALUE!,#VALUE!,#VALUE!,#VALUE!,#,#VALUE!,#VALUE!,#VALUE!,#VALUE!,#VALUE!,#VALUE!,#,#VALUE!,#VALUE!,#VALUE!,#VALUE!,#VALUE!,#VALUE!,#,#VALUE!,#VALUE!,#VALUE!,#VALUE!,#VALUE!,#VALUE!,#,#VALUE!,#VALUE!,#VALUE!,#VALUE!,#VALUE!,#VALUE!,#,#VALUE!,#VALUE!,#VALUE!,#VALUE!,#VALUE!,#VALUE!,#,#VALUE!,#VALUE!,#VALUE!,#VALUE!,#VALUE!,#VALUE!,#,#VALUE!,#VALUE!,#VALUE!,#VALUE!,#VALUE!,#VALUE!,#,,,,,,,0.0 ,0.1 ,0.3 ,0.4 ,0.6 ,0.7 ,0.9 ,1.0 ,1.1 ,1.3 ,1.4 ,1.6 ,1.7 ,1.9 ,2.0 ,3.1 ,4.3 ,5.4 ,6.6 ,7.7 ,8.9 ,10.0 ,11.1 ,12.3 ,13.4 ,14.6 ,15.7 ,16.9 ,18.0 ,19.3 ,20.6 ,21.9 ,23.1 ,24.4 ,25.7 ,27.0 ,29.1 ,31.3 ,33.4 ,35.6 ,37.7 ,39.9 ,42.0 ,44.1 ,46.3 ,48.4 ,50.6 ,52.7 ,54.9 ,57.0 ,58.0 ,59.0 ,60.0 ,61.0 ,62.0 ,63.0 ,64.0 ,65.6 ,67.1 ,68.7 ,70.3 ,71.9 ,73.4 ,75.0 ,76.3 ,77.6 ,78.9 ,80.1 ,81.4 ,82.7 ,84.0 ,84.6 ,85.1 ,85.7 ,86.3 ,86.9 ,87.4 ,88.0 ,88.0 ,88.0 ,88.0 ,88.0 ,88.0 ,88.0 ,88.0 ,88.4 ,88.9 ,89.3 ,89.7 ,90.1 ,90.6 ,91.0 ,91.6 ,92.1 ,92.7 ,93.3 ,93.9 ,94.4 ,95.0 ,95.7 ,96.4 ,97.1 ,97.9 ,98.6 ,99.3 ,100.0 ,,,,,,,#,#VALUE!,#VALUE!,#VALUE!,#VALUE!,#VALUE!,#VALUE!,#,,,,,,,,,,,,,
86.0 ,,,,,,#,#VALUE!,#VALUE!,#VALUE!,#VALUE!,#VALUE!,#VALUE!,#,#VALUE!,#VALUE!,#VALUE!,#VALUE!,#VALUE!,#VALUE!,#,#VALUE!,#VALUE!,#VALUE!,#VALUE!,#VALUE!,#VALUE!,#,#VALUE!,#VALUE!,#VALUE!,#VALUE!,#VALUE!,#VALUE!,#,#VALUE!,#VALUE!,#VALUE!,#VALUE!,#VALUE!,#VALUE!,#,#VALUE!,#VALUE!,#VALUE!,#VALUE!,#VALUE!,#VALUE!,#,#VALUE!,#VALUE!,#VALUE!,#VALUE!,#VALUE!,#VALUE!,#,#VALUE!,#VALUE!,#VALUE!,#VALUE!,#VALUE!,#VALUE!,#,#VALUE!,#VALUE!,#VALUE!,#VALUE!,#VALUE!,#VALUE!,#,#VALUE!,#VALUE!,#VALUE!,#VALUE!,#VALUE!,#VALUE!,#,#VALUE!,#VALUE!,#VALUE!,#VALUE!,#VALUE!,#VALUE!,#,#VALUE!,#VALUE!,#VALUE!,#VALUE!,#VALUE!,#VALUE!,#,#VALUE!,#VALUE!,#VALUE!,#VALUE!,#VALUE!,#VALUE!,#,#VALUE!,#VALUE!,#VALUE!,#VALUE!,#VALUE!,#VALUE!,#,#VALUE!,#VALUE!,#VALUE!,#VALUE!,#VALUE!,#VALUE!,#,,,,,,,0.0 ,0.1 ,0.3 ,0.4 ,0.6 ,0.7 ,0.9 ,1.0 ,1.7 ,2.4 ,3.1 ,3.9 ,4.6 ,5.3 ,6.0 ,7.3 ,8.6 ,9.9 ,11.1 ,12.4 ,13.7 ,15.0 ,17.1 ,19.3 ,21.4 ,23.6 ,25.7 ,27.9 ,30.0 ,33.4 ,36.9 ,40.3 ,43.7 ,47.1 ,50.6 ,54.0 ,56.0 ,58.0 ,60.0 ,62.0 ,64.0 ,66.0 ,68.0 ,69.7 ,71.4 ,73.1 ,74.9 ,76.6 ,78.3 ,80.0 ,80.4 ,80.9 ,81.3 ,81.7 ,82.1 ,82.6 ,83.0 ,83.4 ,83.9 ,84.3 ,84.7 ,85.1 ,85.6 ,86.0 ,86.1 ,86.3 ,86.4 ,86.6 ,86.7 ,86.9 ,87.0 ,87.3 ,87.6 ,87.9 ,88.1 ,88.4 ,88.7 ,89.0 ,90.0 ,91.0 ,92.0 ,93.0 ,94.0 ,95.0 ,96.0 ,96.4 ,96.9 ,97.3 ,97.7 ,98.1 ,98.6 ,99.0 ,99.1 ,99.3 ,99.4 ,99.6 ,99.7 ,99.9 ,100.0 ,,,,,,,#,, ,#VALUE!,#VALUE!,#VALUE!,#VALUE!,#,,,,,,,,,,,,,,
87.0 ,,,,,#,#VALUE!,#VALUE!,#VALUE!,#VALUE!,#VALUE!,#VALUE!,#,#VALUE!,#VALUE!,#VALUE!,#VALUE!,#VALUE!,#VALUE!,#,#VALUE!,#VALUE!,#VALUE!,#VALUE!,#VALUE!,#VALUE!,#,#VALUE!,#VALUE!,#VALUE!,#VALUE!,#VALUE!,#VALUE!,#,#VALUE!,#VALUE!,#VALUE!,#VALUE!,#VALUE!,#VALUE!,#,#VALUE!,#VALUE!,#VALUE!,#VALUE!,#VALUE!,#VALUE!,#,#VALUE!,#VALUE!,#VALUE!,#VALUE!,#VALUE!,#VALUE!,#,#VALUE!,#VALUE!,#VALUE!,#VALUE!,#VALUE!,#VALUE!,#,#VALUE!,#VALUE!,#VALUE!,#VALUE!,#VALUE!,#VALUE!,#,#VALUE!,#VALUE!,#VALUE!,#VALUE!,#VALUE!,#VALUE!,#,#VALUE!,#VALUE!,#VALUE!,#VALUE!,#VALUE!,#VALUE!,#,#VALUE!,#VALUE!,#VALUE!,#VALUE!,#VALUE!,#VALUE!,#,#VALUE!,#VALUE!,#VALUE!,#VALUE!,#VALUE!,#VALUE!,#,#VALUE!,#VALUE!,#VALUE!,#VALUE!,#VALUE!,#VALUE!,#,#VALUE!,#VALUE!,#VALUE!,#VALUE!,#VALUE!,#VALUE!,#,,,,,,,0.0 ,0.3 ,0.6 ,0.9 ,1.1 ,1.4 ,1.7 ,2.0 ,3.3 ,4.6 ,5.9 ,7.1 ,8.4 ,9.7 ,11.0 ,13.9 ,16.7 ,19.6 ,22.4 ,25.3 ,28.1 ,31.0 ,34.1 ,37.3 ,40.4 ,43.6 ,46.7 ,49.9 ,53.0 ,55.7 ,58.4 ,61.1 ,63.9 ,66.6 ,69.3 ,72.0 ,74.6 ,77.1 ,79.7 ,82.3 ,84.9 ,87.4 ,90.0 ,90.9 ,91.7 ,92.6 ,93.4 ,94.3 ,95.1 ,96.0 ,96.4 ,96.9 ,97.3 ,97.7 ,98.1 ,98.6 ,99.0 ,99.1 ,99.3 ,99.4 ,99.6 ,99.7 ,99.9 ,100.0 ,100.0 ,100.0 ,100.0 ,100.0 ,100.0 ,100.0 ,100.0 ,100.0 ,100.0 ,100.0 ,100.0 ,100.0 ,100.0 ,100.0 ,100.0 ,100.0 ,100.0 ,100.0 ,100.0 ,100.0 ,100.0 ,100.0 ,100.0 ,100.0 ,100.0 ,100.0 ,100.0 ,100.0 ,100.0 ,100.0 ,100.0 ,100.0 ,100.0 ,100.0 ,100.0 ,,,,,,,#,,,, ,#VALUE!,#VALUE!,#,,,,,,,,,,,,,,,
88.0 ,,,#,#VALUE!,#VALUE!,#VALUE!,#VALUE!,#VALUE!,#VALUE!,#,#VALUE!,#VALUE!,#VALUE!,#VALUE!,#VALUE!,#VALUE!,#,#VALUE!,#VALUE!,#VALUE!,#VALUE!,#VALUE!,#VALUE!,#,#VALUE!,#VALUE!,#VALUE!,#VALUE!,#VALUE!,#VALUE!,#,#VALUE!,#VALUE!,#VALUE!,#VALUE!,#VALUE!,#VALUE!,#,#VALUE!,#VALUE!,#VALUE!,#VALUE!,#VALUE!,#VALUE!,#,#VALUE!,#VALUE!,#VALUE!,#VALUE!,#VALUE!,#VALUE!,#,#VALUE!,#VALUE!,#VALUE!,#VALUE!,#VALUE!,#VALUE!,#,#VALUE!,#VALUE!,#VALUE!,#VALUE!,#VALUE!,#VALUE!,#,#VALUE!,#VALUE!,#VALUE!,#VALUE!,#VALUE!,#VALUE!,#,#VALUE!,#VALUE!,#VALUE!,#VALUE!,#VALUE!,#VALUE!,#,#VALUE!,#VALUE!,#VALUE!,#VALUE!,#VALUE!,#VALUE!,#,#VALUE!,#VALUE!,#VALUE!,#VALUE!,#VALUE!,#VALUE!,#,,,,,,,0.0 ,0.1 ,0.3 ,0.4 ,0.6 ,0.7 ,0.9 ,1.0 ,1.7 ,2.4 ,3.1 ,3.9 ,4.6 ,5.3 ,6.0 ,8.6 ,11.1 ,13.7 ,16.3 ,18.9 ,21.4 ,24.0 ,28.0 ,32.0 ,36.0 ,40.0 ,44.0 ,48.0 ,52.0 ,54.9 ,57.7 ,60.6 ,63.4 ,66.3 ,69.1 ,72.0 ,73.9 ,75.7 ,77.6 ,79.4 ,81.3 ,83.1 ,85.0 ,86.4 ,87.9 ,89.3 ,90.7 ,92.1 ,93.6 ,95.0 ,95.3 ,95.6 ,95.9 ,96.1 ,96.4 ,96.7 ,97.0 ,97.3 ,97.6 ,97.9 ,98.1 ,98.4 ,98.7 ,99.0 ,99.1 ,99.3 ,99.4 ,99.6 ,99.7 ,99.9 ,100.0 ,100.0 ,100.0 ,100.0 ,100.0 ,100.0 ,100.0 ,100.0 ,100.0 ,100.0 ,100.0 ,100.0 ,100.0 ,100.0 ,100.0 ,100.0 ,100.0 ,100.0 ,100.0 ,100.0 ,100.0 ,100.0 ,100.0 ,100.0 ,100.0 ,100.0 ,100.0 ,100.0 ,100.0 ,100.0 ,100.0 ,100.0 ,100.0 ,100.0 ,100.0 ,100.0 ,100.0 ,100.0 ,100.0 ,100.0 ,100.0 ,100.0 ,100.0 ,100.0 ,100.0 ,100.0 ,100.0 ,100.0 ,100.0 ,100.0 ,,,,,, ,#,,,,,,,,,,,,,,,,,
89.0 ,,#,#VALUE!,#VALUE!,#VALUE!,#VALUE!,#VALUE!,#VALUE!,#,#VALUE!,#VALUE!,#VALUE!,#VALUE!,#VALUE!,#VALUE!,#,#VALUE!,#VALUE!,#VALUE!,#VALUE!,#VALUE!,#VALUE!,#,#VALUE!,#VALUE!,#VALUE!,#VALUE!,#VALUE!,#VALUE!,#,#VALUE!,#VALUE!,#VALUE!,#VALUE!,#VALUE!,#VALUE!,#,#VALUE!,#VALUE!,#VALUE!,#VALUE!,#VALUE!,#VALUE!,#,#VALUE!,#VALUE!,#VALUE!,#VALUE!,#VALUE!,#VALUE!,#,#VALUE!,#VALUE!,#VALUE!,#VALUE!,#VALUE!,#VALUE!,#,#VALUE!,#VALUE!,#VALUE!,#VALUE!,#VALUE!,#VALUE!,#,#VALUE!,#VALUE!,#VALUE!,#VALUE!,#VALUE!,#VALUE!,#,#VALUE!,#VALUE!,#VALUE!,#VALUE!,#VALUE!,#VALUE!,#,#VALUE!,#VALUE!,#VALUE!,#VALUE!,#VALUE!,#VALUE!,#,#VALUE!,#VALUE!,#VALUE!,#VALUE!,#VALUE!,#VALUE!,#,#VALUE!,#VALUE!,#VALUE!,#VALUE!,#VALUE!,#VALUE!,#,#VALUE!,#VALUE!,#VALUE!,#VALUE!,#VALUE!,#VALUE!,#,,,,,,,0.0 ,0.4 ,0.9 ,1.3 ,1.7 ,2.1 ,2.6 ,3.0 ,4.7 ,6.4 ,8.1 ,9.9 ,11.6 ,13.3 ,15.0 ,18.9 ,22.7 ,26.6 ,30.4 ,34.3 ,38.1 ,42.0 ,45.4 ,48.9 ,52.3 ,55.7 ,59.1 ,62.6 ,66.0 ,68.3 ,70.6 ,72.9 ,75.1 ,77.4 ,79.7 ,82.0 ,83.3 ,84.6 ,85.9 ,87.1 ,88.4 ,89.7 ,91.0 ,91.7 ,92.4 ,93.1 ,93.9 ,94.6 ,95.3 ,96.0 ,96.4 ,96.9 ,97.3 ,97.7 ,98.1 ,98.6 ,99.0 ,99.1 ,99.3 ,99.4 ,99.6 ,99.7 ,99.9 ,100.0 ,100.0 ,100.0 ,100.0 ,100.0 ,100.0 ,100.0 ,100.0 ,100.0 ,100.0 ,100.0 ,100.0 ,100.0 ,100.0 ,100.0 ,100.0 ,100.0 ,100.0 ,100.0 ,100.0 ,100.0 ,100.0 ,100.0 ,100.0 ,100.0 ,100.0 ,100.0 ,100.0 ,100.0 ,100.0 ,100.0 ,100.0 ,100.0 ,100.0 ,100.0 ,100.0 ,100.0 ,100.0 ,100.0 ,100.0 ,100.0 ,100.0 ,100.0 ,,,,,,,#,,,,,,,,,,,,,,,,,,
90.0 ,#,#VALUE!,#VALUE!,#VALUE!,#VALUE!,#VALUE!,#VALUE!,#,#VALUE!,#VALUE!,#VALUE!,#VALUE!,#VALUE!,#VALUE!,#,#VALUE!,#VALUE!,#VALUE!,#VALUE!,#VALUE!,#VALUE!,#,#VALUE!,#VALUE!,#VALUE!,#VALUE!,#VALUE!,#VALUE!,#,#VALUE!,#VALUE!,#VALUE!,#VALUE!,#VALUE!,#VALUE!,#,#VALUE!,#VALUE!,#VALUE!,#VALUE!,#VALUE!,#VALUE!,#,#VALUE!,#VALUE!,#VALUE!,#VALUE!,#VALUE!,#VALUE!,#,#VALUE!,#VALUE!,#VALUE!,#VALUE!,#VALUE!,#VALUE!,#,#VALUE!,#VALUE!,#VALUE!,#VALUE!,#VALUE!,#VALUE!,#,#VALUE!,#VALUE!,#VALUE!,#VALUE!,#VALUE!,#VALUE!,#,#VALUE!,#VALUE!,#VALUE!,#VALUE!,#VALUE!,#VALUE!,#,#VALUE!,#VALUE!,#VALUE!,#VALUE!,#VALUE!,#VALUE!,#,#VALUE!,#VALUE!,#VALUE!,#VALUE!,#VALUE!,#VALUE!,#,#VALUE!,#VALUE!,#VALUE!,#VALUE!,#VALUE!,#VALUE!,#,#VALUE!,#VALUE!,#VALUE!,#VALUE!,#VALUE!,#VALUE!,#,,,,,,,0.0 ,0.1 ,0.3 ,0.4 ,0.6 ,0.7 ,0.9 ,1.0 ,1.6 ,2.1 ,2.7 ,3.3 ,3.9 ,4.4 ,5.0 ,7.3 ,9.6 ,11.9 ,14.1 ,16.4 ,18.7 ,21.0 ,23.9 ,26.7 ,29.6 ,32.4 ,35.3 ,38.1 ,41.0 ,43.3 ,45.6 ,47.9 ,50.1 ,52.4 ,54.7 ,57.0 ,60.4 ,63.9 ,67.3 ,70.7 ,74.1 ,77.6 ,81.0 ,82.7 ,84.4 ,86.1 ,87.9 ,89.6 ,91.3 ,93.0 ,93.7 ,94.4 ,95.1 ,95.9 ,96.6 ,97.3 ,98.0 ,98.3 ,98.6 ,98.9 ,99.1 ,99.4 ,99.7 ,100.0 ,100.0 ,100.0 ,100.0 ,100.0 ,100.0 ,100.0 ,100.0 ,100.0 ,100.0 ,100.0 ,100.0 ,100.0 ,100.0 ,100.0 ,100.0 ,100.0 ,100.0 ,100.0 ,100.0 ,100.0 ,100.0 ,100.0 ,100.0 ,100.0 ,100.0 ,100.0 ,100.0 ,100.0 ,100.0 ,100.0 ,100.0 ,100.0 ,100.0 ,100.0 ,100.0 ,100.0 ,100.0 ,100.0 ,100.0 ,100.0 ,100.0 ,100.0 ,,,,,,,#,,,,,,,,,,,,,,,,,,,
91.0 ,,,,,,,#,#VALUE!,#VALUE!,#VALUE!,#VALUE!,#VALUE!,#VALUE!,#,#VALUE!,#VALUE!,#VALUE!,#VALUE!,#VALUE!,#VALUE!,#,#VALUE!,#VALUE!,#VALUE!,#VALUE!,#VALUE!,#VALUE!,#,#VALUE!,#VALUE!,#VALUE!,#VALUE!,#VALUE!,#VALUE!,#,#VALUE!,#VALUE!,#VALUE!,#VALUE!,#VALUE!,#VALUE!,#,#VALUE!,#VALUE!,#VALUE!,#VALUE!,#VALUE!,#VALUE!,#,#VALUE!,#VALUE!,#VALUE!,#VALUE!,#VALUE!,#VALUE!,#,#VALUE!,#VALUE!,#VALUE!,#VALUE!,#VALUE!,#VALUE!,#,#VALUE!,#VALUE!,#VALUE!,#VALUE!,#VALUE!,#VALUE!,#,#VALUE!,#VALUE!,#VALUE!,#VALUE!,#VALUE!,#VALUE!,#,#VALUE!,#VALUE!,#VALUE!,#VALUE!,#VALUE!,#VALUE!,#,#VALUE!,#VALUE!,#VALUE!,#VALUE!,#VALUE!,#VALUE!,#,#VALUE!,#VALUE!,#VALUE!,#VALUE!,#VALUE!,#VALUE!,#,#VALUE!,#VALUE!,#VALUE!,#VALUE!,#VALUE!,#VALUE!,#,#VALUE!,,,,,,0.0 ,0.1 ,0.3 ,0.4 ,0.6 ,0.7 ,0.9 ,1.0 ,2.1 ,3.3 ,4.4 ,5.6 ,6.7 ,7.9 ,9.0 ,11.1 ,13.3 ,15.4 ,17.6 ,19.7 ,21.9 ,24.0 ,26.7 ,29.4 ,32.1 ,34.9 ,37.6 ,40.3 ,43.0 ,46.7 ,50.4 ,54.1 ,57.9 ,61.6 ,65.3 ,69.0 ,72.0 ,75.0 ,78.0 ,81.0 ,84.0 ,87.0 ,90.0 ,90.9 ,91.7 ,92.6 ,93.4 ,94.3 ,95.1 ,96.0 ,96.3 ,96.6 ,96.9 ,97.1 ,97.4 ,97.7 ,98.0 ,98.3 ,98.6 ,98.9 ,99.1 ,99.4 ,99.7 ,100.0 ,100.0 ,100.0 ,100.0 ,100.0 ,100.0 ,100.0 ,100.0 ,100.0 ,100.0 ,100.0 ,100.0 ,100.0 ,100.0 ,100.0 ,100.0 ,100.0 ,100.0 ,100.0 ,100.0 ,100.0 ,100.0 ,100.0 ,100.0 ,100.0 ,100.0 ,100.0 ,100.0 ,100.0 ,100.0 ,100.0 ,100.0 ,100.0 ,100.0 ,100.0 ,100.0 ,100.0 ,100.0 ,100.0 ,100.0 ,100.0 ,100.0 ,100.0 ,,,,,,,#,#VALUE!,#VALUE!,#VALUE!,#VALUE!,#VALUE!,#VALUE!,#,,,,,,,,,,,,,
92.0 ,,,,,#,#VALUE!,#VALUE!,#VALUE!,#VALUE!,#VALUE!,#VALUE!,#,#VALUE!,#VALUE!,#VALUE!,#VALUE!,#VALUE!,#VALUE!,#,#VALUE!,#VALUE!,#VALUE!,#VALUE!,#VALUE!,#VALUE!,#,#VALUE!,#VALUE!,#VALUE!,#VALUE!,#VALUE!,#VALUE!,#,#VALUE!,#VALUE!,#VALUE!,#VALUE!,#VALUE!,#VALUE!,#,#VALUE!,#VALUE!,#VALUE!,#VALUE!,#VALUE!,#VALUE!,#,#VALUE!,#VALUE!,#VALUE!,#VALUE!,#VALUE!,#VALUE!,#,#VALUE!,#VALUE!,#VALUE!,#VALUE!,#VALUE!,#VALUE!,#,#VALUE!,#VALUE!,#VALUE!,#VALUE!,#VALUE!,#VALUE!,#,#VALUE!,#VALUE!,#VALUE!,#VALUE!,#VALUE!,#VALUE!,#,#VALUE!,#VALUE!,#VALUE!,#VALUE!,#VALUE!,#VALUE!,#,#VALUE!,#VALUE!,#VALUE!,#VALUE!,#VALUE!,#VALUE!,#,#VALUE!,#VALUE!,#VALUE!,#VALUE!,#VALUE!,#VALUE!,#,#VALUE!,#VALUE!,#VALUE!,#VALUE!,#VALUE!,#VALUE!,#,#VALUE!,#VALUE!,#VALUE!,#VALUE!,#VALUE!,#VALUE!,#,#VALUE!,#VALUE!,#VALUE!,#VALUE!,#VALUE!,#VALUE!,0.0 ,#VALUE!,#VALUE!,#VALUE!,#VALUE!,#VALUE!,#VALUE!,#,#VALUE!,#VALUE!,#VALUE!,#VALUE!,#VALUE!,#VALUE!,0.0 ,0.4 ,0.9 ,1.3 ,1.7 ,2.1 ,2.6 ,3.0 ,4.1 ,5.3 ,6.4 ,7.6 ,8.7 ,9.9 ,11.0 ,12.0 ,13.0 ,14.0 ,15.0 ,16.0 ,17.0 ,18.0 ,19.7 ,21.4 ,23.1 ,24.9 ,26.6 ,28.3 ,30.0 ,31.3 ,32.6 ,33.9 ,35.1 ,36.4 ,37.7 ,39.0 ,41.1 ,43.3 ,45.4 ,47.6 ,49.7 ,51.9 ,54.0 ,58.0 ,62.0 ,66.0 ,70.0 ,74.0 ,78.0 ,82.0 ,83.6 ,85.1 ,86.7 ,88.3 ,89.9 ,91.4 ,93.0 ,93.9 ,94.7 ,95.6 ,96.4 ,97.3 ,98.1 ,99.0 ,99.1 ,99.3 ,99.4 ,99.6 ,99.7 ,99.9 ,100.0 ,100.0 ,100.0 ,100.0 ,100.0 ,100.0 ,100.0 ,100.0 ,100.0 ,100.0 ,100.0 ,100.0 ,100.0 ,100.0 ,100.0 ,,,,,,,#,, ,#VALUE!,#VALUE!,#VALUE!,#VALUE!,#,,,,,,,,,,,,,,,
93.0 ,,,,#,#VALUE!,#VALUE!,#VALUE!,#VALUE!,#VALUE!,#VALUE!,#,#VALUE!,#VALUE!,#VALUE!,#VALUE!,#VALUE!,#VALUE!,#,#VALUE!,#VALUE!,#VALUE!,#VALUE!,#VALUE!,#VALUE!,#,#VALUE!,#VALUE!,#VALUE!,#VALUE!,#VALUE!,#VALUE!,#,#VALUE!,#VALUE!,#VALUE!,#VALUE!,#VALUE!,#VALUE!,#,#VALUE!,#VALUE!,#VALUE!,#VALUE!,#VALUE!,#VALUE!,#,#VALUE!,#VALUE!,#VALUE!,#VALUE!,#VALUE!,#VALUE!,#,#VALUE!,#VALUE!,#VALUE!,#VALUE!,#VALUE!,#VALUE!,#,#VALUE!,#VALUE!,#VALUE!,#VALUE!,#VALUE!,#VALUE!,#,#VALUE!,#VALUE!,#VALUE!,#VALUE!,#VALUE!,#VALUE!,#,#VALUE!,#VALUE!,#VALUE!,#VALUE!,#VALUE!,#VALUE!,#,#VALUE!,#VALUE!,#VALUE!,#VALUE!,#VALUE!,#VALUE!,#,#VALUE!,#VALUE!,#VALUE!,#VALUE!,#VALUE!,#VALUE!,#,#VALUE!,#VALUE!,#VALUE!,#VALUE!,#VALUE!,#VALUE!,#,#VALUE!,#VALUE!,#VALUE!,#VALUE!,#VALUE!,#VALUE!,#,#VALUE!,#VALUE!,#VALUE!,#VALUE!,#VALUE!,#VALUE!,0.0 ,#VALUE!,#VALUE!,#VALUE!,#VALUE!,#VALUE!,#VALUE!,#,#VALUE!,#VALUE!,#VALUE!,#VALUE!,#VALUE!,#VALUE!,#,#VALUE!,#VALUE!,#VALUE!,#VALUE!,#VALUE!,#VALUE!,0.0 ,0.4 ,0.9 ,1.3 ,1.7 ,2.1 ,2.6 ,3.0 ,3.4 ,3.9 ,4.3 ,4.7 ,5.1 ,5.6 ,6.0 ,6.9 ,7.7 ,8.6 ,9.4 ,10.3 ,11.1 ,12.0 ,13.9 ,15.7 ,17.6 ,19.4 ,21.3 ,23.1 ,25.0 ,27.1 ,29.3 ,31.4 ,33.6 ,35.7 ,37.9 ,40.0 ,42.7 ,45.4 ,48.1 ,50.9 ,53.6 ,56.3 ,59.0 ,62.3 ,65.6 ,68.9 ,72.1 ,75.4 ,78.7 ,82.0 ,83.6 ,85.1 ,86.7 ,88.3 ,89.9 ,91.4 ,93.0 ,93.9 ,94.7 ,95.6 ,96.4 ,97.3 ,98.1 ,99.0 ,99.1 ,99.3 ,99.4 ,99.6 ,99.7 ,99.9 ,100.0 ,100.0 ,100.0 ,100.0 ,100.0 ,100.0 ,#VALUE!,100.0 ,100.0 ,100.0 ,100.0 ,100.0 ,#VALUE!,#VALUE!,100.0 ,,, ,#VALUE!,#VALUE!,#VALUE!,#,,,,,,,,,,,,,,,,
94.0 ,,,#,#VALUE!,#VALUE!,#VALUE!,#VALUE!,#VALUE!,#VALUE!,#,#VALUE!,#VALUE!,#VALUE!,#VALUE!,#VALUE!,#VALUE!,#,#VALUE!,#VALUE!,#VALUE!,#VALUE!,#VALUE!,#VALUE!,#,#VALUE!,#VALUE!,#VALUE!,#VALUE!,#VALUE!,#VALUE!,#,#VALUE!,#VALUE!,#VALUE!,#VALUE!,#VALUE!,#VALUE!,#,#VALUE!,#VALUE!,#VALUE!,#VALUE!,#VALUE!,#VALUE!,#,#VALUE!,#VALUE!,#VALUE!,#VALUE!,#VALUE!,#VALUE!,#,#VALUE!,#VALUE!,#VALUE!,#VALUE!,#VALUE!,#VALUE!,#,#VALUE!,#VALUE!,#VALUE!,#VALUE!,#VALUE!,#VALUE!,#,#VALUE!,#VALUE!,#VALUE!,#VALUE!,#VALUE!,#VALUE!,#,#VALUE!,#VALUE!,#VALUE!,#VALUE!,#VALUE!,#VALUE!,#,#VALUE!,#VALUE!,#VALUE!,#VALUE!,#VALUE!,#VALUE!,#,#VALUE!,#VALUE!,#VALUE!,#VALUE!,#VALUE!,#VALUE!,#,#VALUE!,#VALUE!,#VALUE!,#VALUE!,#VALUE!,#VALUE!,#,#VALUE!,#VALUE!,#VALUE!,#VALUE!,#VALUE!,#VALUE!,#,#VALUE!,#VALUE!,#VALUE!,#VALUE!,#VALUE!,#VALUE!,#,,,,,,,0.0 ,0.1 ,0.3 ,0.4 ,0.6 ,0.7 ,0.9 ,1.0 ,1.6 ,2.1 ,2.7 ,3.3 ,3.9 ,4.4 ,5.0 ,6.3 ,7.6 ,8.9 ,10.1 ,11.4 ,12.7 ,14.0 ,16.3 ,18.6 ,20.9 ,23.1 ,25.4 ,27.7 ,30.0 ,32.7 ,35.4 ,38.1 ,40.9 ,43.6 ,46.3 ,49.0 ,52.0 ,55.0 ,58.0 ,61.0 ,64.0 ,67.0 ,70.0 ,72.1 ,74.3 ,76.4 ,78.6 ,80.7 ,82.9 ,85.0 ,86.0 ,87.0 ,88.0 ,89.0 ,90.0 ,91.0 ,92.0 ,92.7 ,93.4 ,94.1 ,94.9 ,95.6 ,96.3 ,97.0 ,97.4 ,97.9 ,98.3 ,98.7 ,99.1 ,99.6 ,100.0 ,100.0 ,100.0 ,100.0 ,100.0 ,100.0 ,100.0 ,100.0 ,100.0 ,100.0 ,100.0 ,100.0 ,100.0 ,100.0 ,100.0 ,100.0 ,100.0 ,100.0 ,100.0 ,100.0 ,100.0 ,100.0 ,100.0 ,100.0 ,100.0 ,100.0 ,100.0 ,100.0 ,100.0 ,100.0 ,100.0 ,100.0 ,100.0 ,100.0 ,100.0 ,100.0 ,,,,,,,,,,,,,,,,,
95.0 ,,#,#VALUE!,#VALUE!,#VALUE!,#VALUE!,#VALUE!,#VALUE!,#,#VALUE!,#VALUE!,#VALUE!,#VALUE!,#VALUE!,#VALUE!,#,#VALUE!,#VALUE!,#VALUE!,#VALUE!,#VALUE!,#VALUE!,#,#VALUE!,#VALUE!,#VALUE!,#VALUE!,#VALUE!,#VALUE!,#,#VALUE!,#VALUE!,#VALUE!,#VALUE!,#VALUE!,#VALUE!,#,#VALUE!,#VALUE!,#VALUE!,#VALUE!,#VALUE!,#VALUE!,#,#VALUE!,#VALUE!,#VALUE!,#VALUE!,#VALUE!,#VALUE!,#,#VALUE!,#VALUE!,#VALUE!,#VALUE!,#VALUE!,#VALUE!,#,#VALUE!,#VALUE!,#VALUE!,#VALUE!,#VALUE!,#VALUE!,#,#VALUE!,#VALUE!,#VALUE!,#VALUE!,#VALUE!,#VALUE!,#,#VALUE!,#VALUE!,#VALUE!,#VALUE!,#VALUE!,#VALUE!,#,#VALUE!,#VALUE!,#VALUE!,#VALUE!,#VALUE!,#VALUE!,#,#VALUE!,#VALUE!,#VALUE!,#VALUE!,#VALUE!,#VALUE!,#,#VALUE!,#VALUE!,#VALUE!,#VALUE!,#VALUE!,#VALUE!,#,#VALUE!,#VALUE!,#VALUE!,#VALUE!,#VALUE!,#VALUE!,#,#VALUE!,#VALUE!,#VALUE!,#VALUE!,#VALUE!,#VALUE!,#,#VALUE!,#VALUE!,#VALUE!,#VALUE!,#VALUE!,#VALUE!,0.0 ,,,,,,,0.0 ,0.6 ,1.1 ,1.7 ,2.3 ,2.9 ,3.4 ,4.0 ,4.7 ,5.4 ,6.1 ,6.9 ,7.6 ,8.3 ,9.0 ,9.9 ,10.7 ,11.6 ,12.4 ,13.3 ,14.1 ,15.0 ,17.6 ,20.1 ,22.7 ,25.3 ,27.9 ,30.4 ,33.0 ,34.7 ,36.4 ,38.1 ,39.9 ,41.6 ,43.3 ,45.0 ,48.7 ,52.4 ,56.1 ,59.9 ,63.6 ,67.3 ,71.0 ,72.4 ,73.9 ,75.3 ,76.7 ,78.1 ,79.6 ,81.0 ,83.0 ,85.0 ,87.0 ,89.0 ,91.0 ,93.0 ,95.0 ,95.4 ,95.9 ,96.3 ,96.7 ,97.1 ,97.6 ,98.0 ,98.3 ,98.6 ,98.9 ,99.1 ,99.4 ,99.7 ,100.0 ,100.0 ,100.0 ,100.0 ,100.0 ,100.0 ,100.0 ,100.0 ,100.0 ,100.0 ,100.0 ,100.0 ,100.0 ,100.0 ,100.0 ,100.0 ,100.0 ,100.0 ,100.0 ,100.0 ,100.0 ,100.0 ,100.0 ,100.0 ,100.0 ,100.0 ,100.0 ,100.0 ,100.0 ,,,,,,,,,,,,,,,,,,
96.0 ,,,,,,,#,#VALUE!,#VALUE!,#VALUE!,#VALUE!,#VALUE!,#VALUE!,#,#VALUE!,#VALUE!,#VALUE!,#VALUE!,#VALUE!,#VALUE!,#,#VALUE!,#VALUE!,#VALUE!,#VALUE!,#VALUE!,#VALUE!,#,#VALUE!,#VALUE!,#VALUE!,#VALUE!,#VALUE!,#VALUE!,#,#VALUE!,#VALUE!,#VALUE!,#VALUE!,#VALUE!,#VALUE!,#,#VALUE!,#VALUE!,#VALUE!,#VALUE!,#VALUE!,#VALUE!,#,#VALUE!,#VALUE!,#VALUE!,#VALUE!,#VALUE!,#VALUE!,#,#VALUE!,#VALUE!,#VALUE!,#VALUE!,#VALUE!,#VALUE!,#,#VALUE!,#VALUE!,#VALUE!,#VALUE!,#VALUE!,#VALUE!,#,#VALUE!,#VALUE!,#VALUE!,#VALUE!,#VALUE!,#VALUE!,#,#VALUE!,#VALUE!,#VALUE!,#VALUE!,#VALUE!,#VALUE!,#,#VALUE!,#VALUE!,#VALUE!,#VALUE!,#VALUE!,#VALUE!,#,#VALUE!,#VALUE!,#VALUE!,#VALUE!,#VALUE!,#VALUE!,#,#VALUE!,#VALUE!,#VALUE!,#VALUE!,#VALUE!,#VALUE!,#,#VALUE!,#VALUE!,#VALUE!,#VALUE!,#VALUE!,#VALUE!,#,#VALUE!,#VALUE!,#VALUE!,#VALUE!,#VALUE!,#VALUE!,0.0 , , , , , , ,0.0 ,0.4 ,0.9 ,1.3 ,1.7 ,2.1 ,2.6 ,3.0 ,3.4 ,3.9 ,4.3 ,4.7 ,5.1 ,5.6 ,6.0 ,8.0 ,10.0 ,12.0 ,14.0 ,16.0 ,18.0 ,20.0 ,21.9 ,23.7 ,25.6 ,27.4 ,29.3 ,31.1 ,33.0 ,35.7 ,38.4 ,41.1 ,43.9 ,46.6 ,49.3 ,52.0 ,54.7 ,57.4 ,60.1 ,62.9 ,65.6 ,68.3 ,71.0 ,72.4 ,73.9 ,75.3 ,76.7 ,78.1 ,79.6 ,81.0 ,81.3 ,81.6 ,81.9 ,82.1 ,82.4 ,82.7 ,83.0 ,83.7 ,84.4 ,85.1 ,85.9 ,86.6 ,87.3 ,88.0 ,89.4 ,90.9 ,92.3 ,93.7 ,95.1 ,96.6 ,98.0 ,98.3 ,98.6 ,98.9 ,99.1 ,99.4 ,99.7 ,100.0 ,100.0 ,100.0 ,100.0 ,100.0 ,100.0 ,100.0 ,100.0 ,100.0 ,100.0 ,100.0 ,100.0 ,100.0 ,100.0 ,100.0 ,100.0 ,100.0 ,100.0 ,100.0 ,100.0 ,100.0 ,100.0 ,,,,,,,#,,,,,,,,,,,,,
97.0 ,,,,,,#,#VALUE!,#VALUE!,#VALUE!,#VALUE!,#VALUE!,#VALUE!,#,#VALUE!,#VALUE!,#VALUE!,#VALUE!,#VALUE!,#VALUE!,#,#VALUE!,#VALUE!,#VALUE!,#VALUE!,#VALUE!,#VALUE!,#,#VALUE!,#VALUE!,#VALUE!,#VALUE!,#VALUE!,#VALUE!,#,#VALUE!,#VALUE!,#VALUE!,#VALUE!,#VALUE!,#VALUE!,#,#VALUE!,#VALUE!,#VALUE!,#VALUE!,#VALUE!,#VALUE!,#,#VALUE!,#VALUE!,#VALUE!,#VALUE!,#VALUE!,#VALUE!,#,#VALUE!,#VALUE!,#VALUE!,#VALUE!,#VALUE!,#VALUE!,#,#VALUE!,#VALUE!,#VALUE!,#VALUE!,#VALUE!,#VALUE!,#,#VALUE!,#VALUE!,#VALUE!,#VALUE!,#VALUE!,#VALUE!,#,#VALUE!,#VALUE!,#VALUE!,#VALUE!,#VALUE!,#VALUE!,#,#VALUE!,#VALUE!,#VALUE!,#VALUE!,#VALUE!,#VALUE!,#,#VALUE!,#VALUE!,#VALUE!,#VALUE!,#VALUE!,#VALUE!,#,#VALUE!,#VALUE!,#VALUE!,#VALUE!,#VALUE!,#VALUE!,#,#VALUE!,#VALUE!,#VALUE!,#VALUE!,#VALUE!,#VALUE!,#,#VALUE!,#VALUE!,#VALUE!,#VALUE!,#VALUE!,#VALUE!,0.0 ,0.1 ,0.3 ,0.4 ,0.6 ,0.7 ,0.9 ,1.0 ,1.4 ,1.9 ,2.3 ,2.7 ,3.1 ,3.6 ,4.0 ,4.7 ,5.4 ,6.1 ,6.9 ,7.6 ,8.3 ,9.0 ,10.4 ,11.9 ,13.3 ,14.7 ,16.1 ,17.6 ,19.0 ,21.0 ,23.0 ,25.0 ,27.0 ,29.0 ,31.0 ,33.0 ,36.7 ,40.4 ,44.1 ,47.9 ,51.6 ,55.3 ,59.0 ,62.3 ,65.6 ,68.9 ,72.1 ,75.4 ,78.7 ,82.0 ,83.4 ,84.9 ,86.3 ,87.7 ,89.1 ,90.6 ,92.0 ,92.7 ,93.4 ,94.1 ,94.9 ,95.6 ,96.3 ,97.0 ,97.3 ,97.6 ,97.9 ,98.1 ,98.4 ,98.7 ,99.0 ,99.1 ,99.3 ,99.4 ,99.6 ,99.7 ,99.9 ,100.0 ,100.0 ,100.0 ,100.0 ,100.0 ,100.0 ,100.0 ,100.0 ,100.0 ,100.0 ,100.0 ,100.0 ,100.0 ,100.0 ,100.0 ,100.0 ,100.0 ,100.0 ,100.0 ,100.0 ,100.0 ,100.0 ,100.0 ,100.0 ,100.0 ,100.0 ,100.0 ,100.0 ,100.0 ,,,,,,,#,,,,,,,,,,,,,,
98.0 ,,,,,#,#VALUE!,#VALUE!,#VALUE!,#VALUE!,#VALUE!,#VALUE!,#,#VALUE!,#VALUE!,#VALUE!,#VALUE!,#VALUE!,#VALUE!,#,#VALUE!,#VALUE!,#VALUE!,#VALUE!,#VALUE!,#VALUE!,#,#VALUE!,#VALUE!,#VALUE!,#VALUE!,#VALUE!,#VALUE!,#,#VALUE!,#VALUE!,#VALUE!,#VALUE!,#VALUE!,#VALUE!,#,#VALUE!,#VALUE!,#VALUE!,#VALUE!,#VALUE!,#VALUE!,#,#VALUE!,#VALUE!,#VALUE!,#VALUE!,#VALUE!,#VALUE!,#,#VALUE!,#VALUE!,#VALUE!,#VALUE!,#VALUE!,#VALUE!,#,#VALUE!,#VALUE!,#VALUE!,#VALUE!,#VALUE!,#VALUE!,#,#VALUE!,#VALUE!,#VALUE!,#VALUE!,#VALUE!,#VALUE!,#,#VALUE!,#VALUE!,#VALUE!,#VALUE!,#VALUE!,#VALUE!,#,#VALUE!,#VALUE!,#VALUE!,#VALUE!,#VALUE!,#VALUE!,#,#VALUE!,#VALUE!,#VALUE!,#VALUE!,#VALUE!,#VALUE!,#,#VALUE!,#VALUE!,#VALUE!,#VALUE!,#VALUE!,#VALUE!,#,#VALUE!,#VALUE!,#VALUE!,#VALUE!,#VALUE!,#VALUE!,1.0 ,1.0 ,1.0 ,1.0 ,1.0 ,1.0 ,1.0 ,1.0 ,1.0 ,1.0 ,1.0 ,1.0 ,1.0 ,1.0 ,1.0 ,2.3 ,3.6 ,4.9 ,6.1 ,7.4 ,8.7 ,10.0 ,12.0 ,14.0 ,16.0 ,18.0 ,20.0 ,22.0 ,24.0 ,26.1 ,28.3 ,30.4 ,32.6 ,34.7 ,36.9 ,39.0 ,41.4 ,43.9 ,46.3 ,48.7 ,51.1 ,53.6 ,56.0 ,59.9 ,63.7 ,67.6 ,71.4 ,75.3 ,79.1 ,83.0 ,84.6 ,86.1 ,87.7 ,89.3 ,90.9 ,92.4 ,94.0 ,94.6 ,95.1 ,95.7 ,96.3 ,96.9 ,97.4 ,98.0 ,98.3 ,98.6 ,98.9 ,99.1 ,99.4 ,99.7 ,100.0 ,100.0 ,100.0 ,100.0 ,100.0 ,100.0 ,100.0 ,100.0 ,100.0 ,100.0 ,100.0 ,100.0 ,100.0 ,100.0 ,100.0 ,100.0 ,100.0 ,100.0 ,100.0 ,100.0 ,100.0 ,100.0 ,100.0 ,100.0 ,100.0 ,100.0 ,100.0 ,100.0 ,100.0 ,100.0 ,100.0 ,100.0 ,100.0 ,100.0 ,100.0 ,100.0 ,100.0 ,100.0 ,100.0 ,100.0 ,100.0 ,100.0 ,100.0 ,,,,,,,#,,,,,,,,,,,,,,,
99.0 ,,,,#,#VALUE!,#VALUE!,#VALUE!,#VALUE!,#VALUE!,#VALUE!,#,#VALUE!,#VALUE!,#VALUE!,#VALUE!,#VALUE!,#VALUE!,#,#VALUE!,#VALUE!,#VALUE!,#VALUE!,#VALUE!,#VALUE!,#,#VALUE!,#VALUE!,#VALUE!,#VALUE!,#VALUE!,#VALUE!,#,#VALUE!,#VALUE!,#VALUE!,#VALUE!,#VALUE!,#VALUE!,#,#VALUE!,#VALUE!,#VALUE!,#VALUE!,#VALUE!,#VALUE!,#,#VALUE!,#VALUE!,#VALUE!,#VALUE!,#VALUE!,#VALUE!,#,#VALUE!,#VALUE!,#VALUE!,#VALUE!,#VALUE!,#VALUE!,#,#VALUE!,#VALUE!,#VALUE!,#VALUE!,#VALUE!,#VALUE!,#,#VALUE!,#VALUE!,#VALUE!,#VALUE!,#VALUE!,#VALUE!,#,#VALUE!,#VALUE!,#VALUE!,#VALUE!,#VALUE!,#VALUE!,#,#VALUE!,#VALUE!,#VALUE!,#VALUE!,#VALUE!,#VALUE!,#,#VALUE!,#VALUE!,#VALUE!,#VALUE!,#VALUE!,#VALUE!,#,#VALUE!,#VALUE!,#VALUE!,#VALUE!,#VALUE!,#VALUE!,#,#VALUE!,#VALUE!,#VALUE!,#VALUE!,#VALUE!,#VALUE!,#,#VALUE!,#VALUE!,#VALUE!,#VALUE!,#VALUE!,#VALUE!,#,#VALUE!,#VALUE!,#VALUE!,#VALUE!,#VALUE!,#VALUE!,0.0 ,0.3 ,0.6 ,0.9 ,1.1 ,1.4 ,1.7 ,2.0 ,2.0 ,2.0 ,2.0 ,2.0 ,2.0 ,2.0 ,2.0 ,3.3 ,4.6 ,5.9 ,7.1 ,8.4 ,9.7 ,11.0 ,12.1 ,13.3 ,14.4 ,15.6 ,16.7 ,17.9 ,19.0 ,20.1 ,21.3 ,22.4 ,23.6 ,24.7 ,25.9 ,27.0 ,27.9 ,28.7 ,29.6 ,30.4 ,31.3 ,32.1 ,33.0 ,34.7 ,36.4 ,38.1 ,39.9 ,41.6 ,43.3 ,45.0 ,48.4 ,51.9 ,55.3 ,58.7 ,62.1 ,65.6 ,69.0 ,70.7 ,72.4 ,74.1 ,75.9 ,77.6 ,79.3 ,81.0 ,82.3 ,83.6 ,84.9 ,86.1 ,87.4 ,88.7 ,90.0 ,90.3 ,90.6 ,90.9 ,91.1 ,91.4 ,91.7 ,92.0 ,92.7 ,93.4 ,94.1 ,94.9 ,95.6 ,96.3 ,97.0 ,97.4 ,97.9 ,98.3 ,98.7 ,99.1 ,99.6 ,100.0 ,100.0 ,100.0 ,100.0 ,100.0 ,100.0 ,100.0 ,100.0 ,,,,,,,#,,,,,,,,,,,,,,,,
2000.0 ,,#,#VALUE!,#VALUE!,#VALUE!,#VALUE!,#VALUE!,#VALUE!,#,#VALUE!,#VALUE!,#VALUE!,#VALUE!,#VALUE!,#VALUE!,#,#VALUE!,#VALUE!,#VALUE!,#VALUE!,#VALUE!,#VALUE!,#,#VALUE!,#VALUE!,#VALUE!,#VALUE!,#VALUE!,#VALUE!,#,#VALUE!,#VALUE!,#VALUE!,#VALUE!,#VALUE!,#VALUE!,#,#VALUE!,#VALUE!,#VALUE!,#VALUE!,#VALUE!,#VALUE!,#,#VALUE!,#VALUE!,#VALUE!,#VALUE!,#VALUE!,#VALUE!,#,#VALUE!,#VALUE!,#VALUE!,#VALUE!,#VALUE!,#VALUE!,#,#VALUE!,#VALUE!,#VALUE!,#VALUE!,#VALUE!,#VALUE!,#,#VALUE!,#VALUE!,#VALUE!,#VALUE!,#VALUE!,#VALUE!,#,#VALUE!,#VALUE!,#VALUE!,#VALUE!,#VALUE!,#VALUE!,#,#VALUE!,#VALUE!,#VALUE!,#VALUE!,#VALUE!,#VALUE!,#,#VALUE!,#VALUE!,#VALUE!,#VALUE!,#VALUE!,#VALUE!,#,#VALUE!,#VALUE!,#VALUE!,#VALUE!,#VALUE!,#VALUE!,#,#VALUE!,#VALUE!,#VALUE!,#VALUE!,#VALUE!,#VALUE!,0.0 , , , , , , ,0.0 , , , , , , ,0.0 ,0.3 ,0.6 ,0.9 ,1.1 ,1.4 ,1.7 ,2.0 ,3.9 ,5.7 ,7.6 ,9.4 ,11.3 ,13.1 ,15.0 ,16.1 ,17.3 ,18.4 ,19.6 ,20.7 ,21.9 ,23.0 ,25.3 ,27.6 ,29.9 ,32.1 ,34.4 ,36.7 ,39.0 ,40.3 ,41.6 ,42.9 ,44.1 ,45.4 ,46.7 ,48.0 ,49.4 ,50.9 ,52.3 ,53.7 ,55.1 ,56.6 ,58.0 ,61.4 ,64.9 ,68.3 ,71.7 ,75.1 ,78.6 ,82.0 ,83.0 ,84.0 ,85.0 ,86.0 ,87.0 ,88.0 ,89.0 ,90.0 ,91.0 ,92.0 ,93.0 ,94.0 ,95.0 ,96.0 ,96.0 ,96.0 ,96.0 ,96.0 ,96.0 ,96.0 ,96.0 ,96.3 ,96.6 ,96.9 ,97.1 ,97.4 ,97.7 ,98.0 ,98.1 ,98.3 ,98.4 ,98.6 ,98.7 ,98.9 ,99.0 ,99.1 ,99.3 ,99.4 ,99.6 ,99.7 ,99.9 ,100.0 ,100.0 ,100.0 ,100.0 ,100.0 ,100.0 ,100.0 ,100.0 ,,,,,,,#,,,,,,,,,,,,,,,,,,
01 ,#,#VALUE!,#VALUE!,#VALUE!,#VALUE!,#VALUE!,#VALUE!,#,#VALUE!,#VALUE!,#VALUE!,#VALUE!,#VALUE!,#VALUE!,#,#VALUE!,#VALUE!,#VALUE!,#VALUE!,#VALUE!,#VALUE!,#,#VALUE!,#VALUE!,#VALUE!,#VALUE!,#VALUE!,#VALUE!,#,#VALUE!,#VALUE!,#VALUE!,#VALUE!,#VALUE!,#VALUE!,#,#VALUE!,#VALUE!,#VALUE!,#VALUE!,#VALUE!,#VALUE!,#,#VALUE!,#VALUE!,#VALUE!,#VALUE!,#VALUE!,#VALUE!,#,#VALUE!,#VALUE!,#VALUE!,#VALUE!,#VALUE!,#VALUE!,#,#VALUE!,#VALUE!,#VALUE!,#VALUE!,#VALUE!,#VALUE!,#,#VALUE!,#VALUE!,#VALUE!,#VALUE!,#VALUE!,#VALUE!,#,#VALUE!,#VALUE!,#VALUE!,#VALUE!,#VALUE!,#VALUE!,#,#VALUE!,#VALUE!,#VALUE!,#VALUE!,#VALUE!,#VALUE!,#,#VALUE!,#VALUE!,#VALUE!,#VALUE!,#VALUE!,#VALUE!,#,#VALUE!,#VALUE!,#VALUE!,#VALUE!,#VALUE!,#VALUE!,#,#VALUE!,#VALUE!,#VALUE!,#VALUE!,#VALUE!,#VALUE!,#,#VALUE!,#VALUE!,#VALUE!,#VALUE!,#VALUE!,#VALUE!,#,#VALUE!,#VALUE!,#VALUE!,#VALUE!,#VALUE!,#VALUE!,0.0 , , , , , , ,0.0 ,1.0 ,2.0 ,3.0 ,4.0 ,5.0 ,6.0 ,7.0 ,8.7 ,10.4 ,12.1 ,13.9 ,15.6 ,17.3 ,19.0 ,22.0 ,25.0 ,28.0 ,31.0 ,34.0 ,37.0 ,40.0 ,43.6 ,47.1 ,50.7 ,54.3 ,57.9 ,61.4 ,65.0 ,67.6 ,70.1 ,72.7 ,75.3 ,77.9 ,80.4 ,83.0 ,84.3 ,85.6 ,86.9 ,88.1 ,89.4 ,90.7 ,92.0 ,92.3 ,92.6 ,92.9 ,93.1 ,93.4 ,93.7 ,94.0 ,94.3 ,94.6 ,94.9 ,95.1 ,95.4 ,95.7 ,96.0 ,96.6 ,97.1 ,97.7 ,98.3 ,98.9 ,99.4 ,100.0 ,100.0 ,100.0 ,100.0 ,100.0 ,100.0 ,100.0 ,100.0 ,100.0 ,100.0 ,100.0 ,100.0 ,100.0 ,100.0 ,100.0 ,100.0 ,100.0 ,100.0 ,100.0 ,100.0 ,100.0 ,100.0 ,100.0 ,100.0 ,100.0 ,100.0 ,100.0 ,100.0 ,100.0 ,,,,,,,#,,, ,#VALUE!,#VALUE!,#VALUE!,,,,,,,,,,,,,
02 ,,,,,,,#,#VALUE!,#VALUE!,#VALUE!,#VALUE!,#VALUE!,#VALUE!,#,#VALUE!,#VALUE!,#VALUE!,#VALUE!,#VALUE!,#VALUE!,#,#VALUE!,#VALUE!,#VALUE!,#VALUE!,#VALUE!,#VALUE!,#,#VALUE!,#VALUE!,#VALUE!,#VALUE!,#VALUE!,#VALUE!,#,#VALUE!,#VALUE!,#VALUE!,#VALUE!,#VALUE!,#VALUE!,#,#VALUE!,#VALUE!,#VALUE!,#VALUE!,#VALUE!,#VALUE!,#,#VALUE!,#VALUE!,#VALUE!,#VALUE!,#VALUE!,#VALUE!,#,#VALUE!,#VALUE!,#VALUE!,#VALUE!,#VALUE!,#VALUE!,#,#VALUE!,#VALUE!,#VALUE!,#VALUE!,#VALUE!,#VALUE!,#,#VALUE!,#VALUE!,#VALUE!,#VALUE!,#VALUE!,#VALUE!,#,#VALUE!,#VALUE!,#VALUE!,#VALUE!,#VALUE!,#VALUE!,#,#VALUE!,#VALUE!,#VALUE!,#VALUE!,#VALUE!,#VALUE!,#,#VALUE!,#VALUE!,#VALUE!,#VALUE!,#VALUE!,#VALUE!,#,#VALUE!,#VALUE!,#VALUE!,#VALUE!,#VALUE!,#VALUE!,#,#VALUE!,#VALUE!,#VALUE!,#VALUE!,#VALUE!,#VALUE!,#,#VALUE!,#VALUE!,#VALUE!,#VALUE!,#VALUE!,#VALUE!,1.0 ,1.0 ,1.0 ,1.0 ,1.0 ,1.0 ,1.0 ,1.0 ,1.3 ,1.6 ,1.9 ,2.1 ,2.4 ,2.7 ,3.0 ,4.0 ,5.0 ,6.0 ,7.0 ,8.0 ,9.0 ,10.0 ,10.9 ,11.7 ,12.6 ,13.4 ,14.3 ,15.1 ,16.0 ,17.6 ,19.1 ,20.7 ,22.3 ,23.9 ,25.4 ,27.0 ,29.1 ,31.3 ,33.4 ,35.6 ,37.7 ,39.9 ,42.0 ,46.0 ,50.0 ,54.0 ,58.0 ,62.0 ,66.0 ,70.0 ,71.9 ,73.7 ,75.6 ,77.4 ,79.3 ,81.1 ,83.0 ,83.9 ,84.7 ,85.6 ,86.4 ,87.3 ,88.1 ,89.0 ,90.0 ,91.0 ,92.0 ,93.0 ,94.0 ,95.0 ,96.0 ,96.4 ,96.9 ,97.3 ,97.7 ,98.1 ,98.6 ,99.0 ,99.1 ,99.3 ,99.4 ,99.6 ,99.7 ,99.9 ,100.0 ,100.0 ,100.0 ,100.0 ,100.0 ,100.0 ,100.0 ,100.0 ,100.0 ,100.0 ,100.0 ,100.0 ,100.0 ,100.0 ,100.0 ,,,,,,,#,,,,#VALUE!,#VALUE!,#VALUE!,#,#VALUE!,#VALUE!,#VALUE!,#VALUE!,#VALUE!,#VALUE!,,,,,,,
03 ,,,,,,#,#VALUE!,#VALUE!,#VALUE!,#VALUE!,#VALUE!,#VALUE!,#,#VALUE!,#VALUE!,#VALUE!,#VALUE!,#VALUE!,#VALUE!,#,#VALUE!,#VALUE!,#VALUE!,#VALUE!,#VALUE!,#VALUE!,#,#VALUE!,#VALUE!,#VALUE!,#VALUE!,#VALUE!,#VALUE!,#,#VALUE!,#VALUE!,#VALUE!,#VALUE!,#VALUE!,#VALUE!,#,#VALUE!,#VALUE!,#VALUE!,#VALUE!,#VALUE!,#VALUE!,#,#VALUE!,#VALUE!,#VALUE!,#VALUE!,#VALUE!,#VALUE!,#,#VALUE!,#VALUE!,#VALUE!,#VALUE!,#VALUE!,#VALUE!,#,#VALUE!,#VALUE!,#VALUE!,#VALUE!,#VALUE!,#VALUE!,#,#VALUE!,#VALUE!,#VALUE!,#VALUE!,#VALUE!,#VALUE!,#,#VALUE!,#VALUE!,#VALUE!,#VALUE!,#VALUE!,#VALUE!,#,#VALUE!,#VALUE!,#VALUE!,#VALUE!,#VALUE!,#VALUE!,#,#VALUE!,#VALUE!,#VALUE!,#VALUE!,#VALUE!,#VALUE!,#,#VALUE!,#VALUE!,#VALUE!,#VALUE!,#VALUE!,#VALUE!,#,#VALUE!,#VALUE!,#VALUE!,#VALUE!,#VALUE!,#VALUE!,#,#VALUE!,#VALUE!,#VALUE!,#VALUE!,#VALUE!,#VALUE!,0.0 ,0.3 ,0.6 ,0.9 ,1.1 ,1.4 ,1.7 ,2.0 ,3.0 ,4.0 ,5.0 ,6.0 ,7.0 ,8.0 ,9.0 ,11.3 ,13.6 ,15.9 ,18.1 ,20.4 ,22.7 ,25.0 ,28.7 ,32.4 ,36.1 ,39.9 ,43.6 ,47.3 ,51.0 ,55.3 ,59.6 ,63.9 ,68.1 ,72.4 ,76.7 ,81.0 ,82.6 ,84.1 ,85.7 ,87.3 ,88.9 ,90.4 ,92.0 ,92.7 ,93.4 ,94.1 ,94.9 ,95.6 ,96.3 ,97.0 ,97.4 ,97.9 ,98.3 ,98.7 ,99.1 ,99.6 ,100.0 ,100.0 ,100.0 ,100.0 ,100.0 ,100.0 ,100.0 ,100.0 ,100.0 ,100.0 ,100.0 ,100.0 ,100.0 ,100.0 ,100.0 ,100.0 ,100.0 ,100.0 ,100.0 ,100.0 ,100.0 ,100.0 ,100.0 ,100.0 ,100.0 ,100.0 ,100.0 ,100.0 ,100.0 ,100.0 ,100.0 ,100.0 ,100.0 ,100.0 ,100.0 ,100.0 ,100.0 ,100.0 ,100.0 ,100.0 ,100.0 ,100.0 ,100.0 ,100.0 ,100.0 ,100.0 ,100.0 ,100.0 ,100.0 ,100.0 ,,,,,,,#,#VALUE!,#VALUE!,#VALUE!,#VALUE!,#VALUE!,#VALUE!,,,,,,,,
04 ,,,,#,#VALUE!,#VALUE!,#VALUE!,#VALUE!,#VALUE!,#VALUE!,#,#VALUE!,#VALUE!,#VALUE!,#VALUE!,#VALUE!,#VALUE!,#,#VALUE!,#VALUE!,#VALUE!,#VALUE!,#VALUE!,#VALUE!,#,#VALUE!,#VALUE!,#VALUE!,#VALUE!,#VALUE!,#VALUE!,#,#VALUE!,#VALUE!,#VALUE!,#VALUE!,#VALUE!,#VALUE!,#,#VALUE!,#VALUE!,#VALUE!,#VALUE!,#VALUE!,#VALUE!,#,#VALUE!,#VALUE!,#VALUE!,#VALUE!,#VALUE!,#VALUE!,#,#VALUE!,#VALUE!,#VALUE!,#VALUE!,#VALUE!,#VALUE!,#,#VALUE!,#VALUE!,#VALUE!,#VALUE!,#VALUE!,#VALUE!,#,#VALUE!,#VALUE!,#VALUE!,#VALUE!,#VALUE!,#VALUE!,#,#VALUE!,#VALUE!,#VALUE!,#VALUE!,#VALUE!,#VALUE!,#,#VALUE!,#VALUE!,#VALUE!,#VALUE!,#VALUE!,#VALUE!,#,#VALUE!,#VALUE!,#VALUE!,#VALUE!,#VALUE!,#VALUE!,#,#VALUE!,#VALUE!,#VALUE!,#VALUE!,#VALUE!,#VALUE!,#,#VALUE!,#VALUE!,#VALUE!,#VALUE!,#VALUE!,#VALUE!,#,,,,,,,#,#VALUE!,#VALUE!,#VALUE!,#VALUE!,#VALUE!,#VALUE!,1.0 ,1.1 ,1.3 ,1.4 ,1.6 ,1.7 ,1.9 ,2.0 ,2.4 ,2.9 ,3.3 ,3.7 ,4.1 ,4.6 ,5.0 ,6.7 ,8.4 ,10.1 ,11.9 ,13.6 ,15.3 ,17.0 ,17.4 ,17.9 ,18.3 ,18.7 ,19.1 ,19.6 ,20.0 ,21.7 ,23.4 ,25.1 ,26.9 ,28.6 ,30.3 ,32.0 ,33.4 ,34.9 ,36.3 ,37.7 ,39.1 ,40.6 ,42.0 ,43.1 ,44.3 ,45.4 ,46.6 ,47.7 ,48.9 ,50.0 ,52.4 ,54.9 ,57.3 ,59.7 ,62.1 ,64.6 ,67.0 ,68.0 ,69.0 ,70.0 ,71.0 ,72.0 ,73.0 ,74.0 ,74.9 ,75.7 ,76.6 ,77.4 ,78.3 ,79.1 ,80.0 ,81.3 ,82.6 ,83.9 ,85.1 ,86.4 ,87.7 ,89.0 ,89.3 ,89.6 ,89.9 ,90.1 ,90.4 ,90.7 ,91.0 ,91.1 ,91.3 ,91.4 ,91.6 ,91.7 ,91.9 ,92.0 ,92.6 ,93.1 ,93.7 ,94.3 ,94.9 ,95.4 ,96.0 ,96.6 ,97.1 ,97.7 ,98.3 ,98.9 ,99.4 ,100.0 ,,,,,,,,,,,,,,,,
05 ,,,#,#VALUE!,#VALUE!,#VALUE!,#VALUE!,#VALUE!,#VALUE!,#,#VALUE!,#VALUE!,#VALUE!,#VALUE!,#VALUE!,#VALUE!,#,#VALUE!,#VALUE!,#VALUE!,#VALUE!,#VALUE!,#VALUE!,#,#VALUE!,#VALUE!,#VALUE!,#VALUE!,#VALUE!,#VALUE!,#,#VALUE!,#VALUE!,#VALUE!,#VALUE!,#VALUE!,#VALUE!,#,#VALUE!,#VALUE!,#VALUE!,#VALUE!,#VALUE!,#VALUE!,#,#VALUE!,#VALUE!,#VALUE!,#VALUE!,#VALUE!,#VALUE!,#,#VALUE!,#VALUE!,#VALUE!,#VALUE!,#VALUE!,#VALUE!,#,#VALUE!,#VALUE!,#VALUE!,#VALUE!,#VALUE!,#VALUE!,#,#VALUE!,#VALUE!,#VALUE!,#VALUE!,#VALUE!,#VALUE!,#,#VALUE!,#VALUE!,#VALUE!,#VALUE!,#VALUE!,#VALUE!,#,#VALUE!,#VALUE!,#VALUE!,#VALUE!,#VALUE!,#VALUE!,#,#VALUE!,#VALUE!,#VALUE!,#VALUE!,#VALUE!,#VALUE!,#,#VALUE!,#VALUE!,#VALUE!,#VALUE!,#VALUE!,#VALUE!,#,#VALUE!,#VALUE!,#VALUE!,#VALUE!,#VALUE!,#VALUE!,#,,,,,,,#,#VALUE!,#VALUE!,#VALUE!,#VALUE!,#VALUE!,#VALUE!,1.0 ,1.7 ,2.4 ,3.1 ,3.9 ,4.6 ,5.3 ,6.0 ,7.7 ,9.4 ,11.1 ,12.9 ,14.6 ,16.3 ,18.0 ,20.0 ,22.0 ,24.0 ,26.0 ,28.0 ,30.0 ,32.0 ,34.3 ,36.6 ,38.9 ,41.1 ,43.4 ,45.7 ,48.0 ,51.3 ,54.6 ,57.9 ,61.1 ,64.4 ,67.7 ,71.0 ,72.7 ,74.4 ,76.1 ,77.9 ,79.6 ,81.3 ,83.0 ,83.7 ,84.4 ,85.1 ,85.9 ,86.6 ,87.3 ,88.0 ,88.9 ,89.7 ,90.6 ,91.4 ,92.3 ,93.1 ,94.0 ,94.6 ,95.1 ,95.7 ,96.3 ,96.9 ,97.4 ,98.0 ,98.3 ,98.6 ,98.9 ,99.1 ,99.4 ,99.7 ,100.0 ,100.0 ,100.0 ,100.0 ,100.0 ,100.0 ,100.0 ,100.0 ,100.0 ,100.0 ,100.0 ,100.0 ,100.0 ,100.0 ,100.0 ,100.0 ,100.0 ,100.0 ,100.0 ,100.0 ,100.0 ,100.0 ,100.0 ,100.0 ,100.0 ,100.0 ,100.0 ,100.0 ,100.0 ,,,,,,,#,#VALUE!,#VALUE!,#VALUE!,#VALUE!,#VALUE!,#VALUE!,,,,,,,,,,,
06 ,,#,#VALUE!,#VALUE!,#VALUE!,#VALUE!,#VALUE!,#VALUE!,#,#VALUE!,#VALUE!,#VALUE!,#VALUE!,#VALUE!,#VALUE!,#,#VALUE!,#VALUE!,#VALUE!,#VALUE!,#VALUE!,#VALUE!,#,#VALUE!,#VALUE!,#VALUE!,#VALUE!,#VALUE!,#VALUE!,#,#VALUE!,#VALUE!,#VALUE!,#VALUE!,#VALUE!,#VALUE!,#,#VALUE!,#VALUE!,#VALUE!,#VALUE!,#VALUE!,#VALUE!,#,#VALUE!,#VALUE!,#VALUE!,#VALUE!,#VALUE!,#VALUE!,#,#VALUE!,#VALUE!,#VALUE!,#VALUE!,#VALUE!,#VALUE!,#,#VALUE!,#VALUE!,#VALUE!,#VALUE!,#VALUE!,#VALUE!,#,#VALUE!,#VALUE!,#VALUE!,#VALUE!,#VALUE!,#VALUE!,#,#VALUE!,#VALUE!,#VALUE!,#VALUE!,#VALUE!,#VALUE!,#,#VALUE!,#VALUE!,#VALUE!,#VALUE!,#VALUE!,#VALUE!,#,#VALUE!,#VALUE!,#VALUE!,#VALUE!,#VALUE!,#VALUE!,#,#VALUE!,#VALUE!,#VALUE!,#VALUE!,#VALUE!,#VALUE!,#,#VALUE!,,,,,,#,#VALUE!,#VALUE!,#VALUE!,#VALUE!,#VALUE!,#VALUE!,2.0 ,2.6 ,3.1 ,3.7 ,4.3 ,4.9 ,5.4 ,6.0 ,7.1 ,8.3 ,9.4 ,10.6 ,11.7 ,12.9 ,14.0 ,16.6 ,19.1 ,21.7 ,24.3 ,26.9 ,29.4 ,32.0 ,35.1 ,38.3 ,41.4 ,44.6 ,47.7 ,50.9 ,54.0 ,56.3 ,58.6 ,60.9 ,63.1 ,65.4 ,67.7 ,70.0 ,73.0 ,76.0 ,79.0 ,82.0 ,85.0 ,88.0 ,91.0 ,91.7 ,92.4 ,93.1 ,93.9 ,94.6 ,95.3 ,96.0 ,96.6 ,97.1 ,97.7 ,98.3 ,98.9 ,99.4 ,100.0 ,100.0 ,100.0 ,100.0 ,100.0 ,100.0 ,100.0 ,100.0 ,100.0 ,100.0 ,100.0 ,100.0 ,100.0 ,100.0 ,100.0 ,100.0 ,100.0 ,100.0 ,100.0 ,100.0 ,100.0 ,100.0 ,100.0 ,100.0 ,100.0 ,100.0 ,100.0 ,100.0 ,100.0 ,100.0 ,100.0 ,100.0 ,100.0 ,100.0 ,100.0 ,100.0 ,100.0 ,100.0 ,100.0 ,100.0 ,100.0 ,100.0 ,100.0 ,100.0 ,100.0 ,100.0 ,100.0 ,100.0 ,100.0 ,100.0 ,,,,,,,#,,,,,,,,,,,,,,,,,,
07 ,#,#VALUE!,#VALUE!,#VALUE!,#VALUE!,#VALUE!,#VALUE!,#,#VALUE!,#VALUE!,#VALUE!,#VALUE!,#VALUE!,#VALUE!,#,#VALUE!,#VALUE!,#VALUE!,#VALUE!,#VALUE!,#VALUE!,#,#VALUE!,#VALUE!,#VALUE!,#VALUE!,#VALUE!,#VALUE!,#,#VALUE!,#VALUE!,#VALUE!,#VALUE!,#VALUE!,#VALUE!,#,#VALUE!,#VALUE!,#VALUE!,#VALUE!,#VALUE!,#VALUE!,#,#VALUE!,#VALUE!,#VALUE!,#VALUE!,#VALUE!,#VALUE!,#,#VALUE!,#VALUE!,#VALUE!,#VALUE!,#VALUE!,#VALUE!,#,#VALUE!,#VALUE!,#VALUE!,#VALUE!,#VALUE!,#VALUE!,#,#VALUE!,#VALUE!,#VALUE!,#VALUE!,#VALUE!,#VALUE!,#,#VALUE!,#VALUE!,#VALUE!,#VALUE!,#VALUE!,#VALUE!,#,#VALUE!,#VALUE!,#VALUE!,#VALUE!,#VALUE!,#VALUE!,#,#VALUE!,#VALUE!,#VALUE!,#VALUE!,#VALUE!,#VALUE!,#,#VALUE!,#VALUE!,#VALUE!,#VALUE!,#VALUE!,#VALUE!,#,#VALUE!,#VALUE!,#VALUE!,#VALUE!,#VALUE!,#VALUE!,#,#VALUE!,#VALUE!,#VALUE!,#VALUE!,#VALUE!,#VALUE!,0.0 ,0.7 ,1.4 ,2.1 ,2.9 ,3.6 ,4.3 ,5.0 ,5.9 ,6.7 ,7.6 ,8.4 ,9.3 ,10.1 ,11.0 ,13.0 ,15.0 ,17.0 ,19.0 ,21.0 ,23.0 ,25.0 ,27.7 ,30.4 ,33.1 ,35.9 ,38.6 ,41.3 ,44.0 ,46.0 ,48.0 ,50.0 ,52.0 ,54.0 ,56.0 ,58.0 ,61.3 ,64.6 ,67.9 ,71.1 ,74.4 ,77.7 ,81.0 ,82.0 ,83.0 ,84.0 ,85.0 ,86.0 ,87.0 ,88.0 ,89.1 ,90.3 ,91.4 ,92.6 ,93.7 ,94.9 ,96.0 ,96.3 ,96.6 ,96.9 ,97.1 ,97.4 ,97.7 ,98.0 ,98.3 ,98.6 ,98.9 ,99.1 ,99.4 ,99.7 ,100.0 ,100.0 ,100.0 ,100.0 ,100.0 ,100.0 ,100.0 ,100.0 ,100.0 ,100.0 ,100.0 ,100.0 ,100.0 ,100.0 ,100.0 ,100.0 ,100.0 ,100.0 ,100.0 ,100.0 ,100.0 ,100.0 ,100.0 ,100.0 ,100.0 ,100.0 ,100.0 ,100.0 ,100.0 ,100.0 ,100.0 ,100.0 ,100.0 ,100.0 ,100.0 ,100.0 ,,,,,,,#,,,,,,,,,,,,,,,,,,,
08 ,,,,,,#,#VALUE!,#VALUE!,#VALUE!,#VALUE!,#VALUE!,#VALUE!,#,#VALUE!,#VALUE!,#VALUE!,#VALUE!,#VALUE!,#VALUE!,#,#VALUE!,#VALUE!,#VALUE!,#VALUE!,#VALUE!,#VALUE!,#,#VALUE!,#VALUE!,#VALUE!,#VALUE!,#VALUE!,#VALUE!,#,#VALUE!,#VALUE!,#VALUE!,#VALUE!,#VALUE!,#VALUE!,#,#VALUE!,#VALUE!,#VALUE!,#VALUE!,#VALUE!,#VALUE!,#,#VALUE!,#VALUE!,#VALUE!,#VALUE!,#VALUE!,#VALUE!,#,#VALUE!,#VALUE!,#VALUE!,#VALUE!,#VALUE!,#VALUE!,#,#VALUE!,#VALUE!,#VALUE!,#VALUE!,#VALUE!,#VALUE!,#,#VALUE!,#VALUE!,#VALUE!,#VALUE!,#VALUE!,#VALUE!,#,#VALUE!,#VALUE!,#VALUE!,#VALUE!,#VALUE!,#VALUE!,#,#VALUE!,#VALUE!,#VALUE!,#VALUE!,#VALUE!,#VALUE!,#,#VALUE!,#VALUE!,#VALUE!,#VALUE!,#VALUE!,#VALUE!,#,#VALUE!,#VALUE!,#VALUE!,#VALUE!,#VALUE!,#VALUE!,#,#VALUE!,#VALUE!,#VALUE!,#VALUE!,#VALUE!,#VALUE!,#,#VALUE!,#VALUE!,#VALUE!,#VALUE!,#VALUE!,#VALUE!,2.0 ,2.4 ,2.9 ,3.3 ,3.7 ,4.1 ,4.6 ,5.0 ,6.1 ,7.3 ,8.4 ,9.6 ,10.7 ,11.9 ,13.0 ,15.1 ,17.3 ,19.4 ,21.6 ,23.7 ,25.9 ,28.0 ,31.0 ,34.0 ,37.0 ,40.0 ,43.0 ,46.0 ,49.0 ,51.4 ,53.9 ,56.3 ,58.7 ,61.1 ,63.6 ,66.0 ,67.1 ,68.3 ,69.4 ,70.6 ,71.7 ,72.9 ,74.0 ,75.1 ,76.3 ,77.4 ,78.6 ,79.7 ,80.9 ,82.0 ,83.6 ,85.1 ,86.7 ,88.3 ,89.9 ,91.4 ,93.0 ,93.6 ,94.1 ,94.7 ,95.3 ,95.9 ,96.4 ,97.0 ,97.4 ,97.9 ,98.3 ,98.7 ,99.1 ,99.6 ,100.0 ,100.0 ,100.0 ,100.0 ,100.0 ,100.0 ,100.0 ,100.0 ,100.0 ,100.0 ,100.0 ,100.0 ,100.0 ,100.0 ,100.0 ,100.0 ,100.0 ,100.0 ,100.0 ,100.0 ,100.0 ,100.0 ,100.0 ,100.0 ,100.0 ,100.0 ,100.0 ,100.0 ,100.0 ,,,,,,,#,#VALUE!,#VALUE!,#VALUE!,#VALUE!,#VALUE!,#VALUE!,#,,,,,,,,,,,,,,
09 ,,,,,#,#VALUE!,#VALUE!,#VALUE!,#VALUE!,#VALUE!,#VALUE!,#,#VALUE!,#VALUE!,#VALUE!,#VALUE!,#VALUE!,#VALUE!,#,#VALUE!,#VALUE!,#VALUE!,#VALUE!,#VALUE!,#VALUE!,#,#VALUE!,#VALUE!,#VALUE!,#VALUE!,#VALUE!,#VALUE!,#,#VALUE!,#VALUE!,#VALUE!,#VALUE!,#VALUE!,#VALUE!,#,#VALUE!,#VALUE!,#VALUE!,#VALUE!,#VALUE!,#VALUE!,#,#VALUE!,#VALUE!,#VALUE!,#VALUE!,#VALUE!,#VALUE!,#,#VALUE!,#VALUE!,#VALUE!,#VALUE!,#VALUE!,#VALUE!,#,#VALUE!,#VALUE!,#VALUE!,#VALUE!,#VALUE!,#VALUE!,#,#VALUE!,#VALUE!,#VALUE!,#VALUE!,#VALUE!,#VALUE!,#,#VALUE!,#VALUE!,#VALUE!,#VALUE!,#VALUE!,#VALUE!,#,#VALUE!,#VALUE!,#VALUE!,#VALUE!,#VALUE!,#VALUE!,#,#VALUE!,#VALUE!,#VALUE!,#VALUE!,#VALUE!,#VALUE!,#,#VALUE!,#VALUE!,#VALUE!,#VALUE!,#VALUE!,#VALUE!,#,#VALUE!,#VALUE!,#VALUE!,#VALUE!,#VALUE!,#VALUE!,#,#VALUE!,#VALUE!,#VALUE!,#VALUE!,#VALUE!,#VALUE!,#,#VALUE!,#VALUE!,#VALUE!,#VALUE!,#VALUE!,#VALUE!,0.0 ,0.1 ,0.3 ,0.4 ,0.6 ,0.7 ,0.9 ,1.0 ,1.1 ,1.3 ,1.4 ,1.6 ,1.7 ,1.9 ,2.0 ,2.3 ,2.6 ,2.9 ,3.1 ,3.4 ,3.7 ,4.0 ,4.7 ,5.4 ,6.1 ,6.9 ,7.6 ,8.3 ,9.0 ,11.4 ,13.9 ,16.3 ,18.7 ,21.1 ,23.6 ,26.0 ,28.0 ,30.0 ,32.0 ,34.0 ,36.0 ,38.0 ,40.0 ,44.0 ,48.0 ,52.0 ,56.0 ,60.0 ,64.0 ,68.0 ,70.3 ,72.6 ,74.9 ,77.1 ,79.4 ,81.7 ,84.0 ,85.3 ,86.6 ,87.9 ,89.1 ,90.4 ,91.7 ,93.0 ,93.3 ,93.6 ,93.9 ,94.1 ,94.4 ,94.7 ,95.0 ,95.7 ,96.4 ,97.1 ,97.9 ,98.6 ,99.3 ,100.0 ,100.0 ,100.0 ,100.0 ,100.0 ,100.0 ,100.0 ,100.0 ,100.0 ,100.0 ,100.0 ,100.0 ,100.0 ,100.0 ,100.0 ,,,,,,,#,#VALUE!,#VALUE!,#VALUE!,#VALUE!,#VALUE!,#VALUE!,#,,,,,,,,,,,,,,,
10 ,,,,#,#VALUE!,#VALUE!,#VALUE!,#VALUE!,#VALUE!,#VALUE!,#,#VALUE!,#VALUE!,#VALUE!,#VALUE!,#VALUE!,#VALUE!,#,#VALUE!,#VALUE!,#VALUE!,#VALUE!,#VALUE!,#VALUE!,#,#VALUE!,#VALUE!,#VALUE!,#VALUE!,#VALUE!,#VALUE!,#,#VALUE!,#VALUE!,#VALUE!,#VALUE!,#VALUE!,#VALUE!,#,#VALUE!,#VALUE!,#VALUE!,#VALUE!,#VALUE!,#VALUE!,#,#VALUE!,#VALUE!,#VALUE!,#VALUE!,#VALUE!,#VALUE!,#,#VALUE!,#VALUE!,#VALUE!,#VALUE!,#VALUE!,#VALUE!,#,#VALUE!,#VALUE!,#VALUE!,#VALUE!,#VALUE!,#VALUE!,#,#VALUE!,#VALUE!,#VALUE!,#VALUE!,#VALUE!,#VALUE!,#,#VALUE!,#VALUE!,#VALUE!,#VALUE!,#VALUE!,#VALUE!,#,#VALUE!,#VALUE!,#VALUE!,#VALUE!,#VALUE!,#VALUE!,#,#VALUE!,#VALUE!,#VALUE!,#VALUE!,#VALUE!,#VALUE!,#,#VALUE!,#VALUE!,#VALUE!,#VALUE!,#VALUE!,#VALUE!,#,#VALUE!,#VALUE!,#VALUE!,#VALUE!,#VALUE!,#VALUE!,#,#VALUE!,#VALUE!,#VALUE!,#VALUE!,#VALUE!,#VALUE!,#,#VALUE!,#VALUE!,#VALUE!,#VALUE!,#VALUE!,#VALUE!,0.0 ,0.1 ,0.3 ,0.4 ,0.6 ,0.7 ,0.9 ,1.0 ,1.3 ,1.6 ,1.9 ,2.1 ,2.4 ,2.7 ,3.0 ,5.3 ,7.6 ,9.9 ,12.1 ,14.4 ,16.7 ,19.0 ,22.4 ,25.9 ,29.3 ,32.7 ,36.1 ,39.6 ,43.0 ,43.9 ,44.7 ,45.6 ,46.4 ,47.3 ,48.1 ,49.0 ,51.1 ,53.3 ,55.4 ,57.6 ,59.7 ,61.9 ,64.0 ,65.0 ,66.0 ,67.0 ,68.0 ,69.0 ,70.0 ,71.0 ,71.6 ,72.1 ,72.7 ,73.3 ,73.9 ,74.4 ,75.0 ,77.0 ,79.0 ,81.0 ,83.0 ,85.0 ,87.0 ,89.0 ,90.1 ,91.3 ,92.4 ,93.6 ,94.7 ,95.9 ,97.0 ,97.4 ,97.9 ,98.3 ,98.7 ,99.1 ,99.6 ,100.0 ,100.0 ,100.0 ,100.0 ,100.0 ,100.0 ,100.0 ,100.0 ,100.0 ,100.0 ,100.0 ,100.0 ,100.0 ,100.0 ,100.0 ,100.0 ,100.0 ,100.0 ,100.0 ,100.0 ,100.0 ,100.0 ,,,,,,,#,,,,,,,,,,,,,,,,
11.0 ,,,#,#VALUE!,#VALUE!,#VALUE!,#VALUE!,#VALUE!,#VALUE!,#,#VALUE!,#VALUE!,#VALUE!,#VALUE!,#VALUE!,#VALUE!,#,#VALUE!,#VALUE!,#VALUE!,#VALUE!,#VALUE!,#VALUE!,#,#VALUE!,#VALUE!,#VALUE!,#VALUE!,#VALUE!,#VALUE!,#,#VALUE!,#VALUE!,#VALUE!,#VALUE!,#VALUE!,#VALUE!,#,#VALUE!,#VALUE!,#VALUE!,#VALUE!,#VALUE!,#VALUE!,#,#VALUE!,#VALUE!,#VALUE!,#VALUE!,#VALUE!,#VALUE!,#,#VALUE!,#VALUE!,#VALUE!,#VALUE!,#VALUE!,#VALUE!,#,#VALUE!,#VALUE!,#VALUE!,#VALUE!,#VALUE!,#VALUE!,#,#VALUE!,#VALUE!,#VALUE!,#VALUE!,#VALUE!,#VALUE!,#,#VALUE!,#VALUE!,#VALUE!,#VALUE!,#VALUE!,#VALUE!,#,#VALUE!,#VALUE!,#VALUE!,#VALUE!,#VALUE!,#VALUE!,#,#VALUE!,#VALUE!,#VALUE!,#VALUE!,#VALUE!,#VALUE!,#,#VALUE!,#VALUE!,#VALUE!,#VALUE!,#VALUE!,#VALUE!,#,#VALUE!,#VALUE!,#VALUE!,#VALUE!,#VALUE!,#VALUE!,#,#VALUE!,#VALUE!,#VALUE!,#VALUE!,#VALUE!,#VALUE!,#,#VALUE!,#VALUE!,#VALUE!,#VALUE!,#VALUE!,#VALUE!,#,,,,,,,0.0 ,0.1 ,0.3 ,0.4 ,0.6 ,0.7 ,0.9 ,1.0 ,1.1 ,1.3 ,1.4 ,1.6 ,1.7 ,1.9 ,2.0 ,3.6 ,5.1 ,6.7 ,8.3 ,9.9 ,11.4 ,13.0 ,15.7 ,18.4 ,21.1 ,23.9 ,26.6 ,29.3 ,32.0 ,36.1 ,40.3 ,44.4 ,48.6 ,52.7 ,56.9 ,61.0 ,64.0 ,67.0 ,70.0 ,73.0 ,76.0 ,79.0 ,82.0 ,83.4 ,84.9 ,86.3 ,87.7 ,89.1 ,90.6 ,92.0 ,92.9 ,93.7 ,94.6 ,95.4 ,96.3 ,97.1 ,98.0 ,98.3 ,98.6 ,98.9 ,99.1 ,99.4 ,99.7 ,100.0 ,100.0 ,100.0 ,100.0 ,100.0 ,100.0 ,100.0 ,100.0 ,100.0 ,100.0 ,100.0 ,100.0 ,100.0 ,100.0 ,100.0 ,100.0 ,100.0 ,100.0 ,100.0 ,100.0 ,100.0 ,100.0 ,100.0 ,100.0 ,100.0 ,100.0 ,100.0 ,100.0 ,100.0 ,,,,,,,#,,,,,,,,,,,,,,,,,
12.0 ,#,#VALUE!,#VALUE!,#VALUE!,#VALUE!,#VALUE!,#VALUE!,#,#VALUE!,#VALUE!,#VALUE!,#VALUE!,#VALUE!,#VALUE!,#,#VALUE!,#VALUE!,#VALUE!,#VALUE!,#VALUE!,#VALUE!,#,#VALUE!,#VALUE!,#VALUE!,#VALUE!,#VALUE!,#VALUE!,#,#VALUE!,#VALUE!,#VALUE!,#VALUE!,#VALUE!,#VALUE!,#,#VALUE!,#VALUE!,#VALUE!,#VALUE!,#VALUE!,#VALUE!,#,#VALUE!,#VALUE!,#VALUE!,#VALUE!,#VALUE!,#VALUE!,#,#VALUE!,#VALUE!,#VALUE!,#VALUE!,#VALUE!,#VALUE!,#,#VALUE!,#VALUE!,#VALUE!,#VALUE!,#VALUE!,#VALUE!,#,#VALUE!,#VALUE!,#VALUE!,#VALUE!,#VALUE!,#VALUE!,#,#VALUE!,#VALUE!,#VALUE!,#VALUE!,#VALUE!,#VALUE!,#,#VALUE!,#VALUE!,#VALUE!,#VALUE!,#VALUE!,#VALUE!,#,#VALUE!,#VALUE!,#VALUE!,#VALUE!,#VALUE!,#VALUE!,#,#VALUE!,#VALUE!,#VALUE!,#VALUE!,#VALUE!,#VALUE!,#,,,,,,,0.0 ,0.4 ,0.9 ,1.3 ,1.7 ,2.1 ,2.6 ,3.0 ,4.6 ,6.1 ,7.7 ,9.3 ,10.9 ,12.4 ,14.0 ,15.7 ,17.4 ,19.1 ,20.9 ,22.6 ,24.3 ,26.0 ,27.4 ,28.9 ,30.3 ,31.7 ,33.1 ,34.6 ,36.0 ,39.4 ,42.9 ,46.3 ,49.7 ,53.1 ,56.6 ,60.0 ,63.0 ,66.0 ,69.0 ,72.0 ,75.0 ,78.0 ,81.0 ,82.6 ,84.1 ,85.7 ,87.3 ,88.9 ,90.4 ,92.0 ,92.4 ,92.9 ,93.3 ,93.7 ,94.1 ,94.6 ,95.0 ,95.7 ,96.4 ,97.1 ,97.9 ,98.6 ,99.3 ,100.0 ,100.0 ,100.0 ,100.0 ,100.0 ,100.0 ,100.0 ,100.0 ,100.0 ,100.0 ,100.0 ,100.0 ,100.0 ,100.0 ,100.0 ,100.0 ,100.0 ,100.0 ,100.0 ,100.0 ,100.0 ,100.0 ,100.0 ,100.0 ,100.0 ,100.0 ,100.0 ,100.0 ,100.0 ,100.0 ,100.0 ,100.0 ,100.0 ,100.0 ,100.0 ,100.0 ,100.0 ,100.0 ,100.0 ,100.0 ,100.0 ,100.0 ,100.0 ,100.0 ,100.0 ,100.0 ,100.0 ,100.0 ,100.0 ,100.0 ,,,,,,,#,,,,,,,,,,,,,,,,,,,
13.0 ,,,,,,,#,#VALUE!,#VALUE!,#VALUE!,#VALUE!,#VALUE!,#VALUE!,#,#VALUE!,#VALUE!,#VALUE!,#VALUE!,#VALUE!,#VALUE!,#,#VALUE!,#VALUE!,#VALUE!,#VALUE!,#VALUE!,#VALUE!,#,#VALUE!,#VALUE!,#VALUE!,#VALUE!,#VALUE!,#VALUE!,#,#VALUE!,#VALUE!,#VALUE!,#VALUE!,#VALUE!,#VALUE!,#,#VALUE!,#VALUE!,#VALUE!,#VALUE!,#VALUE!,#VALUE!,#,#VALUE!,#VALUE!,#VALUE!,#VALUE!,#VALUE!,#VALUE!,#,#VALUE!,#VALUE!,#VALUE!,#VALUE!,#VALUE!,#VALUE!,#,#VALUE!,#VALUE!,#VALUE!,#VALUE!,#VALUE!,#VALUE!,#,#VALUE!,#VALUE!,#VALUE!,#VALUE!,#VALUE!,#VALUE!,#,#VALUE!,#VALUE!,#VALUE!,#VALUE!,#VALUE!,#VALUE!,#,#VALUE!,#VALUE!,#VALUE!,#VALUE!,#VALUE!,#VALUE!,#,#VALUE!,#VALUE!,#VALUE!,#VALUE!,#VALUE!,#VALUE!,#,#VALUE!,#VALUE!,#VALUE!,#VALUE!,#VALUE!,#VALUE!,#,#VALUE!,#VALUE!,#VALUE!,#VALUE!,#VALUE!,#VALUE!,#,,,,,,,#,#VALUE!,#VALUE!,#VALUE!,#VALUE!,#VALUE!,#VALUE!,#,#VALUE!,#VALUE!,#VALUE!,#VALUE!,#VALUE!,#VALUE!,#,#VALUE!,#VALUE!,#VALUE!,#VALUE!,#VALUE!,#VALUE!,2.0 ,3.4 ,4.9 ,6.3 ,7.7 ,9.1 ,10.6 ,12.0 ,12.9 ,13.7 ,14.6 ,15.4 ,16.3 ,17.1 ,18.0 ,22.4 ,26.9 ,31.3 ,35.7 ,40.1 ,44.6 ,49.0 ,51.0 ,53.0 ,55.0 ,57.0 ,59.0 ,61.0 ,63.0 ,64.7 ,66.4 ,68.1 ,69.9 ,71.6 ,73.3 ,75.0 ,76.1 ,77.3 ,78.4 ,79.6 ,80.7 ,81.9 ,83.0 ,83.6 ,84.1 ,84.7 ,85.3 ,85.9 ,86.4 ,87.0 ,87.7 ,88.4 ,89.1 ,89.9 ,90.6 ,91.3 ,92.0 ,92.6 ,93.1 ,93.7 ,94.3 ,94.9 ,95.4 ,96.0 ,96.6 ,97.1 ,97.7 ,98.3 ,98.9 ,99.4 ,100.0 ,100.0 ,100.0 ,100.0 ,100.0 ,100.0 ,100.0 ,100.0 ,,,,,,,#,#VALUE!,#VALUE!,#VALUE!,#VALUE!,#VALUE!,#VALUE!,#,,,,,,,,,,,,,
14.0 ,,,,,,#,#VALUE!,#VALUE!,#VALUE!,#VALUE!,#VALUE!,#VALUE!,#,#VALUE!,#VALUE!,#VALUE!,#VALUE!,#VALUE!,#VALUE!,#,#VALUE!,#VALUE!,#VALUE!,#VALUE!,#VALUE!,#VALUE!,#,#VALUE!,#VALUE!,#VALUE!,#VALUE!,#VALUE!,#VALUE!,#,#VALUE!,#VALUE!,#VALUE!,#VALUE!,#VALUE!,#VALUE!,#,#VALUE!,#VALUE!,#VALUE!,#VALUE!,#VALUE!,#VALUE!,#,#VALUE!,#VALUE!,#VALUE!,#VALUE!,#VALUE!,#VALUE!,#,#VALUE!,#VALUE!,#VALUE!,#VALUE!,#VALUE!,#VALUE!,#,#VALUE!,#VALUE!,#VALUE!,#VALUE!,#VALUE!,#VALUE!,#,#VALUE!,#VALUE!,#VALUE!,#VALUE!,#VALUE!,#VALUE!,#,#VALUE!,#VALUE!,#VALUE!,#VALUE!,#VALUE!,#VALUE!,#,#VALUE!,#VALUE!,#VALUE!,#VALUE!,#VALUE!,#VALUE!,#,#VALUE!,#VALUE!,#VALUE!,#VALUE!,#VALUE!,#VALUE!,#,#VALUE!,#VALUE!,#VALUE!,#VALUE!,#VALUE!,#VALUE!,#,#VALUE!,#VALUE!,#VALUE!,#VALUE!,#VALUE!,#VALUE!,#,,,,,,,#,#VALUE!,#VALUE!,#VALUE!,#VALUE!,#VALUE!,#VALUE!,#,#VALUE!,#VALUE!,#VALUE!,#VALUE!,#VALUE!,#VALUE!,#,#VALUE!,#VALUE!,#VALUE!,#VALUE!,#VALUE!,#VALUE!,3.0 ,3.9 ,4.7 ,5.6 ,6.4 ,7.3 ,8.1 ,9.0 ,9.7 ,10.4 ,11.1 ,11.9 ,12.6 ,13.3 ,14.0 ,14.9 ,15.7 ,16.6 ,17.4 ,18.3 ,19.1 ,20.0 ,22.0 ,24.0 ,26.0 ,28.0 ,30.0 ,32.0 ,34.0 ,37.0 ,40.0 ,43.0 ,46.0 ,49.0 ,52.0 ,55.0 ,58.3 ,61.6 ,64.9 ,68.1 ,71.4 ,74.7 ,78.0 ,79.0 ,80.0 ,81.0 ,82.0 ,83.0 ,84.0 ,85.0 ,86.0 ,87.0 ,88.0 ,89.0 ,90.0 ,91.0 ,92.0 ,92.7 ,93.4 ,94.1 ,94.9 ,95.6 ,96.3 ,97.0 ,97.4 ,97.9 ,98.3 ,98.7 ,99.1 ,99.6 ,100.0 ,100.0 ,100.0 ,100.0 ,100.0 ,100.0 ,100.0 ,100.0 ,100.0 ,100.0 ,100.0 ,100.0 ,100.0 ,100.0 ,100.0 ,,,,,,,#,,,,,,,,,,,,,,
15.0 ,,,,,#,#VALUE!,#VALUE!,#VALUE!,#VALUE!,#VALUE!,#VALUE!,#,#VALUE!,#VALUE!,#VALUE!,#VALUE!,#VALUE!,#VALUE!,#,#VALUE!,#VALUE!,#VALUE!,#VALUE!,#VALUE!,#VALUE!,#,#VALUE!,#VALUE!,#VALUE!,#VALUE!,#VALUE!,#VALUE!,#,#VALUE!,#VALUE!,#VALUE!,#VALUE!,#VALUE!,#VALUE!,#,#VALUE!,#VALUE!,#VALUE!,#VALUE!,#VALUE!,#VALUE!,#,#VALUE!,#VALUE!,#VALUE!,#VALUE!,#VALUE!,#VALUE!,#,#VALUE!,#VALUE!,#VALUE!,#VALUE!,#VALUE!,#VALUE!,#,#VALUE!,#VALUE!,#VALUE!,#VALUE!,#VALUE!,#VALUE!,#,#VALUE!,#VALUE!,#VALUE!,#VALUE!,#VALUE!,#VALUE!,#,#VALUE!,#VALUE!,#VALUE!,#VALUE!,#VALUE!,#VALUE!,#,#VALUE!,#VALUE!,#VALUE!,#VALUE!,#VALUE!,#VALUE!,#,#VALUE!,#VALUE!,#VALUE!,#VALUE!,#VALUE!,#VALUE!,#,#VALUE!,#VALUE!,#VALUE!,#VALUE!,#VALUE!,#VALUE!,#,#VALUE!,#VALUE!,#VALUE!,#VALUE!,#VALUE!,#VALUE!,#,#VALUE!,#VALUE!,#VALUE!,#VALUE!,#VALUE!,#VALUE!,#,#VALUE!,#VALUE!,#VALUE!,#VALUE!,#VALUE!,#VALUE!,#,#VALUE!,#VALUE!,#VALUE!,#VALUE!,#VALUE!,#VALUE!,1.0 ,2.7 ,4.4 ,6.1 ,7.9 ,9.6 ,11.3 ,13.0 ,16.4 ,19.9 ,23.3 ,26.7 ,30.1 ,33.6 ,37.0 ,40.7 ,44.4 ,48.1 ,51.9 ,55.6 ,59.3 ,63.0 ,65.3 ,67.6 ,69.9 ,72.1 ,74.4 ,76.7 ,79.0 ,80.3 ,81.6 ,82.9 ,84.1 ,85.4 ,86.7 ,88.0 ,89.0 ,90.0 ,91.0 ,92.0 ,93.0 ,94.0 ,95.0 ,95.0 ,95.0 ,95.0 ,95.0 ,95.0 ,95.0 ,95.0 ,95.7 ,96.4 ,97.1 ,97.9 ,98.6 ,99.3 ,100.0 ,100.0 ,100.0 ,100.0 ,100.0 ,100.0 ,100.0 ,100.0 ,100.0 ,100.0 ,100.0 ,100.0 ,100.0 ,100.0 ,100.0 ,100.0 ,100.0 ,100.0 ,100.0 ,100.0 ,100.0 ,100.0 ,100.0 ,100.0 ,100.0 ,100.0 ,100.0 ,100.0 ,100.0 ,100.0 ,100.0 ,100.0 ,100.0 ,100.0 ,100.0 ,100.0 ,,,,,,,#,,,,,,,,,,,,,,,
16.0 ,,,#,#VALUE!,#VALUE!,#VALUE!,#VALUE!,#VALUE!,#VALUE!,#,#VALUE!,#VALUE!,#VALUE!,#VALUE!,#VALUE!,#VALUE!,#,#VALUE!,#VALUE!,#VALUE!,#VALUE!,#VALUE!,#VALUE!,#,#VALUE!,#VALUE!,#VALUE!,#VALUE!,#VALUE!,#VALUE!,#,#VALUE!,#VALUE!,#VALUE!,#VALUE!,#VALUE!,#VALUE!,#,#VALUE!,#VALUE!,#VALUE!,#VALUE!,#VALUE!,#VALUE!,#,#VALUE!,#VALUE!,#VALUE!,#VALUE!,#VALUE!,#VALUE!,#,#VALUE!,#VALUE!,#VALUE!,#VALUE!,#VALUE!,#VALUE!,#,#VALUE!,#VALUE!,#VALUE!,#VALUE!,#VALUE!,#VALUE!,#,#VALUE!,#VALUE!,#VALUE!,#VALUE!,#VALUE!,#VALUE!,#,#VALUE!,#VALUE!,#VALUE!,#VALUE!,#VALUE!,#VALUE!,#,#VALUE!,#VALUE!,#VALUE!,#VALUE!,#VALUE!,#VALUE!,#,#VALUE!,#VALUE!,#VALUE!,#VALUE!,#VALUE!,#VALUE!,#,#VALUE!,#VALUE!,#VALUE!,#VALUE!,#VALUE!,#VALUE!,#,#VALUE!,#VALUE!,#VALUE!,#VALUE!,#VALUE!,#VALUE!,#,#VALUE!,#VALUE!,#VALUE!,#VALUE!,#VALUE!,#VALUE!,#,#VALUE!,#VALUE!,#VALUE!,#VALUE!,#VALUE!,#VALUE!,#,#VALUE!,#VALUE!,#VALUE!,#VALUE!,#VALUE!,#VALUE!,#,#VALUE!,#VALUE!,#VALUE!,#VALUE!,#VALUE!,#VALUE!,#,#VALUE!,#VALUE!,#VALUE!,#VALUE!,#VALUE!,#VALUE!,#,#VALUE!,#VALUE!,#VALUE!,#VALUE!,#VALUE!,#VALUE!,55.0 ,57.0 ,59.0 ,61.0 ,63.0 ,65.0 ,67.0 ,69.0 ,70.1 ,71.3 ,72.4 ,73.6 ,74.7 ,75.9 ,77.0 ,78.1 ,79.3 ,80.4 ,81.6 ,82.7 ,83.9 ,85.0 ,86.0 ,87.0 ,88.0 ,89.0 ,90.0 ,91.0 ,92.0 ,92.6 ,93.1 ,93.7 ,94.3 ,94.9 ,95.4 ,96.0 ,96.6 ,97.1 ,97.7 ,98.3 ,98.9 ,99.4 ,100.0 ,100.0 ,100.0 ,100.0 ,100.0 ,100.0 ,100.0 ,100.0 ,100.0 ,100.0 ,100.0 ,100.0 ,100.0 ,100.0 ,100.0 ,100.0 ,100.0 ,100.0 ,100.0 ,100.0 ,100.0 ,100.0 ,100.0 ,100.0 ,100.0 ,100.0 ,100.0 ,100.0 ,100.0 ,,,,,,,#,#VALUE!,#VALUE!,#VALUE!,#VALUE!,#VALUE!,#VALUE!,#,,,,,,,#,,,
17.0 ,,#,#VALUE!,#VALUE!,#VALUE!,#VALUE!,#VALUE!,#VALUE!,#,#VALUE!,#VALUE!,#VALUE!,#VALUE!,#VALUE!,#VALUE!,#,#VALUE!,#VALUE!,#VALUE!,#VALUE!,#VALUE!,#VALUE!,#,#VALUE!,#VALUE!,#VALUE!,#VALUE!,#VALUE!,#VALUE!,#,#VALUE!,#VALUE!,#VALUE!,#VALUE!,#VALUE!,#VALUE!,#,#VALUE!,#VALUE!,#VALUE!,#VALUE!,#VALUE!,#VALUE!,#,#VALUE!,#VALUE!,#VALUE!,#VALUE!,#VALUE!,#VALUE!,#,#VALUE!,#VALUE!,#VALUE!,#VALUE!,#VALUE!,#VALUE!,#,#VALUE!,#VALUE!,#VALUE!,#VALUE!,#VALUE!,#VALUE!,#,#VALUE!,#VALUE!,#VALUE!,#VALUE!,#VALUE!,#VALUE!,#,#VALUE!,#VALUE!,#VALUE!,#VALUE!,#VALUE!,#VALUE!,#,#VALUE!,#VALUE!,#VALUE!,#VALUE!,#VALUE!,#VALUE!,#,#VALUE!,#VALUE!,#VALUE!,#VALUE!,#VALUE!,#VALUE!,#,#VALUE!,#VALUE!,#VALUE!,#VALUE!,#VALUE!,#VALUE!,#,#VALUE!,#VALUE!,#VALUE!,#VALUE!,#VALUE!,#VALUE!,#,#VALUE!,#VALUE!,#VALUE!,#VALUE!,#VALUE!,#VALUE!,#,#VALUE!,#VALUE!,#VALUE!,#VALUE!,#VALUE!,#VALUE!,#,#VALUE!,#VALUE!,#VALUE!,#VALUE!,#VALUE!,#VALUE!,#,#VALUE!,#VALUE!,#VALUE!,#VALUE!,#VALUE!,#VALUE!,#,#VALUE!,#VALUE!,#VALUE!,#VALUE!,#VALUE!,#VALUE!,19.0 ,21.7 ,24.4 ,27.1 ,29.9 ,32.6 ,35.3 ,38.0 ,43.1 ,48.3 ,53.4 ,58.6 ,63.7 ,68.9 ,74.0 ,75.9 ,77.7 ,79.6 ,81.4 ,83.3 ,85.1 ,87.0 ,88.1 ,89.3 ,90.4 ,91.6 ,92.7 ,93.9 ,95.0 ,95.7 ,96.4 ,97.1 ,97.9 ,98.6 ,99.3 ,100.0 ,100.0 ,100.0 ,100.0 ,100.0 ,100.0 ,100.0 ,100.0 ,100.0 ,100.0 ,100.0 ,100.0 ,100.0 ,100.0 ,100.0 ,100.0 ,100.0 ,100.0 ,100.0 ,100.0 ,100.0 ,100.0 ,100.0 ,100.0 ,100.0 ,100.0 ,100.0 ,100.0 ,100.0 ,100.0 ,100.0 ,100.0 ,100.0 ,100.0 ,100.0 ,100.0 ,100.0 ,100.0 ,100.0 ,100.0 ,100.0 ,100.0 ,100.0 ,,,,,,,#,,,,,,,#,,,,,,,#,,,,
18.0 ,#,#VALUE!,#VALUE!,#VALUE!,#VALUE!,#VALUE!,#VALUE!,#,#VALUE!,#VALUE!,#VALUE!,#VALUE!,#VALUE!,#VALUE!,#,#VALUE!,#VALUE!,#VALUE!,#VALUE!,#VALUE!,#VALUE!,#,#VALUE!,#VALUE!,#VALUE!,#VALUE!,#VALUE!,#VALUE!,#,#VALUE!,#VALUE!,#VALUE!,#VALUE!,#VALUE!,#VALUE!,#,#VALUE!,#VALUE!,#VALUE!,#VALUE!,#VALUE!,#VALUE!,#,#VALUE!,#VALUE!,#VALUE!,#VALUE!,#VALUE!,#VALUE!,#,#VALUE!,#VALUE!,#VALUE!,#VALUE!,#VALUE!,#VALUE!,#,#VALUE!,#VALUE!,#VALUE!,#VALUE!,#VALUE!,#VALUE!,#,#VALUE!,#VALUE!,#VALUE!,#VALUE!,#VALUE!,#VALUE!,#,#VALUE!,#VALUE!,#VALUE!,#VALUE!,#VALUE!,#VALUE!,#,#VALUE!,#VALUE!,#VALUE!,#VALUE!,#VALUE!,#VALUE!,#,#VALUE!,#VALUE!,#VALUE!,#VALUE!,#VALUE!,#VALUE!,#,#VALUE!,#VALUE!,#VALUE!,#VALUE!,#VALUE!,#VALUE!,#,#VALUE!,#VALUE!,#VALUE!,#VALUE!,#VALUE!,#VALUE!,#,#VALUE!,#VALUE!,#VALUE!,#VALUE!,#VALUE!,#VALUE!,#,#VALUE!,#VALUE!,#VALUE!,#VALUE!,#VALUE!,#VALUE!,#,#VALUE!,#VALUE!,#VALUE!,#VALUE!,#VALUE!,#VALUE!,#,#VALUE!,#VALUE!,#VALUE!,#VALUE!,#VALUE!,#VALUE!,9.0 ,12.7 ,16.4 ,20.1 ,23.9 ,27.6 ,31.3 ,35.0 ,37.3 ,39.6 ,41.9 ,44.1 ,46.4 ,48.7 ,51.0 ,54.4 ,57.9 ,61.3 ,64.7 ,68.1 ,71.6 ,75.0 ,76.7 ,78.4 ,80.1 ,81.9 ,83.6 ,85.3 ,87.0 ,88.0 ,89.0 ,90.0 ,91.0 ,92.0 ,93.0 ,94.0 ,94.4 ,94.9 ,95.3 ,95.7 ,96.1 ,96.6 ,97.0 ,97.4 ,97.9 ,98.3 ,98.7 ,99.1 ,99.6 ,100.0 ,100.0 ,100.0 ,100.0 ,100.0 ,100.0 ,100.0 ,100.0 ,100.0 ,100.0 ,100.0 ,100.0 ,100.0 ,100.0 ,100.0 ,100.0 ,100.0 ,100.0 ,100.0 ,100.0 ,100.0 ,100.0 ,100.0 ,100.0 ,100.0 ,100.0 ,100.0 ,100.0 ,100.0 ,100.0 ,100.0 ,100.0 ,100.0 ,100.0 ,100.0 ,100.0 ,,,,,,,#,#VALUE!,#VALUE!,#VALUE!,#VALUE!,#VALUE!,#VALUE!,#,,,,,,,#,,,,,
19.0 ,,,,,,,#,#VALUE!,#VALUE!,#VALUE!,#VALUE!,#VALUE!,#VALUE!,#,#VALUE!,#VALUE!,#VALUE!,#VALUE!,#VALUE!,#VALUE!,#,#VALUE!,#VALUE!,#VALUE!,#VALUE!,#VALUE!,#VALUE!,#,#VALUE!,#VALUE!,#VALUE!,#VALUE!,#VALUE!,#VALUE!,#,#VALUE!,#VALUE!,#VALUE!,#VALUE!,#VALUE!,#VALUE!,#,#VALUE!,#VALUE!,#VALUE!,#VALUE!,#VALUE!,#VALUE!,#,#VALUE!,#VALUE!,#VALUE!,#VALUE!,#VALUE!,#VALUE!,#,#VALUE!,#VALUE!,#VALUE!,#VALUE!,#VALUE!,#VALUE!,#,#VALUE!,#VALUE!,#VALUE!,#VALUE!,#VALUE!,#VALUE!,#,#VALUE!,#VALUE!,#VALUE!,#VALUE!,#VALUE!,#VALUE!,#,#VALUE!,#VALUE!,#VALUE!,#VALUE!,#VALUE!,#VALUE!,#,#VALUE!,#VALUE!,#VALUE!,#VALUE!,#VALUE!,#VALUE!,#,#VALUE!,#VALUE!,#VALUE!,#VALUE!,#VALUE!,#VALUE!,#,#VALUE!,#VALUE!,#VALUE!,#VALUE!,#VALUE!,#VALUE!,#,#VALUE!,#VALUE!,#VALUE!,#VALUE!,#VALUE!,#VALUE!,#,#VALUE!,#VALUE!,#VALUE!,#VALUE!,#VALUE!,#VALUE!,#,#VALUE!,#VALUE!,#VALUE!,#VALUE!,#VALUE!,#VALUE!,#,#VALUE!,#VALUE!,#VALUE!,#VALUE!,#VALUE!,#VALUE!,1.0 ,1.9 ,2.7 ,3.6 ,4.4 ,5.3 ,6.1 ,7.0 ,9.4 ,11.9 ,14.3 ,16.7 ,19.1 ,21.6 ,24.0 ,25.4 ,26.9 ,28.3 ,29.7 ,31.1 ,32.6 ,34.0 ,35.7 ,37.4 ,39.1 ,40.9 ,42.6 ,44.3 ,46.0 ,46.6 ,47.1 ,47.7 ,48.3 ,48.9 ,49.4 ,50.0 ,53.3 ,56.6 ,59.9 ,63.1 ,66.4 ,69.7 ,73.0 ,73.7 ,74.4 ,75.1 ,75.9 ,76.6 ,77.3 ,78.0 ,78.1 ,78.3 ,78.4 ,78.6 ,78.7 ,78.9 ,79.0 ,80.3 ,81.6 ,82.9 ,84.1 ,85.4 ,86.7 ,88.0 ,88.4 ,88.9 ,89.3 ,89.7 ,90.1 ,90.6 ,91.0 ,91.4 ,91.9 ,92.3 ,92.7 ,93.1 ,93.6 ,94.0 ,94.4 ,94.9 ,95.3 ,95.7 ,96.1 ,96.6 ,97.0 ,97.4 ,97.9 ,98.3 ,98.7 ,99.1 ,99.6 ,100.0 ,,,,,,,#,,,,,,,#,,,,,,
20.0 ,,,,,#,#VALUE!,#VALUE!,#VALUE!,#VALUE!,#VALUE!,#VALUE!,#,#VALUE!,#VALUE!,#VALUE!,#VALUE!,#VALUE!,#VALUE!,#,#VALUE!,#VALUE!,#VALUE!,#VALUE!,#VALUE!,#VALUE!,#,#VALUE!,#VALUE!,#VALUE!,#VALUE!,#VALUE!,#VALUE!,#,#VALUE!,#VALUE!,#VALUE!,#VALUE!,#VALUE!,#VALUE!,#,#VALUE!,#VALUE!,#VALUE!,#VALUE!,#VALUE!,#VALUE!,#,#VALUE!,#VALUE!,#VALUE!,#VALUE!,#VALUE!,#VALUE!,#,#VALUE!,#VALUE!,#VALUE!,#VALUE!,#VALUE!,#VALUE!,#,#VALUE!,#VALUE!,#VALUE!,#VALUE!,#VALUE!,#VALUE!,#,#VALUE!,#VALUE!,#VALUE!,#VALUE!,#VALUE!,#VALUE!,#,#VALUE!,#VALUE!,#VALUE!,#VALUE!,#VALUE!,#VALUE!,#,#VALUE!,#VALUE!,#VALUE!,#VALUE!,#VALUE!,#VALUE!,#,#VALUE!,#VALUE!,#VALUE!,#VALUE!,#VALUE!,#VALUE!,#,#VALUE!,#VALUE!,#VALUE!,#VALUE!,#VALUE!,#VALUE!,#,#VALUE!,#VALUE!,#VALUE!,#VALUE!,#VALUE!,#VALUE!,#,#VALUE!,#VALUE!,#VALUE!,#VALUE!,#VALUE!,#VALUE!,#,#VALUE!,#VALUE!,#VALUE!,#VALUE!,#VALUE!,#VALUE!,#,#VALUE!,#VALUE!,#VALUE!,#VALUE!,#VALUE!,#VALUE!,2.0 ,3.6 ,5.1 ,6.7 ,8.3 ,9.9 ,11.4 ,13.0 ,15.9 ,18.7 ,21.6 ,24.4 ,27.3 ,30.1 ,33.0 ,35.9 ,38.7 ,41.6 ,44.4 ,47.3 ,50.1 ,53.0 ,55.6 ,58.1 ,60.7 ,63.3 ,65.9 ,68.4 ,71.0 ,73.1 ,75.3 ,77.4 ,79.6 ,81.7 ,83.9 ,86.0 ,86.7 ,87.4 ,88.1 ,88.9 ,89.6 ,90.3 ,91.0 ,91.6 ,92.1 ,92.7 ,93.3 ,93.9 ,94.4 ,95.0 ,95.7 ,96.4 ,97.1 ,97.9 ,98.6 ,99.3 ,100.0 ,100.0 ,100.0 ,100.0 ,100.0 ,100.0 ,100.0 ,100.0 ,100.0 ,100.0 ,100.0 ,100.0 ,100.0 ,100.0 ,100.0 ,100.0 ,100.0 ,100.0 ,100.0 ,100.0 ,100.0 ,100.0 ,100.0 ,100.0 ,100.0 ,100.0 ,100.0 ,100.0 ,100.0 ,100.0 ,100.0 ,100.0 ,100.0 ,100.0 ,100.0 ,100.0 ,,,,,,,#,#VALUE!,#VALUE!,#VALUE!,#VALUE!,#VALUE!,#VALUE!,#,#VALUE!,#VALUE!,#VALUE!,#VALUE!,#VALUE!,#VALUE!,#,#VALUE!
