,,12/09/20_),,,,,,,,,,,,,,,,,,,,,,,,,,,,,,12/09/20_),,,,,,,,,,,,,,,,,,,,,,,,,,,,,,,12/09/20_),,,,,,,,,,,,,,,,,,,,,,,,,,,,,,12/09/20_),,,,,,,,,,,,,,,,,,,,,,,,,,,,,,,12/09/20_),,,,,,,,,,,,,,,,,,,,,,,,,,,,,,,12/09/20_),,,,,,,,,,,,,,,,,,,,,,,,,,,,,,12/09/20_),,,,,,,,,,,,,,,,,,,,,,,,,,,,,,,12/09/20_),,,,,,,,,,,,,,,,,,,,,,,,,,,,,,12/09/20_),,,,,,,,,,,,,,,,,,,,,,,,,,,,,
,,04:37 PM_),,,,,,,,,,,,,,,,,,,,,,,,,,,,,,04:37 PM_),,,,,,,,,,,,,,,,,,,,,,,,,,,,,,,04:37 PM_),,,,,,,,,,,,,,,,,,,,,,,,,,,,,,04:37 PM_),,,,,,,,,,,,,,,,,,,,,,,,,,,,,,,04:37 PM_),,,,,,,,,,,,,,,,,,,,,,,,,,,,,,,04:37 PM_),,,,,,,,,,,,,,,,,,,,,,,,,,,,,,04:37 PM_),,,,,,,,,,,,,,,,,,,,,,,,,,,,,,,04:37 PM_),,,,,,,,,,,,,,,,,,,,,,,,,,,,,,04:37 PM_),,,,,,,,,,,,,,,,,,,,,,,,,,,,,
,,Record of: SOYBEANS    Commodity Code: 139  State:  North Dakota,,,,,,,,,,,,,,,,,,,,,,,,,,,,,,Record of: SOYBEANS    Commodity Code: 139  State:  North Dakota,,,,,,,,,,,,,,,,,,,,,,,,,,,,,,,Record of: SOYBEANS    Commodity Code: 139  State:  North Dakota,,,,,,,,,,,,,,,,,,,,,,,,,,,,,,Record of: SOYBEANS    Commodity Code: 139  State:  North Dakota,,,,,,,,,,,,,,,,,,,,,,,,,,,,,,,Record of: SOYBEANS    Commodity Code: 139  State:  North Dakota,,,,,,,,,,,,,,,,,,,,,,,,,,,,,,,Record of: SOYBEANS    Commodity Code: 139  State:  North Dakota,,,,,,,,,,,,,,,,,,,,,,,,,,,,,,Record of: SOYBEANS    Commodity Code: 139  State:  North Dakota,,,,,,,,,,,,,,,,,,,,,,,,,,,,,,,Record of: SOYBEANS    Commodity Code: 139  State:  North Dakota,,,,,,,,,,,,,,,,,,,,,,,,,,,,,,Record of: SOYBEANS    Commodity Code: 139  State:  North Dakota,,,,,,,,,,,,,,,,,,,,,,,,,,,,,
,,Stage: HARVESTED,,,,,,,,,,,,,,,,,,,,,,,,,,,,,,Stage: HARVESTED,,,,,,,,,,,,,,,,,,,,,,,,,,,,,,,Stage: HARVESTED,,,,,,,,,,,,,,,,,,,,,,,,,,,,,,Stage: HARVESTED,,,,,,,,,,,,,,,,,,,,,,,,,,,,,,,Stage: HARVESTED,,,,,,,,,,,,,,,,,,,,,,,,,,,,,,,Stage: HARVESTED,,,,,,,,,,,,,,,,,,,,,,,,,,,,,,Stage: HARVESTED,,,,,,,,,,,,,,,,,,,,,,,,,,,,,,,Stage: HARVESTED,,,,,,,,,,,,,,,,,,,,,,,,,,,,,,Stage: HARVESTED,,,,,,,,,,,,,,,,,,,,,,,,,,,,,
,,h:\groups\estimate\cropweat\booksect\soybeans.xls,,,,,,,,,,,,,,,,,,,,,,,,,,,,,,h:\groups\estimate\cropweat\booksect\soybeans.xls,,,,,,,,,,,,,,,,,,,,,,,,,,,,,,,h:\groups\estimate\cropweat\booksect\soybeans.xls,,,,,,,,,,,,,,,,,,,,,,,,,,,,,,h:\groups\estimate\cropweat\booksect\soybeans.xls,,,,,,,,,,,,,,,,,,,,,,,,,,,,,,,h:\groups\estimate\cropweat\booksect\soybeans.xls,,,,,,,,,,,,,,,,,,,,,,,,,,,,,,,h:\groups\estimate\cropweat\booksect\soybeans.xls,,,,,,,,,,,,,,,,,,,,,,,,,,,,,,h:\groups\estimate\cropweat\booksect\soybeans.xls,,,,,,,,,,,,,,,,,,,,,,,,,,,,,,,h:\groups\estimate\cropweat\booksect\soybeans.xls,,,,,,,,,,,,,,,,,,,,,,,,,,,,,,h:\groups\estimate\cropweat\booksect\soybeans.xls,,,,,,,,,,,,,,,,,,,,,,,,,,,,,
,April,,,,,,,,,,,,,,,,,,,,,,,,,,,,,,May,,,,,,,,,,,,,,,,,,,,,,,,,,,,,,,June,,,,,,,,,,,,,,,,,,,,,,,,,,,,,,July,,,,,,,,,,,,,,,,,,,,,,,,,,,,,,,August,,,,,,,,,,,,,,,,,,,,,,,,,,,,,,,September,,,,,,,,,,,,,,,,,,,,,,,,,,,,,,October,,,,,,,,,,,,,,,,,,,,,,,,,,,,,,,November,,,,,,,,,,,,,,,,,,,,,,,,,,,,,,December,,,,,,,,,,,,,,,,,,,,,,,,,,,,,,
Year,1 ,2 ,3 ,4 ,5 ,6 ,7 ,8 ,9 ,10 ,11 ,12 ,13 ,14 ,15 ,16 ,17 ,18 ,19 ,20 ,21 ,22 ,23 ,24 ,25 ,26 ,27 ,28 ,29 ,30 ,1 ,2 ,3 ,4 ,5 ,6 ,7 ,8 ,9 ,10 ,11 ,12 ,13 ,14 ,15 ,16 ,17 ,18 ,19 ,20 ,21 ,22 ,23 ,24 ,25 ,26 ,27 ,28 ,29 ,30 ,31 ,1 ,2 ,3 ,4 ,5 ,6 ,7 ,8 ,9 ,10 ,11 ,12 ,13 ,14 ,15 ,16 ,17 ,18 ,19 ,20 ,21 ,22 ,23 ,24 ,25 ,26 ,27 ,28 ,29 ,30 ,1 ,2 ,3 ,4 ,5 ,6 ,7 ,8 ,9 ,10 ,11 ,12 ,13 ,14 ,15 ,16 ,17 ,18 ,19 ,20 ,21 ,22 ,23 ,24 ,25 ,26 ,27 ,28 ,29 ,30 ,31 ,1 ,2 ,3 ,4 ,5 ,6 ,7 ,8 ,9 ,10 ,11 ,12 ,13 ,14 ,15 ,16 ,17 ,18 ,19 ,20 ,21 ,22 ,23 ,24 ,25 ,26 ,27 ,28 ,29 ,30 ,31 ,1 ,2 ,3 ,4 ,5 ,6 ,7 ,8 ,9 ,10 ,11 ,12 ,13 ,14 ,15 ,16 ,17 ,18 ,19 ,20 ,21 ,22 ,23 ,24 ,25 ,26 ,27 ,28 ,29 ,30 ,1 ,2 ,3 ,4 ,5 ,6 ,7 ,8 ,9 ,10 ,11 ,12 ,13 ,14 ,15 ,16 ,17 ,18 ,19 ,20 ,21 ,22 ,23 ,24 ,25 ,26 ,27 ,28 ,29 ,30 ,31 ,1 ,2 ,3 ,4 ,5 ,6 ,7 ,8 ,9 ,10 ,11 ,12 ,13 ,14 ,15 ,16 ,17 ,18 ,19 ,20 ,21 ,22 ,23 ,24 ,25 ,26 ,27 ,28 ,29 ,30 ,1 ,2 ,3 ,4 ,5 ,6 ,7 ,8 ,9 ,10 ,11 ,12 ,13 ,14 ,15 ,16 ,17 ,18 ,19 ,20 ,21 ,22 ,23 ,24 ,25 ,26 ,27 ,28 ,29 ,30 ,31 
85 ,,,,,,,#,#VALUE!,#VALUE!,#VALUE!,#VALUE!,#VALUE!,#VALUE!,#,#VALUE!,#VALUE!,#VALUE!,#VALUE!,#VALUE!,#VALUE!,#,#VALUE!,#VALUE!,#VALUE!,#VALUE!,#VALUE!,#VALUE!,#,#VALUE!,#VALUE!,#VALUE!,#VALUE!,#VALUE!,#VALUE!,#,#VALUE!,#VALUE!,#VALUE!,#VALUE!,#VALUE!,#VALUE!,#,#VALUE!,#VALUE!,#VALUE!,#VALUE!,#VALUE!,#VALUE!,#,#VALUE!,#VALUE!,#VALUE!,#VALUE!,#VALUE!,#VALUE!,#,#VALUE!,#VALUE!,#VALUE!,#VALUE!,#VALUE!,#VALUE!,#,#VALUE!,#VALUE!,#VALUE!,#VALUE!,#VALUE!,#VALUE!,#,#VALUE!,#VALUE!,#VALUE!,#VALUE!,#VALUE!,#VALUE!,#,#VALUE!,#VALUE!,#VALUE!,#VALUE!,#VALUE!,#VALUE!,#,#VALUE!,#VALUE!,#VALUE!,#VALUE!,#VALUE!,#VALUE!,#,#VALUE!,#VALUE!,#VALUE!,#VALUE!,#VALUE!,#VALUE!,#,#VALUE!,#VALUE!,#VALUE!,#VALUE!,#VALUE!,#VALUE!,#,#VALUE!,#VALUE!,#VALUE!,#VALUE!,#VALUE!,#VALUE!,#,#VALUE!,#VALUE!,#VALUE!,#VALUE!,#VALUE!,#VALUE!,#,#VALUE!,#VALUE!,#VALUE!,#VALUE!,#VALUE!,#VALUE!,#,#VALUE!,#VALUE!,#VALUE!,#VALUE!,#VALUE!,#VALUE!,#,#VALUE!,#VALUE!,#VALUE!,#VALUE!,#VALUE!,#VALUE!,#,#VALUE!,#VALUE!,#VALUE!,#VALUE!,#VALUE!,#VALUE!,0 , ,#VALUE!,#VALUE!,#VALUE!,#VALUE!,#VALUE!,0 , ,#VALUE!,#VALUE!,#VALUE!,#VALUE!,#VALUE!,0 , ,,,,,,0 ,0.1 ,0.3 ,0.4 ,0.6 ,0.7 ,0.9 ,1 ,2.1 ,3.3 ,4.4 ,5.6 ,6.7 ,7.9 ,9 ,10.7 ,12.4 ,14.1 ,15.9 ,17.6 ,19.3 ,21 ,22.4 ,23.9 ,25.3 ,26.7 ,28.1 ,29.6 ,31 ,34.3 ,37.6 ,40.9 ,44.1 ,47.4 ,50.7 ,54 ,57.9 ,61.7 ,65.6 ,69.4 ,73.3 ,77.1 ,81 ,83.0 ,85.0 ,87.0 ,89.0 ,91.0 ,93.0 ,95 ,95.7 ,96.4 ,97.1 ,97.9 ,98.6 ,99.3 ,100 ,100.0 ,100.0 ,100.0 ,100.0 ,100.0 ,100.0 ,100 ,,,,,,,,,,,,,,#,,,,,,,#,#VALUE!,#VALUE!,#VALUE!,#VALUE!,#VALUE!,#VALUE!,#,#VALUE!,#VALUE!,#VALUE!,#VALUE!,#VALUE!,#VALUE!,#,,,,,,,#,#VALUE!,#VALUE!
86 ,,,,,,#,#VALUE!,#VALUE!,#VALUE!,#VALUE!,#VALUE!,#VALUE!,#,#VALUE!,#VALUE!,#VALUE!,#VALUE!,#VALUE!,#VALUE!,#,#VALUE!,#VALUE!,#VALUE!,#VALUE!,#VALUE!,#VALUE!,#,#VALUE!,#VALUE!,#VALUE!,#VALUE!,#VALUE!,#VALUE!,#,#VALUE!,#VALUE!,#VALUE!,#VALUE!,#VALUE!,#VALUE!,#,#VALUE!,#VALUE!,#VALUE!,#VALUE!,#VALUE!,#VALUE!,#,#VALUE!,#VALUE!,#VALUE!,#VALUE!,#VALUE!,#VALUE!,#,#VALUE!,#VALUE!,#VALUE!,#VALUE!,#VALUE!,#VALUE!,#,#VALUE!,#VALUE!,#VALUE!,#VALUE!,#VALUE!,#VALUE!,#,#VALUE!,#VALUE!,#VALUE!,#VALUE!,#VALUE!,#VALUE!,#,#VALUE!,#VALUE!,#VALUE!,#VALUE!,#VALUE!,#VALUE!,#,#VALUE!,#VALUE!,#VALUE!,#VALUE!,#VALUE!,#VALUE!,#,#VALUE!,#VALUE!,#VALUE!,#VALUE!,#VALUE!,#VALUE!,#,#VALUE!,#VALUE!,#VALUE!,#VALUE!,#VALUE!,#VALUE!,#,#VALUE!,#VALUE!,#VALUE!,#VALUE!,#VALUE!,#VALUE!,#,#VALUE!,#VALUE!,#VALUE!,#VALUE!,#VALUE!,#VALUE!,#,#VALUE!,#VALUE!,#VALUE!,#VALUE!,#VALUE!,#VALUE!,#,#VALUE!,#VALUE!,#VALUE!,#VALUE!,#VALUE!,#VALUE!,#,#VALUE!,#VALUE!,#VALUE!,#VALUE!,#VALUE!,#VALUE!,#,#VALUE!,#VALUE!,#VALUE!,#VALUE!,#VALUE!,#VALUE!,0 ,,,,,,,0 ,0.1 ,0.3 ,0.4 ,0.6 ,0.7 ,0.9 ,1 ,1.0 ,1.0 ,1.0 ,1.0 ,1.0 ,1.0 ,1 ,1.1 ,1.3 ,1.4 ,1.6 ,1.7 ,1.9 ,2 ,2.3 ,2.6 ,2.9 ,3.1 ,3.4 ,3.7 ,4 ,5.0 ,6.0 ,7.0 ,8.0 ,9.0 ,10.0 ,11 ,13.7 ,16.4 ,19.1 ,21.9 ,24.6 ,27.3 ,30 ,36.1 ,42.3 ,48.4 ,54.6 ,60.7 ,66.9 ,73 ,75.6 ,78.1 ,80.7 ,83.3 ,85.9 ,88.4 ,91 ,91.9 ,92.7 ,93.6 ,94.4 ,95.3 ,96.1 ,97 ,97.4 ,97.9 ,98.3 ,98.7 ,99.1 ,99.6 ,100 ,100.0 ,100.0 ,100.0 ,100.0 ,100.0 ,100.0 ,100 ,,,,,,,,,,,,,,,,#VALUE!,#VALUE!,#VALUE!,#VALUE!,#VALUE!,#,#VALUE!,#VALUE!,#VALUE!,#VALUE!,#VALUE!,#VALUE!,#,#VALUE!,#VALUE!,#VALUE!,#VALUE!,#VALUE!,#VALUE!,#,,,,,,,#,#VALUE!,#VALUE!,#VALUE!
87 ,,,,,#,#VALUE!,#VALUE!,#VALUE!,#VALUE!,#VALUE!,#VALUE!,#,#VALUE!,#VALUE!,#VALUE!,#VALUE!,#VALUE!,#VALUE!,#,#VALUE!,#VALUE!,#VALUE!,#VALUE!,#VALUE!,#VALUE!,#,#VALUE!,#VALUE!,#VALUE!,#VALUE!,#VALUE!,#VALUE!,#,#VALUE!,#VALUE!,#VALUE!,#VALUE!,#VALUE!,#VALUE!,#,#VALUE!,#VALUE!,#VALUE!,#VALUE!,#VALUE!,#VALUE!,#,#VALUE!,#VALUE!,#VALUE!,#VALUE!,#VALUE!,#VALUE!,#,#VALUE!,#VALUE!,#VALUE!,#VALUE!,#VALUE!,#VALUE!,#,#VALUE!,#VALUE!,#VALUE!,#VALUE!,#VALUE!,#VALUE!,#,#VALUE!,#VALUE!,#VALUE!,#VALUE!,#VALUE!,#VALUE!,#,#VALUE!,#VALUE!,#VALUE!,#VALUE!,#VALUE!,#VALUE!,#,#VALUE!,#VALUE!,#VALUE!,#VALUE!,#VALUE!,#VALUE!,#,#VALUE!,#VALUE!,#VALUE!,#VALUE!,#VALUE!,#VALUE!,#,#VALUE!,#VALUE!,#VALUE!,#VALUE!,#VALUE!,#VALUE!,#,#VALUE!,#VALUE!,#VALUE!,#VALUE!,#VALUE!,#VALUE!,#,#VALUE!,#VALUE!,#VALUE!,#VALUE!,#VALUE!,#VALUE!,#,#VALUE!,#VALUE!,#VALUE!,#VALUE!,#VALUE!,#VALUE!,#,#VALUE!,#VALUE!,#VALUE!,#VALUE!,#VALUE!,#VALUE!,#,#VALUE!,#VALUE!,#VALUE!,#VALUE!,#VALUE!,#VALUE!,#,#VALUE!,#VALUE!,#VALUE!,#VALUE!,#VALUE!,#VALUE!,0 ,,,,,,,0 ,0.1 ,0.3 ,0.4 ,0.6 ,0.7 ,0.9 ,1 ,1.4 ,1.9 ,2.3 ,2.7 ,3.1 ,3.6 ,4 ,5.6 ,7.1 ,8.7 ,10.3 ,11.9 ,13.4 ,15 ,18.1 ,21.3 ,24.4 ,27.6 ,30.7 ,33.9 ,37 ,42.0 ,47.0 ,52.0 ,57.0 ,62.0 ,67.0 ,72 ,74.9 ,77.7 ,80.6 ,83.4 ,86.3 ,89.1 ,92 ,92.9 ,93.7 ,94.6 ,95.4 ,96.3 ,97.1 ,98 ,98.3 ,98.6 ,98.9 ,99.1 ,99.4 ,99.7 ,100 ,100.0 ,100.0 ,100.0 ,100.0 ,100.0 ,100.0 ,100 ,100.0 ,100.0 ,100.0 ,100.0 ,100.0 ,100.0 ,100 ,100.0 ,100.0 ,100.0 ,100.0 ,100.0 ,100.0 ,100 ,,,,,,,,,,,,,,,,#VALUE!,#VALUE!,#VALUE!,#VALUE!,#VALUE!,#,#VALUE!,#VALUE!,#VALUE!,#VALUE!,#VALUE!,#VALUE!,#,,,,,,,#,#VALUE!,#VALUE!,#VALUE!,#VALUE!,#VALUE!,#VALUE!,#,#VALUE!,#VALUE!,#VALUE!,#VALUE!
88 ,,,#,#VALUE!,#VALUE!,#VALUE!,#VALUE!,#VALUE!,#VALUE!,#,#VALUE!,#VALUE!,#VALUE!,#VALUE!,#VALUE!,#VALUE!,#,#VALUE!,#VALUE!,#VALUE!,#VALUE!,#VALUE!,#VALUE!,#,#VALUE!,#VALUE!,#VALUE!,#VALUE!,#VALUE!,#VALUE!,#,#VALUE!,#VALUE!,#VALUE!,#VALUE!,#VALUE!,#VALUE!,#,#VALUE!,#VALUE!,#VALUE!,#VALUE!,#VALUE!,#VALUE!,#,#VALUE!,#VALUE!,#VALUE!,#VALUE!,#VALUE!,#VALUE!,#,#VALUE!,#VALUE!,#VALUE!,#VALUE!,#VALUE!,#VALUE!,#,#VALUE!,#VALUE!,#VALUE!,#VALUE!,#VALUE!,#VALUE!,#,#VALUE!,#VALUE!,#VALUE!,#VALUE!,#VALUE!,#VALUE!,#,#VALUE!,#VALUE!,#VALUE!,#VALUE!,#VALUE!,#VALUE!,#,#VALUE!,#VALUE!,#VALUE!,#VALUE!,#VALUE!,#VALUE!,#,#VALUE!,#VALUE!,#VALUE!,#VALUE!,#VALUE!,#VALUE!,#,#VALUE!,#VALUE!,#VALUE!,#VALUE!,#VALUE!,#VALUE!,#,#VALUE!,#VALUE!,#VALUE!,#VALUE!,#VALUE!,#VALUE!,#,#VALUE!,#VALUE!,#VALUE!,#VALUE!,#VALUE!,#VALUE!,#,#VALUE!,#VALUE!,#VALUE!,#VALUE!,#VALUE!,#VALUE!,#,#VALUE!,#VALUE!,#VALUE!,#VALUE!,#VALUE!,#VALUE!,#,#VALUE!,#VALUE!,#VALUE!,#VALUE!,#VALUE!,#VALUE!,#,#VALUE!,#VALUE!,#VALUE!,#VALUE!,#VALUE!,#VALUE!,0 , ,,,,,,0 ,1.0 ,2.0 ,3.0 ,4.0 ,5.0 ,6.0 ,7 ,8.4 ,9.9 ,11.3 ,12.7 ,14.1 ,15.6 ,17 ,20.3 ,23.6 ,26.9 ,30.1 ,33.4 ,36.7 ,40 ,42.6 ,45.1 ,47.7 ,50.3 ,52.9 ,55.4 ,58 ,60.4 ,62.9 ,65.3 ,67.7 ,70.1 ,72.6 ,75 ,76.9 ,78.7 ,80.6 ,82.4 ,84.3 ,86.1 ,88 ,89.4 ,90.9 ,92.3 ,93.7 ,95.1 ,96.6 ,98 ,98.3 ,98.6 ,98.9 ,99.1 ,99.4 ,99.7 ,100 ,100.0 ,100.0 ,100.0 ,100.0 ,100.0 ,100.0 ,100 ,100.0 ,100.0 ,100.0 ,100.0 ,100.0 ,100.0 ,100 ,100.0 ,100.0 ,100.0 ,100.0 ,100.0 ,100.0 ,100 ,,,,,,,,,,,,,,,,,,,,,#,#VALUE!,#VALUE!,#VALUE!,#VALUE!,#VALUE!,#VALUE!,#,,,,,,,#,#VALUE!,#VALUE!,#VALUE!,#VALUE!,#VALUE!,#VALUE!,#,#VALUE!,#VALUE!,#VALUE!,#VALUE!,#VALUE!,#VALUE!
89 ,,#,#VALUE!,#VALUE!,#VALUE!,#VALUE!,#VALUE!,#VALUE!,#,#VALUE!,#VALUE!,#VALUE!,#VALUE!,#VALUE!,#VALUE!,#,#VALUE!,#VALUE!,#VALUE!,#VALUE!,#VALUE!,#VALUE!,#,#VALUE!,#VALUE!,#VALUE!,#VALUE!,#VALUE!,#VALUE!,#,#VALUE!,#VALUE!,#VALUE!,#VALUE!,#VALUE!,#VALUE!,#,#VALUE!,#VALUE!,#VALUE!,#VALUE!,#VALUE!,#VALUE!,#,#VALUE!,#VALUE!,#VALUE!,#VALUE!,#VALUE!,#VALUE!,#,#VALUE!,#VALUE!,#VALUE!,#VALUE!,#VALUE!,#VALUE!,#,#VALUE!,#VALUE!,#VALUE!,#VALUE!,#VALUE!,#VALUE!,#,#VALUE!,#VALUE!,#VALUE!,#VALUE!,#VALUE!,#VALUE!,#,#VALUE!,#VALUE!,#VALUE!,#VALUE!,#VALUE!,#VALUE!,#,#VALUE!,#VALUE!,#VALUE!,#VALUE!,#VALUE!,#VALUE!,#,#VALUE!,#VALUE!,#VALUE!,#VALUE!,#VALUE!,#VALUE!,#,#VALUE!,#VALUE!,#VALUE!,#VALUE!,#VALUE!,#VALUE!,#,#VALUE!,#VALUE!,#VALUE!,#VALUE!,#VALUE!,#VALUE!,#,#VALUE!,#VALUE!,#VALUE!,#VALUE!,#VALUE!,#VALUE!,#,#VALUE!,#VALUE!,#VALUE!,#VALUE!,#VALUE!,#VALUE!,#,#VALUE!,#VALUE!,#VALUE!,#VALUE!,#VALUE!,#VALUE!,#,#VALUE!,#VALUE!,#VALUE!,#VALUE!,#VALUE!,#VALUE!,#,#VALUE!,#VALUE!,#VALUE!,#VALUE!,#VALUE!,#VALUE!,0 , ,#VALUE!,#VALUE!,#VALUE!,#VALUE!,#VALUE!,0 ,,,,,,,0 ,0.1 ,0.3 ,0.4 ,0.6 ,0.7 ,0.9 ,1 ,1.6 ,2.1 ,2.7 ,3.3 ,3.9 ,4.4 ,5 ,6.9 ,8.7 ,10.6 ,12.4 ,14.3 ,16.1 ,18 ,22.3 ,26.6 ,30.9 ,35.1 ,39.4 ,43.7 ,48 ,53.0 ,58.0 ,63.0 ,68.0 ,73.0 ,78.0 ,83 ,84.7 ,86.4 ,88.1 ,89.9 ,91.6 ,93.3 ,95 ,95.6 ,96.1 ,96.7 ,97.3 ,97.9 ,98.4 ,99 ,99.1 ,99.3 ,99.4 ,99.6 ,99.7 ,99.9 ,100 ,100.0 ,100.0 ,100.0 ,100.0 ,100.0 ,100.0 ,100 ,100.0 ,100.0 ,100.0 ,100.0 ,100.0 ,100.0 ,100 ,,,,,,,,,,,,,,,,,,,, ,#,,,,,,,#,#VALUE!,,,,,,#,#VALUE!,#VALUE!,#VALUE!,#VALUE!,#VALUE!,#VALUE!,#,#VALUE!,#VALUE!,#VALUE!,#VALUE!,#VALUE!,#VALUE!,#
90 ,#,#VALUE!,#VALUE!,#VALUE!,#VALUE!,#VALUE!,#VALUE!,#,#VALUE!,#VALUE!,#VALUE!,#VALUE!,#VALUE!,#VALUE!,#,#VALUE!,#VALUE!,#VALUE!,#VALUE!,#VALUE!,#VALUE!,#,#VALUE!,#VALUE!,#VALUE!,#VALUE!,#VALUE!,#VALUE!,#,#VALUE!,#VALUE!,#VALUE!,#VALUE!,#VALUE!,#VALUE!,#,#VALUE!,#VALUE!,#VALUE!,#VALUE!,#VALUE!,#VALUE!,#,#VALUE!,#VALUE!,#VALUE!,#VALUE!,#VALUE!,#VALUE!,#,#VALUE!,#VALUE!,#VALUE!,#VALUE!,#VALUE!,#VALUE!,#,#VALUE!,#VALUE!,#VALUE!,#VALUE!,#VALUE!,#VALUE!,#,#VALUE!,#VALUE!,#VALUE!,#VALUE!,#VALUE!,#VALUE!,#,#VALUE!,#VALUE!,#VALUE!,#VALUE!,#VALUE!,#VALUE!,#,#VALUE!,#VALUE!,#VALUE!,#VALUE!,#VALUE!,#VALUE!,#,#VALUE!,#VALUE!,#VALUE!,#VALUE!,#VALUE!,#VALUE!,#,#VALUE!,#VALUE!,#VALUE!,#VALUE!,#VALUE!,#VALUE!,#,#VALUE!,#VALUE!,#VALUE!,#VALUE!,#VALUE!,#VALUE!,#,#VALUE!,#VALUE!,#VALUE!,#VALUE!,#VALUE!,#VALUE!,#,#VALUE!,#VALUE!,#VALUE!,#VALUE!,#VALUE!,#VALUE!,#,#VALUE!,#VALUE!,#VALUE!,#VALUE!,#VALUE!,#VALUE!,#,#VALUE!,#VALUE!,#VALUE!,#VALUE!,#VALUE!,#VALUE!,#,#VALUE!,#VALUE!,#VALUE!,#VALUE!,#VALUE!,#VALUE!,0 , ,#VALUE!,#VALUE!,#VALUE!,#VALUE!,#VALUE!,0 ,,,,,,,0 ,0.3 ,0.6 ,0.9 ,1.1 ,1.4 ,1.7 ,2 ,2.6 ,3.1 ,3.7 ,4.3 ,4.9 ,5.4 ,6 ,7.0 ,8.0 ,9.0 ,10.0 ,11.0 ,12.0 ,13 ,16.3 ,19.6 ,22.9 ,26.1 ,29.4 ,32.7 ,36 ,41.0 ,46.0 ,51.0 ,56.0 ,61.0 ,66.0 ,71 ,73.4 ,75.9 ,78.3 ,80.7 ,83.1 ,85.6 ,88 ,89.4 ,90.9 ,92.3 ,93.7 ,95.1 ,96.6 ,98 ,98.1 ,98.3 ,98.4 ,98.6 ,98.7 ,98.9 ,99 ,99.1 ,99.3 ,99.4 ,99.6 ,99.7 ,99.9 ,100 ,100.0 ,100.0 ,100.0 ,100.0 ,100.0 ,100.0 ,100 ,,,,,,,,,,,,,,,,,,,,,#,#VALUE!,#VALUE!,#VALUE!,#VALUE!,#VALUE!,#VALUE!,#,#VALUE!,#VALUE!,,,, ,#,,,,,,,#,#VALUE!,#VALUE!,#VALUE!,#VALUE!,#VALUE!,#VALUE!,#,#VALUE!
91 ,,,,,,,#,#VALUE!,#VALUE!,#VALUE!,#VALUE!,#VALUE!,#VALUE!,#,#VALUE!,#VALUE!,#VALUE!,#VALUE!,#VALUE!,#VALUE!,#,#VALUE!,#VALUE!,#VALUE!,#VALUE!,#VALUE!,#VALUE!,#,#VALUE!,#VALUE!,#VALUE!,#VALUE!,#VALUE!,#VALUE!,#,#VALUE!,#VALUE!,#VALUE!,#VALUE!,#VALUE!,#VALUE!,#,#VALUE!,#VALUE!,#VALUE!,#VALUE!,#VALUE!,#VALUE!,#,#VALUE!,#VALUE!,#VALUE!,#VALUE!,#VALUE!,#VALUE!,#,#VALUE!,#VALUE!,#VALUE!,#VALUE!,#VALUE!,#VALUE!,#,#VALUE!,#VALUE!,#VALUE!,#VALUE!,#VALUE!,#VALUE!,#,#VALUE!,#VALUE!,#VALUE!,#VALUE!,#VALUE!,#VALUE!,#,#VALUE!,#VALUE!,#VALUE!,#VALUE!,#VALUE!,#VALUE!,#,#VALUE!,#VALUE!,#VALUE!,#VALUE!,#VALUE!,#VALUE!,#,#VALUE!,#VALUE!,#VALUE!,#VALUE!,#VALUE!,#VALUE!,#,#VALUE!,#VALUE!,#VALUE!,#VALUE!,#VALUE!,#VALUE!,#,#VALUE!,#VALUE!,#VALUE!,#VALUE!,#VALUE!,#VALUE!,#,#VALUE!,#VALUE!,#VALUE!,#VALUE!,#VALUE!,#VALUE!,#,#VALUE!,#VALUE!,#VALUE!,#VALUE!,#VALUE!,#VALUE!,#,#VALUE!,#VALUE!,#VALUE!,#VALUE!,#VALUE!,#VALUE!,#,#VALUE!,#VALUE!,#VALUE!,#VALUE!,#VALUE!,#VALUE!,0 ,,,,,,,0 ,0.4 ,0.9 ,1.3 ,1.7 ,2.1 ,2.6 ,3 ,3.9 ,4.7 ,5.6 ,6.4 ,7.3 ,8.1 ,9 ,9.7 ,10.4 ,11.1 ,11.9 ,12.6 ,13.3 ,14 ,16.4 ,18.9 ,21.3 ,23.7 ,26.1 ,28.6 ,31 ,35.7 ,40.4 ,45.1 ,49.9 ,54.6 ,59.3 ,64 ,67.3 ,70.6 ,73.9 ,77.1 ,80.4 ,83.7 ,87 ,88.7 ,90.4 ,92.1 ,93.9 ,95.6 ,97.3 ,99 ,99.1 ,99.3 ,99.4 ,99.6 ,99.7 ,99.9 ,100 ,100.0 ,100.0 ,100.0 ,100.0 ,100.0 ,100.0 ,100 ,100.0 ,100.0 ,100.0 ,100.0 ,100.0 ,100.0 ,100 ,100.0 ,100.0 ,100.0 ,100.0 ,100.0 ,100.0 ,100 ,100.0 ,100.0 ,100.0 ,100.0 ,100.0 ,100.0 ,100 ,,,,,,,,,,,,,,#,,#VALUE!,#VALUE!,#VALUE!,#VALUE!,#VALUE!,#,#VALUE!,,,,,,#,#VALUE!,#VALUE!,#VALUE!,#VALUE!,#VALUE!,#VALUE!,#,#VALUE!,#VALUE!,#VALUE!,#VALUE!,#VALUE!,#VALUE!,#,#VALUE!,#VALUE!
92 ,,,,,#,#VALUE!,#VALUE!,#VALUE!,#VALUE!,#VALUE!,#VALUE!,#,#VALUE!,#VALUE!,#VALUE!,#VALUE!,#VALUE!,#VALUE!,#,#VALUE!,#VALUE!,#VALUE!,#VALUE!,#VALUE!,#VALUE!,#,#VALUE!,#VALUE!,#VALUE!,#VALUE!,#VALUE!,#VALUE!,#,#VALUE!,#VALUE!,#VALUE!,#VALUE!,#VALUE!,#VALUE!,#,#VALUE!,#VALUE!,#VALUE!,#VALUE!,#VALUE!,#VALUE!,#,#VALUE!,#VALUE!,#VALUE!,#VALUE!,#VALUE!,#VALUE!,#,#VALUE!,#VALUE!,#VALUE!,#VALUE!,#VALUE!,#VALUE!,#,#VALUE!,#VALUE!,#VALUE!,#VALUE!,#VALUE!,#VALUE!,#,#VALUE!,#VALUE!,#VALUE!,#VALUE!,#VALUE!,#VALUE!,#,#VALUE!,#VALUE!,#VALUE!,#VALUE!,#VALUE!,#VALUE!,#,#VALUE!,#VALUE!,#VALUE!,#VALUE!,#VALUE!,#VALUE!,#,#VALUE!,#VALUE!,#VALUE!,#VALUE!,#VALUE!,#VALUE!,#,#VALUE!,#VALUE!,#VALUE!,#VALUE!,#VALUE!,#VALUE!,#,#VALUE!,#VALUE!,#VALUE!,#VALUE!,#VALUE!,#VALUE!,#,#VALUE!,#VALUE!,#VALUE!,#VALUE!,#VALUE!,#VALUE!,#,#VALUE!,#VALUE!,#VALUE!,#VALUE!,#VALUE!,#VALUE!,#,#VALUE!,#VALUE!,#VALUE!,#VALUE!,#VALUE!,#VALUE!,#,#VALUE!,#VALUE!,#VALUE!,#VALUE!,#VALUE!,#VALUE!,0 , ,#VALUE!,#VALUE!,#VALUE!,#VALUE!,#VALUE!,0 , ,#VALUE!,#VALUE!,#VALUE!,#VALUE!,#VALUE!,0 , ,#VALUE!,#VALUE!,#VALUE!,#VALUE!,#VALUE!,0 , ,#VALUE!,#VALUE!,#VALUE!,#VALUE!,#VALUE!,0 , ,,,,,,0 ,1.1 ,2.3 ,3.4 ,4.6 ,5.7 ,6.9 ,8 ,11.7 ,15.4 ,19.1 ,22.9 ,26.6 ,30.3 ,34 ,39.9 ,45.7 ,51.6 ,57.4 ,63.3 ,69.1 ,75 ,77.4 ,79.9 ,82.3 ,84.7 ,87.1 ,89.6 ,92 ,93.0 ,94.0 ,95.0 ,96.0 ,97.0 ,98.0 ,99 ,99.1 ,99.3 ,99.4 ,99.6 ,99.7 ,99.9 ,100 ,100.0 ,100.0 ,100.0 ,100.0 ,100.0 ,100.0 ,100 ,100.0 ,100.0 ,100.0 ,100.0 ,100.0 ,100.0 ,100 ,,,,,,,,,,,,,,,,, ,,, ,#,,,,,,,#,#VALUE!,#VALUE!,#VALUE!,#VALUE!,#VALUE!,#VALUE!,#,,,,,,,#,#VALUE!,#VALUE!,#VALUE!,#VALUE!
93 ,,,,#,#VALUE!,#VALUE!,#VALUE!,#VALUE!,#VALUE!,#VALUE!,#,#VALUE!,#VALUE!,#VALUE!,#VALUE!,#VALUE!,#VALUE!,#,#VALUE!,#VALUE!,#VALUE!,#VALUE!,#VALUE!,#VALUE!,#,#VALUE!,#VALUE!,#VALUE!,#VALUE!,#VALUE!,#VALUE!,#,#VALUE!,#VALUE!,#VALUE!,#VALUE!,#VALUE!,#VALUE!,#,#VALUE!,#VALUE!,#VALUE!,#VALUE!,#VALUE!,#VALUE!,#,#VALUE!,#VALUE!,#VALUE!,#VALUE!,#VALUE!,#VALUE!,#,#VALUE!,#VALUE!,#VALUE!,#VALUE!,#VALUE!,#VALUE!,#,#VALUE!,#VALUE!,#VALUE!,#VALUE!,#VALUE!,#VALUE!,#,#VALUE!,#VALUE!,#VALUE!,#VALUE!,#VALUE!,#VALUE!,#,#VALUE!,#VALUE!,#VALUE!,#VALUE!,#VALUE!,#VALUE!,#,#VALUE!,#VALUE!,#VALUE!,#VALUE!,#VALUE!,#VALUE!,#,#VALUE!,#VALUE!,#VALUE!,#VALUE!,#VALUE!,#VALUE!,#,#VALUE!,#VALUE!,#VALUE!,#VALUE!,#VALUE!,#VALUE!,#,#VALUE!,#VALUE!,#VALUE!,#VALUE!,#VALUE!,#VALUE!,#,#VALUE!,#VALUE!,#VALUE!,#VALUE!,#VALUE!,#VALUE!,#,#VALUE!,#VALUE!,#VALUE!,#VALUE!,#VALUE!,#VALUE!,#,#VALUE!,#VALUE!,#VALUE!,#VALUE!,#VALUE!,#VALUE!,#,#VALUE!,#VALUE!,#VALUE!,#VALUE!,#VALUE!,#VALUE!,0 , ,#VALUE!,#VALUE!,#VALUE!,#VALUE!,#VALUE!,0 , ,#VALUE!,#VALUE!,#VALUE!,#VALUE!,#VALUE!,0 ,,,,,,,0 ,0.1 ,0.3 ,0.4 ,0.6 ,0.7 ,0.9 ,1 ,1.1 ,1.3 ,1.4 ,1.6 ,1.7 ,1.9 ,2 ,2.3 ,2.6 ,2.9 ,3.1 ,3.4 ,3.7 ,4 ,5.6 ,7.1 ,8.7 ,10.3 ,11.9 ,13.4 ,15 ,20.9 ,26.7 ,32.6 ,38.4 ,44.3 ,50.1 ,56 ,59.7 ,63.4 ,67.1 ,70.9 ,74.6 ,78.3 ,82 ,84.1 ,86.3 ,88.4 ,90.6 ,92.7 ,94.9 ,97 ,97.3 ,97.6 ,97.9 ,98.1 ,98.4 ,98.7 ,99 ,99.1 ,99.3 ,99.4 ,99.6 ,99.7 ,99.9 ,100 ,100.0 ,100.0 ,100.0 ,100.0 ,100.0 ,100.0 ,100 ,,,,,,,,,,,,,,,,,,,,,#,,,,,,,#,#VALUE!,#VALUE!,#VALUE!,#VALUE!,#VALUE!,#VALUE!,100 ,,#VALUE!,#VALUE!,#VALUE!,#VALUE!,#VALUE!,#,#VALUE!,,,,
94 ,,,#,#VALUE!,#VALUE!,#VALUE!,#VALUE!,#VALUE!,#VALUE!,#,#VALUE!,#VALUE!,#VALUE!,#VALUE!,#VALUE!,#VALUE!,#,#VALUE!,#VALUE!,#VALUE!,#VALUE!,#VALUE!,#VALUE!,#,#VALUE!,#VALUE!,#VALUE!,#VALUE!,#VALUE!,#VALUE!,#,#VALUE!,#VALUE!,#VALUE!,#VALUE!,#VALUE!,#VALUE!,#,#VALUE!,#VALUE!,#VALUE!,#VALUE!,#VALUE!,#VALUE!,#,#VALUE!,#VALUE!,#VALUE!,#VALUE!,#VALUE!,#VALUE!,#,#VALUE!,#VALUE!,#VALUE!,#VALUE!,#VALUE!,#VALUE!,#,#VALUE!,#VALUE!,#VALUE!,#VALUE!,#VALUE!,#VALUE!,#,#VALUE!,#VALUE!,#VALUE!,#VALUE!,#VALUE!,#VALUE!,#,#VALUE!,#VALUE!,#VALUE!,#VALUE!,#VALUE!,#VALUE!,#,#VALUE!,#VALUE!,#VALUE!,#VALUE!,#VALUE!,#VALUE!,#,#VALUE!,#VALUE!,#VALUE!,#VALUE!,#VALUE!,#VALUE!,#,#VALUE!,#VALUE!,#VALUE!,#VALUE!,#VALUE!,#VALUE!,#,#VALUE!,#VALUE!,#VALUE!,#VALUE!,#VALUE!,#VALUE!,#,#VALUE!,#VALUE!,#VALUE!,#VALUE!,#VALUE!,#VALUE!,#,#VALUE!,#VALUE!,#VALUE!,#VALUE!,#VALUE!,#VALUE!,#,#VALUE!,#VALUE!,#VALUE!,#VALUE!,#VALUE!,#VALUE!,#,#VALUE!,#VALUE!,#VALUE!,#VALUE!,#VALUE!,#VALUE!,0 , ,#VALUE!,#VALUE!,#VALUE!,#VALUE!,#VALUE!,0 , ,#VALUE!,#VALUE!,#VALUE!,#VALUE!,#VALUE!,0 , ,,,,,,0 ,0.1 ,0.3 ,0.4 ,0.6 ,0.7 ,0.9 ,1 ,1.1 ,1.3 ,1.4 ,1.6 ,1.7 ,1.9 ,2 ,3.4 ,4.9 ,6.3 ,7.7 ,9.1 ,10.6 ,12 ,16.3 ,20.6 ,24.9 ,29.1 ,33.4 ,37.7 ,42 ,42.7 ,43.4 ,44.1 ,44.9 ,45.6 ,46.3 ,47 ,49.4 ,51.9 ,54.3 ,56.7 ,59.1 ,61.6 ,64 ,65.7 ,67.4 ,69.1 ,70.9 ,72.6 ,74.3 ,76 ,78.0 ,80.0 ,82.0 ,84.0 ,86.0 ,88.0 ,90 ,91.0 ,92.0 ,93.0 ,94.0 ,95.0 ,96.0 ,97 ,97.4 ,97.9 ,98.3 ,98.7 ,99.1 ,99.6 ,100 ,,,,,,,,,,,,,,,,,,,,,#,#VALUE!,,,,,,#,#VALUE!,#VALUE!,#VALUE!,#VALUE!,#VALUE!,#VALUE!,100 ,,,,,,,#,#VALUE!,#VALUE!,#VALUE!,#VALUE!,#VALUE!,#VALUE!
95 ,,#,#VALUE!,#VALUE!,#VALUE!,#VALUE!,#VALUE!,#VALUE!,#,#VALUE!,#VALUE!,#VALUE!,#VALUE!,#VALUE!,#VALUE!,#,#VALUE!,#VALUE!,#VALUE!,#VALUE!,#VALUE!,#VALUE!,#,#VALUE!,#VALUE!,#VALUE!,#VALUE!,#VALUE!,#VALUE!,#,#VALUE!,#VALUE!,#VALUE!,#VALUE!,#VALUE!,#VALUE!,#,#VALUE!,#VALUE!,#VALUE!,#VALUE!,#VALUE!,#VALUE!,#,#VALUE!,#VALUE!,#VALUE!,#VALUE!,#VALUE!,#VALUE!,#,#VALUE!,#VALUE!,#VALUE!,#VALUE!,#VALUE!,#VALUE!,#,#VALUE!,#VALUE!,#VALUE!,#VALUE!,#VALUE!,#VALUE!,#,#VALUE!,#VALUE!,#VALUE!,#VALUE!,#VALUE!,#VALUE!,#,#VALUE!,#VALUE!,#VALUE!,#VALUE!,#VALUE!,#VALUE!,#,#VALUE!,#VALUE!,#VALUE!,#VALUE!,#VALUE!,#VALUE!,#,#VALUE!,#VALUE!,#VALUE!,#VALUE!,#VALUE!,#VALUE!,#,#VALUE!,#VALUE!,#VALUE!,#VALUE!,#VALUE!,#VALUE!,#,#VALUE!,#VALUE!,#VALUE!,#VALUE!,#VALUE!,#VALUE!,#,#VALUE!,#VALUE!,#VALUE!,#VALUE!,#VALUE!,#VALUE!,#,#VALUE!,#VALUE!,#VALUE!,#VALUE!,#VALUE!,#VALUE!,#,#VALUE!,#VALUE!,#VALUE!,#VALUE!,#VALUE!,#VALUE!,#,#VALUE!,#VALUE!,#VALUE!,#VALUE!,#VALUE!,#VALUE!,0 , ,#VALUE!,#VALUE!,#VALUE!,#VALUE!,#VALUE!,0 , ,#VALUE!,#VALUE!,#VALUE!,#VALUE!,#VALUE!,0 , ,#VALUE!,#VALUE!,#VALUE!,#VALUE!,#VALUE!,0 ,,,,,,,0 ,0.7 ,1.4 ,2.1 ,2.9 ,3.6 ,4.3 ,5 ,9.0 ,13.0 ,17.0 ,21.0 ,25.0 ,29.0 ,33 ,35.3 ,37.6 ,39.9 ,42.1 ,44.4 ,46.7 ,49 ,49.7 ,50.4 ,51.1 ,51.9 ,52.6 ,53.3 ,54 ,55.3 ,56.6 ,57.9 ,59.1 ,60.4 ,61.7 ,63 ,64.3 ,65.6 ,66.9 ,68.1 ,69.4 ,70.7 ,72 ,73.7 ,75.4 ,77.1 ,78.9 ,80.6 ,82.3 ,84 ,84.6 ,85.1 ,85.7 ,86.3 ,86.9 ,87.4 ,88 ,89.0 ,90.0 ,91.0 ,92.0 ,93.0 ,94.0 ,95 ,,,,,,,,,,,,,,,,,,,,,#,#VALUE!,#VALUE!,#VALUE!,#VALUE!,#VALUE!,#VALUE!,#,,,,,,,#,#VALUE!,#VALUE!,#VALUE!,#VALUE!,#VALUE!,#VALUE!,#,#VALUE!,#VALUE!,#VALUE!,#VALUE!,#VALUE!,#VALUE!,#
96 ,,,,,,,#,#VALUE!,#VALUE!,#VALUE!,#VALUE!,#VALUE!,#VALUE!,#,#VALUE!,#VALUE!,#VALUE!,#VALUE!,#VALUE!,#VALUE!,#,#VALUE!,#VALUE!,#VALUE!,#VALUE!,#VALUE!,#VALUE!,#,#VALUE!,#VALUE!,#VALUE!,#VALUE!,#VALUE!,#VALUE!,#,#VALUE!,#VALUE!,#VALUE!,#VALUE!,#VALUE!,#VALUE!,#,#VALUE!,#VALUE!,#VALUE!,#VALUE!,#VALUE!,#VALUE!,#,#VALUE!,#VALUE!,#VALUE!,#VALUE!,#VALUE!,#VALUE!,#,#VALUE!,#VALUE!,#VALUE!,#VALUE!,#VALUE!,#VALUE!,#,#VALUE!,#VALUE!,#VALUE!,#VALUE!,#VALUE!,#VALUE!,#,#VALUE!,#VALUE!,#VALUE!,#VALUE!,#VALUE!,#VALUE!,#,#VALUE!,#VALUE!,#VALUE!,#VALUE!,#VALUE!,#VALUE!,#,#VALUE!,#VALUE!,#VALUE!,#VALUE!,#VALUE!,#VALUE!,#,#VALUE!,#VALUE!,#VALUE!,#VALUE!,#VALUE!,#VALUE!,#,#VALUE!,#VALUE!,#VALUE!,#VALUE!,#VALUE!,#VALUE!,#,#VALUE!,#VALUE!,#VALUE!,#VALUE!,#VALUE!,#VALUE!,#,#VALUE!,#VALUE!,#VALUE!,#VALUE!,#VALUE!,#VALUE!,#,#VALUE!,#VALUE!,#VALUE!,#VALUE!,#VALUE!,#VALUE!,#,#VALUE!,#VALUE!,#VALUE!,#VALUE!,#VALUE!,#VALUE!,#,#VALUE!,#VALUE!,#VALUE!,#VALUE!,#VALUE!,#VALUE!,#,#VALUE!,#VALUE!,#VALUE!,#VALUE!,#VALUE!,#VALUE!,0 , , , , , , ,0 , , , , , , ,0 ,0.1 ,0.3 ,0.4 ,0.6 ,0.7 ,0.9 ,1 ,3.3 ,5.6 ,7.9 ,10.1 ,12.4 ,14.7 ,17 ,18.1 ,19.3 ,20.4 ,21.6 ,22.7 ,23.9 ,25 ,27.6 ,30.1 ,32.7 ,35.3 ,37.9 ,40.4 ,43 ,47.7 ,52.4 ,57.1 ,61.9 ,66.6 ,71.3 ,76 ,78.3 ,80.6 ,82.9 ,85.1 ,87.4 ,89.7 ,92 ,93.0 ,94.0 ,95.0 ,96.0 ,97.0 ,98.0 ,99 ,99.1 ,99.3 ,99.4 ,99.6 ,99.7 ,99.9 ,100 ,100.0 ,100.0 ,100.0 ,100.0 ,100.0 ,100.0 ,100 ,100.0 ,100.0 ,100.0 ,100.0 ,100.0 ,100.0 ,100 ,,,,,,,,,,,,,,#,#VALUE!,#VALUE!,#VALUE!,#VALUE!,#VALUE!,#VALUE!,#,,,,,,,#,#VALUE!,#VALUE!,#VALUE!,#VALUE!,#VALUE!,#VALUE!,#,#VALUE!,#VALUE!,#VALUE!,#VALUE!,#VALUE!,#VALUE!,#,#VALUE!,#VALUE!
97 ,,,,,,#,#VALUE!,#VALUE!,#VALUE!,#VALUE!,#VALUE!,#VALUE!,#,#VALUE!,#VALUE!,#VALUE!,#VALUE!,#VALUE!,#VALUE!,#,#VALUE!,#VALUE!,#VALUE!,#VALUE!,#VALUE!,#VALUE!,#,#VALUE!,#VALUE!,#VALUE!,#VALUE!,#VALUE!,#VALUE!,#,#VALUE!,#VALUE!,#VALUE!,#VALUE!,#VALUE!,#VALUE!,#,#VALUE!,#VALUE!,#VALUE!,#VALUE!,#VALUE!,#VALUE!,#,#VALUE!,#VALUE!,#VALUE!,#VALUE!,#VALUE!,#VALUE!,#,#VALUE!,#VALUE!,#VALUE!,#VALUE!,#VALUE!,#VALUE!,#,#VALUE!,#VALUE!,#VALUE!,#VALUE!,#VALUE!,#VALUE!,#,#VALUE!,#VALUE!,#VALUE!,#VALUE!,#VALUE!,#VALUE!,#,#VALUE!,#VALUE!,#VALUE!,#VALUE!,#VALUE!,#VALUE!,#,#VALUE!,#VALUE!,#VALUE!,#VALUE!,#VALUE!,#VALUE!,#,#VALUE!,#VALUE!,#VALUE!,#VALUE!,#VALUE!,#VALUE!,#,#VALUE!,#VALUE!,#VALUE!,#VALUE!,#VALUE!,#VALUE!,#,#VALUE!,#VALUE!,#VALUE!,#VALUE!,#VALUE!,#VALUE!,#,#VALUE!,#VALUE!,#VALUE!,#VALUE!,#VALUE!,#VALUE!,#,#VALUE!,#VALUE!,#VALUE!,#VALUE!,#VALUE!,#VALUE!,#,#VALUE!,#VALUE!,#VALUE!,#VALUE!,#VALUE!,#VALUE!,#,#VALUE!,#VALUE!,#VALUE!,#VALUE!,#VALUE!,#VALUE!,#,#VALUE!,#VALUE!,#VALUE!,#VALUE!,#VALUE!,#VALUE!,#,#VALUE!,#VALUE!,#VALUE!,#VALUE!,#VALUE!,#VALUE!,#,#VALUE!,#VALUE!,#VALUE!,#VALUE!,#VALUE!,#VALUE!,0 ,0.4 ,0.9 ,1.3 ,1.7 ,2.1 ,2.6 ,3 ,5.7 ,8.4 ,11.1 ,13.9 ,16.6 ,19.3 ,22 ,27.0 ,32.0 ,37.0 ,42.0 ,47.0 ,52.0 ,57 ,61.0 ,65.0 ,69.0 ,73.0 ,77.0 ,81.0 ,85 ,85.9 ,86.7 ,87.6 ,88.4 ,89.3 ,90.1 ,91 ,92.0 ,93.0 ,94.0 ,95.0 ,96.0 ,97.0 ,98 ,98.0 ,98.0 ,98.0 ,98.0 ,98.0 ,98.0 ,98 ,98.1 ,98.3 ,98.4 ,98.6 ,98.7 ,98.9 ,99 ,99.1 ,99.3 ,99.4 ,99.6 ,99.7 ,99.9 ,100 ,100.0 ,100.0 ,100.0 ,100.0 ,100.0 ,100.0 ,100 ,,,,,,,,,,,,,,,#VALUE!,#VALUE!,#VALUE!,#VALUE!,#VALUE!,#VALUE!,#,,,,,,,#,#VALUE!,#VALUE!,#VALUE!,#VALUE!,#VALUE!,#VALUE!,#,#VALUE!,#VALUE!,#VALUE!,#VALUE!,#VALUE!,#VALUE!,#,#VALUE!,#VALUE!,#VALUE!
98 ,,,,,#,#VALUE!,#VALUE!,#VALUE!,#VALUE!,#VALUE!,#VALUE!,#,#VALUE!,#VALUE!,#VALUE!,#VALUE!,#VALUE!,#VALUE!,#,#VALUE!,#VALUE!,#VALUE!,#VALUE!,#VALUE!,#VALUE!,#,#VALUE!,#VALUE!,#VALUE!,#VALUE!,#VALUE!,#VALUE!,#,#VALUE!,#VALUE!,#VALUE!,#VALUE!,#VALUE!,#VALUE!,#,#VALUE!,#VALUE!,#VALUE!,#VALUE!,#VALUE!,#VALUE!,#,#VALUE!,#VALUE!,#VALUE!,#VALUE!,#VALUE!,#VALUE!,#,#VALUE!,#VALUE!,#VALUE!,#VALUE!,#VALUE!,#VALUE!,#,#VALUE!,#VALUE!,#VALUE!,#VALUE!,#VALUE!,#VALUE!,#,#VALUE!,#VALUE!,#VALUE!,#VALUE!,#VALUE!,#VALUE!,#,#VALUE!,#VALUE!,#VALUE!,#VALUE!,#VALUE!,#VALUE!,#,#VALUE!,#VALUE!,#VALUE!,#VALUE!,#VALUE!,#VALUE!,#,#VALUE!,#VALUE!,#VALUE!,#VALUE!,#VALUE!,#VALUE!,#,#VALUE!,#VALUE!,#VALUE!,#VALUE!,#VALUE!,#VALUE!,#,#VALUE!,#VALUE!,#VALUE!,#VALUE!,#VALUE!,#VALUE!,#,#VALUE!,#VALUE!,#VALUE!,#VALUE!,#VALUE!,#VALUE!,#,#VALUE!,#VALUE!,#VALUE!,#VALUE!,#VALUE!,#VALUE!,#,#VALUE!,#VALUE!,#VALUE!,#VALUE!,#VALUE!,#VALUE!,#,#VALUE!,#VALUE!,#VALUE!,#VALUE!,#VALUE!,#VALUE!,#,#VALUE!,#VALUE!,#VALUE!,#VALUE!,#VALUE!,#VALUE!,#,#VALUE!,#VALUE!,#VALUE!,#VALUE!,#VALUE!,#VALUE!,#,#VALUE!,#VALUE!,#VALUE!,#VALUE!,#VALUE!,#VALUE!,1 ,1.4 ,1.9 ,2.3 ,2.7 ,3.1 ,3.6 ,4 ,6.1 ,8.3 ,10.4 ,12.6 ,14.7 ,16.9 ,19 ,22.7 ,26.4 ,30.1 ,33.9 ,37.6 ,41.3 ,45 ,48.3 ,51.6 ,54.9 ,58.1 ,61.4 ,64.7 ,68 ,69.4 ,70.9 ,72.3 ,73.7 ,75.1 ,76.6 ,78 ,78.4 ,78.9 ,79.3 ,79.7 ,80.1 ,80.6 ,81 ,82.1 ,83.3 ,84.4 ,85.6 ,86.7 ,87.9 ,89 ,89.7 ,90.4 ,91.1 ,91.9 ,92.6 ,93.3 ,94 ,94.7 ,95.4 ,96.1 ,96.9 ,97.6 ,98.3 ,99 ,99.1 ,99.3 ,99.4 ,99.6 ,99.7 ,99.9 ,100 ,,,,,,,,,,,,,,,,,,,,,#,,,,,,,#,#VALUE!,#VALUE!,#VALUE!,#VALUE!,#VALUE!,#VALUE!,#,#VALUE!,#VALUE!,#VALUE!,#VALUE!,#VALUE!,#VALUE!,#,#VALUE!,#VALUE!,#VALUE!,#VALUE!
99 ,,,,#,#VALUE!,#VALUE!,#VALUE!,#VALUE!,#VALUE!,#VALUE!,#,#VALUE!,#VALUE!,#VALUE!,#VALUE!,#VALUE!,#VALUE!,#,#VALUE!,#VALUE!,#VALUE!,#VALUE!,#VALUE!,#VALUE!,#,#VALUE!,#VALUE!,#VALUE!,#VALUE!,#VALUE!,#VALUE!,#,#VALUE!,#VALUE!,#VALUE!,#VALUE!,#VALUE!,#VALUE!,#,#VALUE!,#VALUE!,#VALUE!,#VALUE!,#VALUE!,#VALUE!,#,#VALUE!,#VALUE!,#VALUE!,#VALUE!,#VALUE!,#VALUE!,#,#VALUE!,#VALUE!,#VALUE!,#VALUE!,#VALUE!,#VALUE!,#,#VALUE!,#VALUE!,#VALUE!,#VALUE!,#VALUE!,#VALUE!,#,#VALUE!,#VALUE!,#VALUE!,#VALUE!,#VALUE!,#VALUE!,#,#VALUE!,#VALUE!,#VALUE!,#VALUE!,#VALUE!,#VALUE!,#,#VALUE!,#VALUE!,#VALUE!,#VALUE!,#VALUE!,#VALUE!,#,#VALUE!,#VALUE!,#VALUE!,#VALUE!,#VALUE!,#VALUE!,#,#VALUE!,#VALUE!,#VALUE!,#VALUE!,#VALUE!,#VALUE!,#,#VALUE!,#VALUE!,#VALUE!,#VALUE!,#VALUE!,#VALUE!,#,#VALUE!,#VALUE!,#VALUE!,#VALUE!,#VALUE!,#VALUE!,#,#VALUE!,#VALUE!,#VALUE!,#VALUE!,#VALUE!,#VALUE!,#,#VALUE!,#VALUE!,#VALUE!,#VALUE!,#VALUE!,#VALUE!,#,#VALUE!,#VALUE!,#VALUE!,#VALUE!,#VALUE!,#VALUE!,#,#VALUE!,#VALUE!,#VALUE!,#VALUE!,#VALUE!,#VALUE!,#,#VALUE!,#VALUE!,#VALUE!,#VALUE!,#VALUE!,#VALUE!,#,#VALUE!,#VALUE!,#VALUE!,#VALUE!,#VALUE!,#VALUE!,#,#VALUE!,#VALUE!,#VALUE!,#VALUE!,#VALUE!,#VALUE!,0 , , , , , , ,0 ,0.7 ,1.4 ,2.1 ,2.9 ,3.6 ,4.3 ,5 ,7.4 ,9.9 ,12.3 ,14.7 ,17.1 ,19.6 ,22 ,25.4 ,28.9 ,32.3 ,35.7 ,39.1 ,42.6 ,46 ,50.3 ,54.6 ,58.9 ,63.1 ,67.4 ,71.7 ,76 ,77.9 ,79.7 ,81.6 ,83.4 ,85.3 ,87.1 ,89 ,90.1 ,91.3 ,92.4 ,93.6 ,94.7 ,95.9 ,97 ,97.4 ,97.9 ,98.3 ,98.7 ,99.1 ,99.6 ,100 ,100.0 ,100.0 ,100.0 ,100.0 ,100.0 ,100.0 ,100 ,,,,,,,,,,,,,,,,,,,,,#,,,,,,,#,#VALUE!,#VALUE!,#VALUE!,#VALUE!,#VALUE!,#VALUE!,#,#VALUE!,#VALUE!,#VALUE!,#VALUE!,#VALUE!,#VALUE!,#,#VALUE!,#VALUE!,#VALUE!,#VALUE!,#VALUE!
2000 ,,#,#VALUE!,#VALUE!,#VALUE!,#VALUE!,#VALUE!,#VALUE!,#,#VALUE!,#VALUE!,#VALUE!,#VALUE!,#VALUE!,#VALUE!,#,#VALUE!,#VALUE!,#VALUE!,#VALUE!,#VALUE!,#VALUE!,#,#VALUE!,#VALUE!,#VALUE!,#VALUE!,#VALUE!,#VALUE!,#,#VALUE!,#VALUE!,#VALUE!,#VALUE!,#VALUE!,#VALUE!,#,#VALUE!,#VALUE!,#VALUE!,#VALUE!,#VALUE!,#VALUE!,#,#VALUE!,#VALUE!,#VALUE!,#VALUE!,#VALUE!,#VALUE!,#,#VALUE!,#VALUE!,#VALUE!,#VALUE!,#VALUE!,#VALUE!,#,#VALUE!,#VALUE!,#VALUE!,#VALUE!,#VALUE!,#VALUE!,#,#VALUE!,#VALUE!,#VALUE!,#VALUE!,#VALUE!,#VALUE!,#,#VALUE!,#VALUE!,#VALUE!,#VALUE!,#VALUE!,#VALUE!,#,#VALUE!,#VALUE!,#VALUE!,#VALUE!,#VALUE!,#VALUE!,#,#VALUE!,#VALUE!,#VALUE!,#VALUE!,#VALUE!,#VALUE!,#,#VALUE!,#VALUE!,#VALUE!,#VALUE!,#VALUE!,#VALUE!,#,#VALUE!,#VALUE!,#VALUE!,#VALUE!,#VALUE!,#VALUE!,#,#VALUE!,#VALUE!,#VALUE!,#VALUE!,#VALUE!,#VALUE!,#,#VALUE!,#VALUE!,#VALUE!,#VALUE!,#VALUE!,#VALUE!,#,#VALUE!,#VALUE!,#VALUE!,#VALUE!,#VALUE!,#VALUE!,#,#VALUE!,#VALUE!,#VALUE!,#VALUE!,#VALUE!,#VALUE!,#,#VALUE!,#VALUE!,#VALUE!,#VALUE!,#VALUE!,#VALUE!,#,#VALUE!,#VALUE!,#VALUE!,#VALUE!,#VALUE!,#VALUE!,#,#VALUE!,#VALUE!,#VALUE!,#VALUE!,#VALUE!,#VALUE!,0 ,0.1 ,0.3 ,0.4 ,0.6 ,0.7 ,0.9 ,1 ,2.3 ,3.6 ,4.9 ,6.1 ,7.4 ,8.7 ,10 ,11.3 ,12.6 ,13.9 ,15.1 ,16.4 ,17.7 ,19 ,23.3 ,27.6 ,31.9 ,36.1 ,40.4 ,44.7 ,49 ,52.7 ,56.4 ,60.1 ,63.9 ,67.6 ,71.3 ,75 ,77.1 ,79.3 ,81.4 ,83.6 ,85.7 ,87.9 ,90 ,91.0 ,92.0 ,93.0 ,94.0 ,95.0 ,96.0 ,97 ,97.4 ,97.9 ,98.3 ,98.7 ,99.1 ,99.6 ,100 ,100.0 ,100.0 ,100.0 ,100.0 ,100.0 ,100.0 ,100 ,100.0 ,100.0 ,100.0 ,100.0 ,100.0 ,100.0 ,100 ,,,,,,,,,,,,,,,,,,,,,#,#VALUE!,#VALUE!,#VALUE!,#VALUE!,#VALUE!,#VALUE!,#,,,,,,,#,#VALUE!,#VALUE!,#VALUE!,#VALUE!,#VALUE!,#VALUE!,#,#VALUE!,#VALUE!,#VALUE!,#VALUE!,#VALUE!,#VALUE!,#
01 ,#,#VALUE!,#VALUE!,#VALUE!,#VALUE!,#VALUE!,#VALUE!,#,#VALUE!,#VALUE!,#VALUE!,#VALUE!,#VALUE!,#VALUE!,#,#VALUE!,#VALUE!,#VALUE!,#VALUE!,#VALUE!,#VALUE!,#,#VALUE!,#VALUE!,#VALUE!,#VALUE!,#VALUE!,#VALUE!,#,#VALUE!,#VALUE!,#VALUE!,#VALUE!,#VALUE!,#VALUE!,#,#VALUE!,#VALUE!,#VALUE!,#VALUE!,#VALUE!,#VALUE!,#,#VALUE!,#VALUE!,#VALUE!,#VALUE!,#VALUE!,#VALUE!,#,#VALUE!,#VALUE!,#VALUE!,#VALUE!,#VALUE!,#VALUE!,#,#VALUE!,#VALUE!,#VALUE!,#VALUE!,#VALUE!,#VALUE!,#,#VALUE!,#VALUE!,#VALUE!,#VALUE!,#VALUE!,#VALUE!,#,#VALUE!,#VALUE!,#VALUE!,#VALUE!,#VALUE!,#VALUE!,#,#VALUE!,#VALUE!,#VALUE!,#VALUE!,#VALUE!,#VALUE!,#,#VALUE!,#VALUE!,#VALUE!,#VALUE!,#VALUE!,#VALUE!,#,#VALUE!,#VALUE!,#VALUE!,#VALUE!,#VALUE!,#VALUE!,#,#VALUE!,#VALUE!,#VALUE!,#VALUE!,#VALUE!,#VALUE!,#,#VALUE!,#VALUE!,#VALUE!,#VALUE!,#VALUE!,#VALUE!,#,#VALUE!,#VALUE!,#VALUE!,#VALUE!,#VALUE!,#VALUE!,#,#VALUE!,#VALUE!,#VALUE!,#VALUE!,#VALUE!,#VALUE!,#,#VALUE!,#VALUE!,#VALUE!,#VALUE!,#VALUE!,#VALUE!,#,#VALUE!,#VALUE!,#VALUE!,#VALUE!,#VALUE!,#VALUE!,#,#VALUE!,#VALUE!,#VALUE!,#VALUE!,#VALUE!,#VALUE!,#,#VALUE!,#VALUE!,#VALUE!,#VALUE!,#VALUE!,#VALUE!,#,#VALUE!,#VALUE!,#VALUE!,#VALUE!,#VALUE!,#VALUE!,0 ,0.3 ,0.6 ,0.9 ,1.1 ,1.4 ,1.7 ,2 ,2.3 ,2.6 ,2.9 ,3.1 ,3.4 ,3.7 ,4 ,8.7 ,13.4 ,18.1 ,22.9 ,27.6 ,32.3 ,37 ,42.0 ,47.0 ,52.0 ,57.0 ,62.0 ,67.0 ,72 ,74.0 ,76.0 ,78.0 ,80.0 ,82.0 ,84.0 ,86 ,87.4 ,88.9 ,90.3 ,91.7 ,93.1 ,94.6 ,96 ,96.3 ,96.6 ,96.9 ,97.1 ,97.4 ,97.7 ,98 ,98.1 ,98.3 ,98.4 ,98.6 ,98.7 ,98.9 ,99 ,99.1 ,99.3 ,99.4 ,99.6 ,99.7 ,99.9 ,100 ,,,,,,,,,100.0 ,,,,,,,,,,,,#,,,,,,,#,#VALUE!,,,#VALUE!,#VALUE!,#VALUE!,#,#VALUE!,#VALUE!,#VALUE!,#VALUE!,#VALUE!,#VALUE!,#,#VALUE!,#VALUE!,#VALUE!,#VALUE!,#VALUE!,#VALUE!,#,#VALUE!
02 ,,,,,,,#,#VALUE!,#VALUE!,#VALUE!,#VALUE!,#VALUE!,#VALUE!,#,#VALUE!,#VALUE!,#VALUE!,#VALUE!,#VALUE!,#VALUE!,#,#VALUE!,#VALUE!,#VALUE!,#VALUE!,#VALUE!,#VALUE!,#,#VALUE!,#VALUE!,#VALUE!,#VALUE!,#VALUE!,#VALUE!,#,#VALUE!,#VALUE!,#VALUE!,#VALUE!,#VALUE!,#VALUE!,#,#VALUE!,#VALUE!,#VALUE!,#VALUE!,#VALUE!,#VALUE!,#,#VALUE!,#VALUE!,#VALUE!,#VALUE!,#VALUE!,#VALUE!,#,#VALUE!,#VALUE!,#VALUE!,#VALUE!,#VALUE!,#VALUE!,#,#VALUE!,#VALUE!,#VALUE!,#VALUE!,#VALUE!,#VALUE!,#,#VALUE!,#VALUE!,#VALUE!,#VALUE!,#VALUE!,#VALUE!,#,#VALUE!,#VALUE!,#VALUE!,#VALUE!,#VALUE!,#VALUE!,#,#VALUE!,#VALUE!,#VALUE!,#VALUE!,#VALUE!,#VALUE!,#,#VALUE!,#VALUE!,#VALUE!,#VALUE!,#VALUE!,#VALUE!,#,#VALUE!,#VALUE!,#VALUE!,#VALUE!,#VALUE!,#VALUE!,#,#VALUE!,#VALUE!,#VALUE!,#VALUE!,#VALUE!,#VALUE!,#,#VALUE!,#VALUE!,#VALUE!,#VALUE!,#VALUE!,#VALUE!,#,#VALUE!,#VALUE!,#VALUE!,#VALUE!,#VALUE!,#VALUE!,#,#VALUE!,#VALUE!,#VALUE!,#VALUE!,#VALUE!,#VALUE!,#,#VALUE!,#VALUE!,#VALUE!,#VALUE!,#VALUE!,#VALUE!,#,#VALUE!,#VALUE!,#VALUE!,#VALUE!,#VALUE!,#VALUE!,#,#VALUE!,#VALUE!,#VALUE!,#VALUE!,#VALUE!,#VALUE!,#,#VALUE!,#VALUE!,#VALUE!,#VALUE!,#VALUE!,#VALUE!,#,#VALUE!,#VALUE!,#VALUE!,#VALUE!,#VALUE!,#VALUE!,2 ,3.3 ,4.6 ,5.9 ,7.1 ,8.4 ,9.7 ,11 ,14.1 ,17.3 ,20.4 ,23.6 ,26.7 ,29.9 ,33 ,36.1 ,39.3 ,42.4 ,45.6 ,48.7 ,51.9 ,55 ,56.9 ,58.7 ,60.6 ,62.4 ,64.3 ,66.1 ,68 ,69.9 ,71.7 ,73.6 ,75.4 ,77.3 ,79.1 ,81 ,82.6 ,84.1 ,85.7 ,87.3 ,88.9 ,90.4 ,92 ,92.4 ,92.9 ,93.3 ,93.7 ,94.1 ,94.6 ,95 ,95.7 ,96.4 ,97.1 ,97.9 ,98.6 ,99.3 ,100 ,,,,,,,,,,100.0 ,,,,,,,,,,,#,#VALUE!,#VALUE!,#VALUE!,#VALUE!,#VALUE!,#VALUE!,#,,,,,,,#,#VALUE!,#VALUE!,#VALUE!,#VALUE!,#VALUE!,#VALUE!,#,#VALUE!,#VALUE!,#VALUE!,#VALUE!,#VALUE!,#VALUE!,#,#VALUE!,#VALUE!
03 ,,,,,,#,#VALUE!,#VALUE!,#VALUE!,#VALUE!,#VALUE!,#VALUE!,#,#VALUE!,#VALUE!,#VALUE!,#VALUE!,#VALUE!,#VALUE!,#,#VALUE!,#VALUE!,#VALUE!,#VALUE!,#VALUE!,#VALUE!,#,#VALUE!,#VALUE!,#VALUE!,#VALUE!,#VALUE!,#VALUE!,#,#VALUE!,#VALUE!,#VALUE!,#VALUE!,#VALUE!,#VALUE!,#,#VALUE!,#VALUE!,#VALUE!,#VALUE!,#VALUE!,#VALUE!,#,#VALUE!,#VALUE!,#VALUE!,#VALUE!,#VALUE!,#VALUE!,#,#VALUE!,#VALUE!,#VALUE!,#VALUE!,#VALUE!,#VALUE!,#,#VALUE!,#VALUE!,#VALUE!,#VALUE!,#VALUE!,#VALUE!,#,#VALUE!,#VALUE!,#VALUE!,#VALUE!,#VALUE!,#VALUE!,#,#VALUE!,#VALUE!,#VALUE!,#VALUE!,#VALUE!,#VALUE!,#,#VALUE!,#VALUE!,#VALUE!,#VALUE!,#VALUE!,#VALUE!,#,#VALUE!,#VALUE!,#VALUE!,#VALUE!,#VALUE!,#VALUE!,#,#VALUE!,#VALUE!,#VALUE!,#VALUE!,#VALUE!,#VALUE!,#,#VALUE!,#VALUE!,#VALUE!,#VALUE!,#VALUE!,#VALUE!,#,#VALUE!,#VALUE!,#VALUE!,#VALUE!,#VALUE!,#VALUE!,#,#VALUE!,#VALUE!,#VALUE!,#VALUE!,#VALUE!,#VALUE!,#,#VALUE!,#VALUE!,#VALUE!,#VALUE!,#VALUE!,#VALUE!,#,#VALUE!,#VALUE!,#VALUE!,#VALUE!,#VALUE!,#VALUE!,#,#VALUE!,#VALUE!,#VALUE!,#VALUE!,#VALUE!,#VALUE!,#,#VALUE!,#VALUE!,#VALUE!,#VALUE!,#VALUE!,#VALUE!,#,#VALUE!,#VALUE!,#VALUE!,#VALUE!,#VALUE!,#VALUE!,#,#VALUE!,#VALUE!,#VALUE!,#VALUE!,#VALUE!,#VALUE!,2 ,2.4 ,2.9 ,3.3 ,3.7 ,4.1 ,4.6 ,5 ,8.1 ,11.3 ,14.4 ,17.6 ,20.7 ,23.9 ,27 ,31.7 ,36.4 ,41.1 ,45.9 ,50.6 ,55.3 ,60 ,63.9 ,67.7 ,71.6 ,75.4 ,79.3 ,83.1 ,87 ,88.4 ,89.9 ,91.3 ,92.7 ,94.1 ,95.6 ,97 ,97.4 ,97.9 ,98.3 ,98.7 ,99.1 ,99.6 ,100 ,100.0 ,100.0 ,100.0 ,100.0 ,100.0 ,100.0 ,100 ,100.0 ,100.0 ,100.0 ,100.0 ,100.0 ,100.0 ,100 ,100.0 ,,,,,,,,,,100.0 ,,,,,,,,,,,#VALUE!,#VALUE!,#VALUE!,#VALUE!,#VALUE!,#VALUE!,#,,,,,,,#,#VALUE!,#VALUE!,#VALUE!,#VALUE!,#VALUE!,#VALUE!,#,#VALUE!,#VALUE!,#VALUE!,#VALUE!,#VALUE!,#VALUE!,#,#VALUE!,#VALUE!,#VALUE!
04 ,,,,#,#VALUE!,#VALUE!,#VALUE!,#VALUE!,#VALUE!,#VALUE!,#,#VALUE!,#VALUE!,#VALUE!,#VALUE!,#VALUE!,#VALUE!,#,#VALUE!,#VALUE!,#VALUE!,#VALUE!,#VALUE!,#VALUE!,#,#VALUE!,#VALUE!,#VALUE!,#VALUE!,#VALUE!,#VALUE!,#,#VALUE!,#VALUE!,#VALUE!,#VALUE!,#VALUE!,#VALUE!,#,#VALUE!,#VALUE!,#VALUE!,#VALUE!,#VALUE!,#VALUE!,#,#VALUE!,#VALUE!,#VALUE!,#VALUE!,#VALUE!,#VALUE!,#,#VALUE!,#VALUE!,#VALUE!,#VALUE!,#VALUE!,#VALUE!,#,#VALUE!,#VALUE!,#VALUE!,#VALUE!,#VALUE!,#VALUE!,#,#VALUE!,#VALUE!,#VALUE!,#VALUE!,#VALUE!,#VALUE!,#,#VALUE!,#VALUE!,#VALUE!,#VALUE!,#VALUE!,#VALUE!,#,#VALUE!,#VALUE!,#VALUE!,#VALUE!,#VALUE!,#VALUE!,#,#VALUE!,#VALUE!,#VALUE!,#VALUE!,#VALUE!,#VALUE!,#,#VALUE!,#VALUE!,#VALUE!,#VALUE!,#VALUE!,#VALUE!,#,#VALUE!,#VALUE!,#VALUE!,#VALUE!,#VALUE!,#VALUE!,#,#VALUE!,#VALUE!,#VALUE!,#VALUE!,#VALUE!,#VALUE!,#,#VALUE!,#VALUE!,#VALUE!,#VALUE!,#VALUE!,#VALUE!,#,#VALUE!,#VALUE!,#VALUE!,#VALUE!,#VALUE!,#VALUE!,#,#VALUE!,#VALUE!,#VALUE!,#VALUE!,#VALUE!,#VALUE!,#,#VALUE!,#VALUE!,#VALUE!,#VALUE!,#VALUE!,#VALUE!,#,#VALUE!,#VALUE!,#VALUE!,#VALUE!,#VALUE!,#VALUE!,#,#VALUE!,#VALUE!,#VALUE!,#VALUE!,#VALUE!,#VALUE!,#,#VALUE!,#VALUE!,#VALUE!,#VALUE!,#VALUE!,#VALUE!,#,#VALUE!,#VALUE!,#VALUE!,#VALUE!,#VALUE!,#VALUE!,0 ,0.1 ,0.3 ,0.4 ,0.6 ,0.7 ,0.9 ,1 ,2.6 ,4.1 ,5.7 ,7.3 ,8.9 ,10.4 ,12 ,17.6 ,23.1 ,28.7 ,34.3 ,39.9 ,45.4 ,51 ,55.0 ,59.0 ,63.0 ,67.0 ,71.0 ,75.0 ,79 ,79.3 ,79.6 ,79.9 ,80.1 ,80.4 ,80.7 ,81 ,81.1 ,81.3 ,81.4 ,81.6 ,81.7 ,81.9 ,82 ,82.7 ,83.4 ,84.1 ,84.9 ,85.6 ,86.3 ,87 ,88.3 ,89.6 ,90.9 ,92.1 ,93.4 ,94.7 ,96 ,96.3 ,96.6 ,96.9 ,97.1 ,97.4 ,97.7 ,98 ,,,,,,,,,,#VALUE!,#VALUE!,#VALUE!,#VALUE!,#,,,,,,,#,,,,,,,#,#VALUE!,#VALUE!,#VALUE!,#VALUE!,#VALUE!,#VALUE!,#,#VALUE!,#VALUE!,#VALUE!,#VALUE!,#VALUE!
05 ,,,#,#VALUE!,#VALUE!,#VALUE!,#VALUE!,#VALUE!,#VALUE!,#,#VALUE!,#VALUE!,#VALUE!,#VALUE!,#VALUE!,#VALUE!,#,#VALUE!,#VALUE!,#VALUE!,#VALUE!,#VALUE!,#VALUE!,#,#VALUE!,#VALUE!,#VALUE!,#VALUE!,#VALUE!,#VALUE!,#,#VALUE!,#VALUE!,#VALUE!,#VALUE!,#VALUE!,#VALUE!,#,#VALUE!,#VALUE!,#VALUE!,#VALUE!,#VALUE!,#VALUE!,#,#VALUE!,#VALUE!,#VALUE!,#VALUE!,#VALUE!,#VALUE!,#,#VALUE!,#VALUE!,#VALUE!,#VALUE!,#VALUE!,#VALUE!,#,#VALUE!,#VALUE!,#VALUE!,#VALUE!,#VALUE!,#VALUE!,#,#VALUE!,#VALUE!,#VALUE!,#VALUE!,#VALUE!,#VALUE!,#,#VALUE!,#VALUE!,#VALUE!,#VALUE!,#VALUE!,#VALUE!,#,#VALUE!,#VALUE!,#VALUE!,#VALUE!,#VALUE!,#VALUE!,#,#VALUE!,#VALUE!,#VALUE!,#VALUE!,#VALUE!,#VALUE!,#,#VALUE!,#VALUE!,#VALUE!,#VALUE!,#VALUE!,#VALUE!,#,#VALUE!,#VALUE!,#VALUE!,#VALUE!,#VALUE!,#VALUE!,#,#VALUE!,#VALUE!,#VALUE!,#VALUE!,#VALUE!,#VALUE!,#,#VALUE!,#VALUE!,#VALUE!,#VALUE!,#VALUE!,#VALUE!,#,#VALUE!,#VALUE!,#VALUE!,#VALUE!,#VALUE!,#VALUE!,#,#VALUE!,#VALUE!,#VALUE!,#VALUE!,#VALUE!,#VALUE!,#,#VALUE!,#VALUE!,#VALUE!,#VALUE!,#VALUE!,#VALUE!,#,#VALUE!,#VALUE!,#VALUE!,#VALUE!,#VALUE!,#VALUE!,#,#VALUE!,#VALUE!,#VALUE!,#VALUE!,#VALUE!,#VALUE!,#,#VALUE!,#VALUE!,#VALUE!,#VALUE!,#VALUE!,#VALUE!,#,#VALUE!,#VALUE!,#VALUE!,#VALUE!,#VALUE!,#VALUE!,2 ,4.1 ,6.3 ,8.4 ,10.6 ,12.7 ,14.9 ,17 ,22.4 ,27.9 ,33.3 ,38.7 ,44.1 ,49.6 ,55 ,57.6 ,60.1 ,62.7 ,65.3 ,67.9 ,70.4 ,73 ,75.0 ,77.0 ,79.0 ,81.0 ,83.0 ,85.0 ,87 ,88.3 ,89.6 ,90.9 ,92.1 ,93.4 ,94.7 ,96 ,96.4 ,96.9 ,97.3 ,97.7 ,98.1 ,98.6 ,99 ,99.1 ,99.3 ,99.4 ,99.6 ,99.7 ,99.9 ,100 ,100.0 ,100.0 ,100.0 ,100.0 ,100.0 ,100.0 ,100 ,100.0 ,100.0 ,100.0 ,100.0 ,100.0 ,100.0 ,100 ,,,,,,,,,,,#VALUE!,#VALUE!,#VALUE!,#,,,,,,,#,#VALUE!,#VALUE!,#VALUE!,#VALUE!,#VALUE!,#VALUE!,#,#VALUE!,#VALUE!,#VALUE!,#VALUE!,#VALUE!,#VALUE!,#,#VALUE!,#VALUE!,#VALUE!,#VALUE!,#VALUE!,#VALUE!
06 ,,#,#VALUE!,#VALUE!,#VALUE!,#VALUE!,#VALUE!,#VALUE!,#,#VALUE!,#VALUE!,#VALUE!,#VALUE!,#VALUE!,#VALUE!,#,#VALUE!,#VALUE!,#VALUE!,#VALUE!,#VALUE!,#VALUE!,#,#VALUE!,#VALUE!,#VALUE!,#VALUE!,#VALUE!,#VALUE!,#,#VALUE!,#VALUE!,#VALUE!,#VALUE!,#VALUE!,#VALUE!,#,#VALUE!,#VALUE!,#VALUE!,#VALUE!,#VALUE!,#VALUE!,#,#VALUE!,#VALUE!,#VALUE!,#VALUE!,#VALUE!,#VALUE!,#,#VALUE!,#VALUE!,#VALUE!,#VALUE!,#VALUE!,#VALUE!,#,#VALUE!,#VALUE!,#VALUE!,#VALUE!,#VALUE!,#VALUE!,#,#VALUE!,#VALUE!,#VALUE!,#VALUE!,#VALUE!,#VALUE!,#,#VALUE!,#VALUE!,#VALUE!,#VALUE!,#VALUE!,#VALUE!,#,#VALUE!,#VALUE!,#VALUE!,#VALUE!,#VALUE!,#VALUE!,#,#VALUE!,#VALUE!,#VALUE!,#VALUE!,#VALUE!,#VALUE!,#,#VALUE!,#VALUE!,#VALUE!,#VALUE!,#VALUE!,#VALUE!,#,#VALUE!,#VALUE!,#VALUE!,#VALUE!,#VALUE!,#VALUE!,#,#VALUE!,#VALUE!,#VALUE!,#VALUE!,#VALUE!,#VALUE!,#,#VALUE!,#VALUE!,#VALUE!,#VALUE!,#VALUE!,#VALUE!,#,#VALUE!,#VALUE!,#VALUE!,#VALUE!,#VALUE!,#VALUE!,#,#VALUE!,#VALUE!,#VALUE!,#VALUE!,#VALUE!,#VALUE!,#,#VALUE!,#VALUE!,#VALUE!,#VALUE!,#VALUE!,#VALUE!,#,#VALUE!,#VALUE!,#VALUE!,#VALUE!,#VALUE!,#VALUE!,#,#VALUE!,#VALUE!,#VALUE!,#VALUE!,#VALUE!,#VALUE!,0 ,0.3 ,0.6 ,0.9 ,1.1 ,1.4 ,1.7 ,2 ,4.0 ,6.0 ,8.0 ,10.0 ,12.0 ,14.0 ,16 ,17.4 ,18.9 ,20.3 ,21.7 ,23.1 ,24.6 ,26 ,28.4 ,30.9 ,33.3 ,35.7 ,38.1 ,40.6 ,43 ,47.9 ,52.7 ,57.6 ,62.4 ,67.3 ,72.1 ,77 ,79.1 ,81.3 ,83.4 ,85.6 ,87.7 ,89.9 ,92 ,92.4 ,92.9 ,93.3 ,93.7 ,94.1 ,94.6 ,95 ,95.3 ,95.6 ,95.9 ,96.1 ,96.4 ,96.7 ,97 ,97.3 ,97.6 ,97.9 ,98.1 ,98.4 ,98.7 ,99 ,99.1 ,99.3 ,99.4 ,99.6 ,99.7 ,99.9 ,100 ,100.0 ,100.0 ,100.0 ,100.0 ,100.0 ,100.0 ,100 ,100.0 ,,,,,,,,,,,#VALUE!,#VALUE!,#,,,,,,,#,#VALUE!,#VALUE!,#VALUE!,#VALUE!,#VALUE!,#VALUE!,#,#VALUE!,#VALUE!,#VALUE!,#VALUE!,#VALUE!,#VALUE!,#,#VALUE!,#VALUE!,#VALUE!,#VALUE!,#VALUE!,#VALUE!,#
07 ,#,#VALUE!,#VALUE!,#VALUE!,#VALUE!,#VALUE!,#VALUE!,#,#VALUE!,#VALUE!,#VALUE!,#VALUE!,#VALUE!,#VALUE!,#,#VALUE!,#VALUE!,#VALUE!,#VALUE!,#VALUE!,#VALUE!,#,#VALUE!,#VALUE!,#VALUE!,#VALUE!,#VALUE!,#VALUE!,#,#VALUE!,#VALUE!,#VALUE!,#VALUE!,#VALUE!,#VALUE!,#,#VALUE!,#VALUE!,#VALUE!,#VALUE!,#VALUE!,#VALUE!,#,#VALUE!,#VALUE!,#VALUE!,#VALUE!,#VALUE!,#VALUE!,#,#VALUE!,#VALUE!,#VALUE!,#VALUE!,#VALUE!,#VALUE!,#,#VALUE!,#VALUE!,#VALUE!,#VALUE!,#VALUE!,#VALUE!,#,#VALUE!,#VALUE!,#VALUE!,#VALUE!,#VALUE!,#VALUE!,#,#VALUE!,#VALUE!,#VALUE!,#VALUE!,#VALUE!,#VALUE!,#,#VALUE!,#VALUE!,#VALUE!,#VALUE!,#VALUE!,#VALUE!,#,#VALUE!,#VALUE!,#VALUE!,#VALUE!,#VALUE!,#VALUE!,#,#VALUE!,#VALUE!,#VALUE!,#VALUE!,#VALUE!,#VALUE!,#,#VALUE!,#VALUE!,#VALUE!,#VALUE!,#VALUE!,#VALUE!,#,#VALUE!,#VALUE!,#VALUE!,#VALUE!,#VALUE!,#VALUE!,#,#VALUE!,#VALUE!,#VALUE!,#VALUE!,#VALUE!,#VALUE!,#,#VALUE!,#VALUE!,#VALUE!,#VALUE!,#VALUE!,#VALUE!,#,#VALUE!,#VALUE!,#VALUE!,#VALUE!,#VALUE!,#VALUE!,#,#VALUE!,#VALUE!,#VALUE!,#VALUE!,#VALUE!,#VALUE!,#,#VALUE!,#VALUE!,#VALUE!,#VALUE!,#VALUE!,#VALUE!,#,#VALUE!,#VALUE!,#VALUE!,#VALUE!,#VALUE!,#VALUE!,#,#VALUE!,#VALUE!,#VALUE!,#VALUE!,#VALUE!,#VALUE!,0 ,0.1 ,0.3 ,0.4 ,0.6 ,0.7 ,0.9 ,1 ,2.0 ,3.0 ,4.0 ,5.0 ,6.0 ,7.0 ,8 ,12.1 ,16.3 ,20.4 ,24.6 ,28.7 ,32.9 ,37 ,40.4 ,43.9 ,47.3 ,50.7 ,54.1 ,57.6 ,61 ,62.9 ,64.7 ,66.6 ,68.4 ,70.3 ,72.1 ,74 ,74.9 ,75.7 ,76.6 ,77.4 ,78.3 ,79.1 ,80 ,81.9 ,83.7 ,85.6 ,87.4 ,89.3 ,91.1 ,93 ,93.7 ,94.4 ,95.1 ,95.9 ,96.6 ,97.3 ,98 ,98.3 ,98.6 ,98.9 ,99.1 ,99.4 ,99.7 ,100 ,100.0 ,100.0 ,100.0 ,100.0 ,100.0 ,100.0 ,100 ,100.0 ,100.0 ,,,,,,,,,,,#VALUE!,#,,,,,,,#,#VALUE!,#VALUE!,#VALUE!,#VALUE!,#VALUE!,#VALUE!,#,#VALUE!,#VALUE!,#VALUE!,#VALUE!,#VALUE!,#VALUE!,#,#VALUE!,#VALUE!,#VALUE!,#VALUE!,#VALUE!,#VALUE!,#,
08 ,,,,,,#,#VALUE!,#VALUE!,#VALUE!,#VALUE!,#VALUE!,#VALUE!,#,#VALUE!,#VALUE!,#VALUE!,#VALUE!,#VALUE!,#VALUE!,#,#VALUE!,#VALUE!,#VALUE!,#VALUE!,#VALUE!,#VALUE!,#,#VALUE!,#VALUE!,#VALUE!,#VALUE!,#VALUE!,#VALUE!,#,#VALUE!,#VALUE!,#VALUE!,#VALUE!,#VALUE!,#VALUE!,#,#VALUE!,#VALUE!,#VALUE!,#VALUE!,#VALUE!,#VALUE!,#,#VALUE!,#VALUE!,#VALUE!,#VALUE!,#VALUE!,#VALUE!,#,#VALUE!,#VALUE!,#VALUE!,#VALUE!,#VALUE!,#VALUE!,#,#VALUE!,#VALUE!,#VALUE!,#VALUE!,#VALUE!,#VALUE!,#,#VALUE!,#VALUE!,#VALUE!,#VALUE!,#VALUE!,#VALUE!,#,#VALUE!,#VALUE!,#VALUE!,#VALUE!,#VALUE!,#VALUE!,#,#VALUE!,#VALUE!,#VALUE!,#VALUE!,#VALUE!,#VALUE!,#,#VALUE!,#VALUE!,#VALUE!,#VALUE!,#VALUE!,#VALUE!,#,#VALUE!,#VALUE!,#VALUE!,#VALUE!,#VALUE!,#VALUE!,#,#VALUE!,#VALUE!,#VALUE!,#VALUE!,#VALUE!,#VALUE!,#,#VALUE!,#VALUE!,#VALUE!,#VALUE!,#VALUE!,#VALUE!,#,#VALUE!,#VALUE!,#VALUE!,#VALUE!,#VALUE!,#VALUE!,#,#VALUE!,#VALUE!,#VALUE!,#VALUE!,#VALUE!,#VALUE!,#,#VALUE!,#VALUE!,#VALUE!,#VALUE!,#VALUE!,#VALUE!,#,#VALUE!,#VALUE!,#VALUE!,#VALUE!,#VALUE!,#VALUE!,#,#VALUE!,#VALUE!,#VALUE!,#VALUE!,#VALUE!,#VALUE!,#,#VALUE!,#VALUE!,#VALUE!,#VALUE!,#VALUE!,#VALUE!,#,#VALUE!,#VALUE!,#VALUE!,#VALUE!,#VALUE!,#VALUE!,0 ,0.1 ,0.3 ,0.4 ,0.6 ,0.7 ,0.9 ,1 ,2.1 ,3.3 ,4.4 ,5.6 ,6.7 ,7.9 ,9 ,13.0 ,17.0 ,21.0 ,25.0 ,29.0 ,33.0 ,37 ,40.3 ,43.6 ,46.9 ,50.1 ,53.4 ,56.7 ,60 ,61.4 ,62.9 ,64.3 ,65.7 ,67.1 ,68.6 ,70 ,71.0 ,72.0 ,73.0 ,74.0 ,75.0 ,76.0 ,77 ,78.6 ,80.1 ,81.7 ,83.3 ,84.9 ,86.4 ,88 ,88.6 ,89.1 ,89.7 ,90.3 ,90.9 ,91.4 ,92 ,92.3 ,92.6 ,92.9 ,93.1 ,93.4 ,93.7 ,94 ,94.6 ,95.1 ,95.7 ,96.3 ,96.9 ,97.4 ,98 ,,,,,,,,#VALUE!,#VALUE!,#VALUE!,#VALUE!,#VALUE!,#VALUE!,#,,,,,,,#,,,,,,,#,,,,,,,#,,,
09 ,,,,,#,#VALUE!,#VALUE!,#VALUE!,#VALUE!,#VALUE!,#VALUE!,#,#VALUE!,#VALUE!,#VALUE!,#VALUE!,#VALUE!,#VALUE!,#,#VALUE!,#VALUE!,#VALUE!,#VALUE!,#VALUE!,#VALUE!,#,#VALUE!,#VALUE!,#VALUE!,#VALUE!,#VALUE!,#VALUE!,#,#VALUE!,#VALUE!,#VALUE!,#VALUE!,#VALUE!,#VALUE!,#,#VALUE!,#VALUE!,#VALUE!,#VALUE!,#VALUE!,#VALUE!,#,#VALUE!,#VALUE!,#VALUE!,#VALUE!,#VALUE!,#VALUE!,#,#VALUE!,#VALUE!,#VALUE!,#VALUE!,#VALUE!,#VALUE!,#,#VALUE!,#VALUE!,#VALUE!,#VALUE!,#VALUE!,#VALUE!,#,#VALUE!,#VALUE!,#VALUE!,#VALUE!,#VALUE!,#VALUE!,#,#VALUE!,#VALUE!,#VALUE!,#VALUE!,#VALUE!,#VALUE!,#,#VALUE!,#VALUE!,#VALUE!,#VALUE!,#VALUE!,#VALUE!,#,#VALUE!,#VALUE!,#VALUE!,#VALUE!,#VALUE!,#VALUE!,#,#VALUE!,#VALUE!,#VALUE!,#VALUE!,#VALUE!,#VALUE!,#,#VALUE!,#VALUE!,#VALUE!,#VALUE!,#VALUE!,#VALUE!,#,#VALUE!,#VALUE!,#VALUE!,#VALUE!,#VALUE!,#VALUE!,#,#VALUE!,#VALUE!,#VALUE!,#VALUE!,#VALUE!,#VALUE!,#,#VALUE!,#VALUE!,#VALUE!,#VALUE!,#VALUE!,#VALUE!,#,#VALUE!,#VALUE!,#VALUE!,#VALUE!,#VALUE!,#VALUE!,#,#VALUE!,#VALUE!,#VALUE!,#VALUE!,#VALUE!,#VALUE!,#,#VALUE!,#VALUE!,#VALUE!,#VALUE!,#VALUE!,#VALUE!,#,#VALUE!,#VALUE!,#VALUE!,#VALUE!,#VALUE!,#VALUE!,#,#VALUE!,#VALUE!,#VALUE!,#VALUE!,#VALUE!,#VALUE!,#,#VALUE!,#VALUE!,#VALUE!,#VALUE!,#VALUE!,#VALUE!,#,#VALUE!,#VALUE!,#VALUE!,#VALUE!,#VALUE!,#VALUE!,3 ,4.4 ,5.9 ,7.3 ,8.7 ,10.1 ,11.6 ,13 ,13.6 ,14.1 ,14.7 ,15.3 ,15.9 ,16.4 ,17 ,17.6 ,18.1 ,18.7 ,19.3 ,19.9 ,20.4 ,21 ,21.7 ,22.4 ,23.1 ,23.9 ,24.6 ,25.3 ,26 ,27.4 ,28.9 ,30.3 ,31.7 ,33.1 ,34.6 ,36 ,40.0 ,44.0 ,48.0 ,52.0 ,56.0 ,60.0 ,64 ,66.3 ,68.6 ,70.9 ,73.1 ,75.4 ,77.7 ,80 ,81.7 ,83.4 ,85.1 ,86.9 ,88.6 ,90.3 ,92 ,92.6 ,93.1 ,93.7 ,94.3 ,94.9 ,95.4 ,96 ,,,,,,,#,#VALUE!,#VALUE!,#VALUE!,#VALUE!,#VALUE!,#VALUE!,#,,,,,,,#,,,,,,,#,,,,
10 ,,,,#,#VALUE!,#VALUE!,#VALUE!,#VALUE!,#VALUE!,#VALUE!,#,#VALUE!,#VALUE!,#VALUE!,#VALUE!,#VALUE!,#VALUE!,#,#VALUE!,#VALUE!,#VALUE!,#VALUE!,#VALUE!,#VALUE!,#,#VALUE!,#VALUE!,#VALUE!,#VALUE!,#VALUE!,#VALUE!,#,#VALUE!,#VALUE!,#VALUE!,#VALUE!,#VALUE!,#VALUE!,#,#VALUE!,#VALUE!,#VALUE!,#VALUE!,#VALUE!,#VALUE!,#,#VALUE!,#VALUE!,#VALUE!,#VALUE!,#VALUE!,#VALUE!,#,#VALUE!,#VALUE!,#VALUE!,#VALUE!,#VALUE!,#VALUE!,#,#VALUE!,#VALUE!,#VALUE!,#VALUE!,#VALUE!,#VALUE!,#,#VALUE!,#VALUE!,#VALUE!,#VALUE!,#VALUE!,#VALUE!,#,#VALUE!,#VALUE!,#VALUE!,#VALUE!,#VALUE!,#VALUE!,#,#VALUE!,#VALUE!,#VALUE!,#VALUE!,#VALUE!,#VALUE!,#,#VALUE!,#VALUE!,#VALUE!,#VALUE!,#VALUE!,#VALUE!,#,#VALUE!,#VALUE!,#VALUE!,#VALUE!,#VALUE!,#VALUE!,#,#VALUE!,#VALUE!,#VALUE!,#VALUE!,#VALUE!,#VALUE!,#,#VALUE!,#VALUE!,#VALUE!,#VALUE!,#VALUE!,#VALUE!,#,#VALUE!,#VALUE!,#VALUE!,#VALUE!,#VALUE!,#VALUE!,#,#VALUE!,#VALUE!,#VALUE!,#VALUE!,#VALUE!,#VALUE!,#,#VALUE!,#VALUE!,#VALUE!,#VALUE!,#VALUE!,#VALUE!,#,#VALUE!,#VALUE!,#VALUE!,#VALUE!,#VALUE!,#VALUE!,#,#VALUE!,#VALUE!,#VALUE!,#VALUE!,#VALUE!,#VALUE!,#,#VALUE!,#VALUE!,#VALUE!,#VALUE!,#VALUE!,#VALUE!,#,#VALUE!,#VALUE!,#VALUE!,#VALUE!,#VALUE!,#VALUE!,0 ,0.1 ,0.3 ,0.4 ,0.6 ,0.7 ,0.9 ,1 ,1.3 ,1.6 ,1.9 ,2.1 ,2.4 ,2.7 ,3 ,6.6 ,10.1 ,13.7 ,17.3 ,20.9 ,24.4 ,28 ,33.7 ,39.4 ,45.1 ,50.9 ,56.6 ,62.3 ,68 ,71.1 ,74.3 ,77.4 ,80.6 ,83.7 ,86.9 ,90 ,91.1 ,92.3 ,93.4 ,94.6 ,95.7 ,96.9 ,98 ,98.3 ,98.6 ,98.9 ,99.1 ,99.4 ,99.7 ,100 ,100.0 ,100.0 ,100.0 ,100.0 ,100.0 ,100.0 ,100 ,100.0 ,100.0 ,100.0 ,100.0 ,100.0 ,100.0 ,100 ,100.0 ,100.0 ,100.0 ,100.0 ,100.0 ,100.0 ,100 ,,,,,,,,,,#VALUE!,#VALUE!,#VALUE!,#VALUE!,#,,,,,,,#,,,,,,,#,,,,,,,#,,,,,
11 ,,,#,#VALUE!,#VALUE!,#VALUE!,#VALUE!,#VALUE!,#VALUE!,#,#VALUE!,#VALUE!,#VALUE!,#VALUE!,#VALUE!,#VALUE!,#,#VALUE!,#VALUE!,#VALUE!,#VALUE!,#VALUE!,#VALUE!,#,#VALUE!,#VALUE!,#VALUE!,#VALUE!,#VALUE!,#VALUE!,#,#VALUE!,#VALUE!,#VALUE!,#VALUE!,#VALUE!,#VALUE!,#,#VALUE!,#VALUE!,#VALUE!,#VALUE!,#VALUE!,#VALUE!,#,#VALUE!,#VALUE!,#VALUE!,#VALUE!,#VALUE!,#VALUE!,#,#VALUE!,#VALUE!,#VALUE!,#VALUE!,#VALUE!,#VALUE!,#,#VALUE!,#VALUE!,#VALUE!,#VALUE!,#VALUE!,#VALUE!,#,#VALUE!,#VALUE!,#VALUE!,#VALUE!,#VALUE!,#VALUE!,#,#VALUE!,#VALUE!,#VALUE!,#VALUE!,#VALUE!,#VALUE!,#,#VALUE!,#VALUE!,#VALUE!,#VALUE!,#VALUE!,#VALUE!,#,#VALUE!,#VALUE!,#VALUE!,#VALUE!,#VALUE!,#VALUE!,#,#VALUE!,#VALUE!,#VALUE!,#VALUE!,#VALUE!,#VALUE!,#,#VALUE!,#VALUE!,#VALUE!,#VALUE!,#VALUE!,#VALUE!,#,#VALUE!,#VALUE!,#VALUE!,#VALUE!,#VALUE!,#VALUE!,#,#VALUE!,#VALUE!,#VALUE!,#VALUE!,#VALUE!,#VALUE!,#,,,,,,,#,#VALUE!,#VALUE!,#VALUE!,#VALUE!,#VALUE!,#VALUE!,#,#VALUE!,#VALUE!,#VALUE!,#VALUE!,#VALUE!,#VALUE!,#,#VALUE!,#VALUE!,#VALUE!,#VALUE!,#VALUE!,#VALUE!,#,#VALUE!,#VALUE!,#VALUE!,#VALUE!,#VALUE!,#VALUE!,#,,,,,,,#,,,,,,,1 ,1.6 ,2.1 ,2.7 ,3.3 ,3.9 ,4.4 ,5 ,10.4 ,15.9 ,21.3 ,26.7 ,32.1 ,37.6 ,43 ,48.1 ,53.3 ,58.4 ,63.6 ,68.7 ,73.9 ,79 ,80.0 ,81.0 ,82.0 ,83.0 ,84.0 ,85.0 ,86 ,87.0 ,88.0 ,89.0 ,90.0 ,91.0 ,92.0 ,93 ,93.7 ,94.4 ,95.1 ,95.9 ,96.6 ,97.3 ,98 ,98.3 ,98.6 ,98.9 ,99.1 ,99.4 ,99.7 ,100 ,,,,,100.0 ,,#,#VALUE!,#VALUE!,#VALUE!,#VALUE!,100.0 ,#VALUE!,#,,,,,,,,,,,,,,#,,#VALUE!,#VALUE!,#VALUE!,#VALUE!,#VALUE!,#,#VALUE!,#VALUE!,#VALUE!,#VALUE!,#VALUE!,#VALUE!,#,,,,,,,#,,,,,,
12 ,#,#VALUE!,#VALUE!,#VALUE!,#VALUE!,#VALUE!,#VALUE!,#,#VALUE!,#VALUE!,#VALUE!,#VALUE!,#VALUE!,#VALUE!,#,#VALUE!,#VALUE!,#VALUE!,#VALUE!,#VALUE!,#VALUE!,#,#VALUE!,#VALUE!,#VALUE!,#VALUE!,#VALUE!,#VALUE!,#,#VALUE!,#VALUE!,#VALUE!,#VALUE!,#VALUE!,#VALUE!,#,#VALUE!,#VALUE!,#VALUE!,#VALUE!,#VALUE!,#VALUE!,#,#VALUE!,#VALUE!,#VALUE!,#VALUE!,#VALUE!,#VALUE!,#,#VALUE!,#VALUE!,#VALUE!,#VALUE!,#VALUE!,#VALUE!,#,#VALUE!,#VALUE!,#VALUE!,#VALUE!,#VALUE!,#VALUE!,#,#VALUE!,#VALUE!,#VALUE!,#VALUE!,#VALUE!,#VALUE!,#,#VALUE!,#VALUE!,#VALUE!,#VALUE!,#VALUE!,#VALUE!,#,#VALUE!,#VALUE!,#VALUE!,#VALUE!,#VALUE!,#VALUE!,#,#VALUE!,#VALUE!,#VALUE!,#VALUE!,#VALUE!,#VALUE!,#,#VALUE!,#VALUE!,#VALUE!,#VALUE!,#VALUE!,#VALUE!,#,,,,,,,#,#VALUE!,#VALUE!,#VALUE!,#VALUE!,#VALUE!,#VALUE!,#,#VALUE!,#VALUE!,#VALUE!,#VALUE!,#VALUE!,#VALUE!,#,#VALUE!,#VALUE!,#VALUE!,#VALUE!,#VALUE!,#VALUE!,#,#VALUE!,#VALUE!,#VALUE!,#VALUE!,#VALUE!,#VALUE!,#,#VALUE!,#VALUE!,#VALUE!,#VALUE!,#VALUE!,#VALUE!,#,#VALUE!,#VALUE!,#VALUE!,#VALUE!,#VALUE!,#VALUE!,#,,,,,,,1 ,1.4 ,1.9 ,2.3 ,2.7 ,3.1 ,3.6 ,4 ,7.4 ,10.9 ,14.3 ,17.7 ,21.1 ,24.6 ,28 ,32.0 ,36.0 ,40.0 ,44.0 ,48.0 ,52.0 ,56 ,59.4 ,62.9 ,66.3 ,69.7 ,73.1 ,76.6 ,80 ,81.9 ,83.7 ,85.6 ,87.4 ,89.3 ,91.1 ,93 ,93.7 ,94.4 ,95.1 ,95.9 ,96.6 ,97.3 ,98 ,98.3 ,98.6 ,98.9 ,99.1 ,99.4 ,99.7 ,100 ,100.0 ,100.0 ,100.0 ,100.0 ,100.0 ,100.0 ,100 ,100.0 ,100.0 ,100.0 ,100.0 ,100.0 ,100.0 ,100 ,100.0 ,100.0 ,100.0 ,100.0 ,100.0 ,100.0 ,100 ,,,,,,,100 ,,,,,,,,,,,,,#VALUE!,#,,,,,,,#,,,,,,,#,,,,,,,#,,,,,,,#,
13 ,,,,,,,#,#VALUE!,#VALUE!,#VALUE!,#VALUE!,#VALUE!,#VALUE!,#,#VALUE!,#VALUE!,#VALUE!,#VALUE!,#VALUE!,#VALUE!,#,#VALUE!,#VALUE!,#VALUE!,#VALUE!,#VALUE!,#VALUE!,#,#VALUE!,#VALUE!,#VALUE!,#VALUE!,#VALUE!,#VALUE!,#,#VALUE!,#VALUE!,#VALUE!,#VALUE!,#VALUE!,#VALUE!,#,#VALUE!,#VALUE!,#VALUE!,#VALUE!,#VALUE!,#VALUE!,#,#VALUE!,#VALUE!,#VALUE!,#VALUE!,#VALUE!,#VALUE!,#,#VALUE!,#VALUE!,#VALUE!,#VALUE!,#VALUE!,#VALUE!,#,#VALUE!,#VALUE!,#VALUE!,#VALUE!,#VALUE!,#VALUE!,#,#VALUE!,#VALUE!,#VALUE!,#VALUE!,#VALUE!,#VALUE!,#,#VALUE!,#VALUE!,#VALUE!,#VALUE!,#VALUE!,#VALUE!,#,#VALUE!,#VALUE!,#VALUE!,#VALUE!,#VALUE!,#VALUE!,#,#VALUE!,#VALUE!,#VALUE!,#VALUE!,#VALUE!,#VALUE!,#,#VALUE!,#VALUE!,#VALUE!,#VALUE!,#VALUE!,#VALUE!,#,#VALUE!,#VALUE!,#VALUE!,#VALUE!,#VALUE!,#VALUE!,#,,,,,,,#,#VALUE!,#VALUE!,#VALUE!,#VALUE!,#VALUE!,#VALUE!,#,#VALUE!,#VALUE!,#VALUE!,#VALUE!,#VALUE!,#VALUE!,#,#VALUE!,#VALUE!,#VALUE!,#VALUE!,#VALUE!,#VALUE!,#,#VALUE!,#VALUE!,#VALUE!,#VALUE!,#VALUE!,#VALUE!,#,#VALUE!,#VALUE!,#VALUE!,#VALUE!,#VALUE!,#VALUE!,#,#VALUE!,#VALUE!,#VALUE!,#VALUE!,#VALUE!,#VALUE!,#,#VALUE!,#VALUE!,#VALUE!,#VALUE!,#VALUE!,#VALUE!,#,,,,,,,3 ,4.4 ,5.9 ,7.3 ,8.7 ,10.1 ,11.6 ,13 ,15.0 ,17.0 ,19.0 ,21.0 ,23.0 ,25.0 ,27 ,28.9 ,30.7 ,32.6 ,34.4 ,36.3 ,38.1 ,40 ,42.0 ,44.0 ,46.0 ,48.0 ,50.0 ,52.0 ,54 ,56.7 ,59.4 ,62.1 ,64.9 ,67.6 ,70.3 ,73 ,75.4 ,77.9 ,80.3 ,82.7 ,85.1 ,87.6 ,90 ,90.7 ,91.4 ,92.1 ,92.9 ,93.6 ,94.3 ,95 ,95.7 ,96.4 ,97.1 ,97.9 ,98.6 ,99.3 ,100 ,,,,,,,,,,,,,,#,,,,,,,#,#VALUE!,#VALUE!,#VALUE!,#VALUE!,#VALUE!,#VALUE!,#,,,,,,,#,,,,,,,#,,
14 ,,,,,,#,#VALUE!,#VALUE!,#VALUE!,#VALUE!,#VALUE!,#VALUE!,#,#VALUE!,#VALUE!,#VALUE!,#VALUE!,#VALUE!,#VALUE!,#,#VALUE!,#VALUE!,#VALUE!,#VALUE!,#VALUE!,#VALUE!,#,#VALUE!,#VALUE!,#VALUE!,#VALUE!,#VALUE!,#VALUE!,#,#VALUE!,#VALUE!,#VALUE!,#VALUE!,#VALUE!,#VALUE!,#,#VALUE!,#VALUE!,#VALUE!,#VALUE!,#VALUE!,#VALUE!,#,#VALUE!,#VALUE!,#VALUE!,#VALUE!,#VALUE!,#VALUE!,#,#VALUE!,#VALUE!,#VALUE!,#VALUE!,#VALUE!,#VALUE!,#,#VALUE!,#VALUE!,#VALUE!,#VALUE!,#VALUE!,#VALUE!,#,#VALUE!,#VALUE!,#VALUE!,#VALUE!,#VALUE!,#VALUE!,#,#VALUE!,#VALUE!,#VALUE!,#VALUE!,#VALUE!,#VALUE!,#,#VALUE!,#VALUE!,#VALUE!,#VALUE!,#VALUE!,#VALUE!,#,#VALUE!,#VALUE!,#VALUE!,#VALUE!,#VALUE!,#VALUE!,#,#VALUE!,#VALUE!,#VALUE!,#VALUE!,#VALUE!,#VALUE!,#,#VALUE!,#VALUE!,#VALUE!,#VALUE!,#VALUE!,#VALUE!,#,,,,,,,#,#VALUE!,#VALUE!,#VALUE!,#VALUE!,#VALUE!,#VALUE!,#,#VALUE!,#VALUE!,#VALUE!,#VALUE!,#VALUE!,#VALUE!,#,#VALUE!,#VALUE!,#VALUE!,#VALUE!,#VALUE!,#VALUE!,#,#VALUE!,#VALUE!,#VALUE!,#VALUE!,#VALUE!,#VALUE!,#,,,,,,,#,#VALUE!,#VALUE!,#VALUE!,#VALUE!,#VALUE!,#VALUE!,#,#VALUE!,#VALUE!,#VALUE!,#VALUE!,#VALUE!,#VALUE!,#,#VALUE!,#VALUE!,#VALUE!,#VALUE!,#VALUE!,#VALUE!,#,#VALUE!,#VALUE!,#VALUE!,#VALUE!,#VALUE!,#VALUE!,9 ,12.1 ,15.3 ,18.4 ,21.6 ,24.7 ,27.9 ,31 ,35.7 ,40.4 ,45.1 ,49.9 ,54.6 ,59.3 ,64 ,66.7 ,69.4 ,72.1 ,74.9 ,77.6 ,80.3 ,83 ,84.4 ,85.9 ,87.3 ,88.7 ,90.1 ,91.6 ,93 ,93.6 ,94.1 ,94.7 ,95.3 ,95.9 ,96.4 ,97 ,97.4 ,97.9 ,98.3 ,98.7 ,99.1 ,99.6 ,100 ,,,,,,,#,,,,,,,,,,,,,,,,,,,,,#,#VALUE!,#VALUE!,#VALUE!,#VALUE!,#VALUE!,#VALUE!,#,,,,,,,#,,,,,,,#,,,
15 ,,,,,#,#VALUE!,#VALUE!,#VALUE!,#VALUE!,#VALUE!,#VALUE!,#,#VALUE!,#VALUE!,#VALUE!,#VALUE!,#VALUE!,#VALUE!,#,#VALUE!,#VALUE!,#VALUE!,#VALUE!,#VALUE!,#VALUE!,#,#VALUE!,#VALUE!,#VALUE!,#VALUE!,#VALUE!,#VALUE!,#,#VALUE!,#VALUE!,#VALUE!,#VALUE!,#VALUE!,#VALUE!,#,#VALUE!,#VALUE!,#VALUE!,#VALUE!,#VALUE!,#VALUE!,#,#VALUE!,#VALUE!,#VALUE!,#VALUE!,#VALUE!,#VALUE!,#,#VALUE!,#VALUE!,#VALUE!,#VALUE!,#VALUE!,#VALUE!,#,#VALUE!,#VALUE!,#VALUE!,#VALUE!,#VALUE!,#VALUE!,#,#VALUE!,#VALUE!,#VALUE!,#VALUE!,#VALUE!,#VALUE!,#,#VALUE!,#VALUE!,#VALUE!,#VALUE!,#VALUE!,#VALUE!,#,#VALUE!,#VALUE!,#VALUE!,#VALUE!,#VALUE!,#VALUE!,#,#VALUE!,#VALUE!,#VALUE!,#VALUE!,#VALUE!,#VALUE!,#,#VALUE!,#VALUE!,#VALUE!,#VALUE!,#VALUE!,#VALUE!,#,#VALUE!,#VALUE!,#VALUE!,#VALUE!,#VALUE!,#VALUE!,#,#VALUE!,#VALUE!,#VALUE!,#VALUE!,#VALUE!,#VALUE!,#,#VALUE!,#VALUE!,#VALUE!,#VALUE!,#VALUE!,#VALUE!,#,#VALUE!,#VALUE!,#VALUE!,#VALUE!,#VALUE!,#VALUE!,#,#VALUE!,#VALUE!,#VALUE!,#VALUE!,#VALUE!,#VALUE!,#,#VALUE!,#VALUE!,#VALUE!,#VALUE!,#VALUE!,#VALUE!,#,#VALUE!,#VALUE!,#VALUE!,#VALUE!,#VALUE!,#VALUE!,#,#VALUE!,#VALUE!,#VALUE!,#VALUE!,#VALUE!,#VALUE!,#,#VALUE!,#VALUE!,#VALUE!,#VALUE!,#VALUE!,#VALUE!,1 ,2.3 ,3.6 ,4.9 ,6.1 ,7.4 ,8.7 ,10 ,13.3 ,16.6 ,19.9 ,23.1 ,26.4 ,29.7 ,33 ,38.3 ,43.6 ,48.9 ,54.1 ,59.4 ,64.7 ,70 ,72.3 ,74.6 ,76.9 ,79.1 ,81.4 ,83.7 ,86 ,87.1 ,88.3 ,89.4 ,90.6 ,91.7 ,92.9 ,94 ,94.6 ,95.1 ,95.7 ,96.3 ,96.9 ,97.4 ,98 ,98.3 ,98.6 ,98.9 ,99.1 ,99.4 ,99.7 ,100 ,100.0 ,100.0 ,100.0 ,100.0 ,100.0 ,100.0 ,100 ,,,,,,,#,,,,,,,,,,,,,,,,#VALUE!,#VALUE!,#VALUE!,#VALUE!,#VALUE!,#,,,,,,,#,,,,,,,#,,,,,,,#,,,,
16 ,,,#,#VALUE!,#VALUE!,#VALUE!,#VALUE!,#VALUE!,#VALUE!,#,#VALUE!,#VALUE!,#VALUE!,#VALUE!,#VALUE!,#VALUE!,#,#VALUE!,#VALUE!,#VALUE!,#VALUE!,#VALUE!,#VALUE!,#,#VALUE!,#VALUE!,#VALUE!,#VALUE!,#VALUE!,#VALUE!,#,#VALUE!,#VALUE!,#VALUE!,#VALUE!,#VALUE!,#VALUE!,#,#VALUE!,#VALUE!,#VALUE!,#VALUE!,#VALUE!,#VALUE!,#,#VALUE!,#VALUE!,#VALUE!,#VALUE!,#VALUE!,#VALUE!,#,#VALUE!,#VALUE!,#VALUE!,#VALUE!,#VALUE!,#VALUE!,#,#VALUE!,#VALUE!,#VALUE!,#VALUE!,#VALUE!,#VALUE!,#,#VALUE!,#VALUE!,#VALUE!,#VALUE!,#VALUE!,#VALUE!,#,#VALUE!,#VALUE!,#VALUE!,#VALUE!,#VALUE!,#VALUE!,#,#VALUE!,#VALUE!,#VALUE!,#VALUE!,#VALUE!,#VALUE!,#,#VALUE!,#VALUE!,#VALUE!,#VALUE!,#VALUE!,#VALUE!,#,#VALUE!,#VALUE!,#VALUE!,#VALUE!,#VALUE!,#VALUE!,#,#VALUE!,#VALUE!,#VALUE!,#VALUE!,#VALUE!,#VALUE!,#,#VALUE!,#VALUE!,#VALUE!,#VALUE!,#VALUE!,#VALUE!,#,#VALUE!,#VALUE!,#VALUE!,#VALUE!,#VALUE!,#VALUE!,#,#VALUE!,#VALUE!,#VALUE!,#VALUE!,#VALUE!,#VALUE!,#,#VALUE!,#VALUE!,#VALUE!,#VALUE!,#VALUE!,#VALUE!,#,#VALUE!,#VALUE!,#VALUE!,#VALUE!,#VALUE!,#VALUE!,#,#VALUE!,#VALUE!,#VALUE!,#VALUE!,#VALUE!,#VALUE!,#,#VALUE!,#VALUE!,#VALUE!,#VALUE!,#VALUE!,#VALUE!,#,#VALUE!,#VALUE!,#VALUE!,#VALUE!,#VALUE!,#VALUE!,#,#VALUE!,#VALUE!,#VALUE!,#VALUE!,#VALUE!,#VALUE!,2 ,3.4 ,4.9 ,6.3 ,7.7 ,9.1 ,10.6 ,12 ,16.9 ,21.7 ,26.6 ,31.4 ,36.3 ,41.1 ,46 ,50.0 ,54.0 ,58.0 ,62.0 ,66.0 ,70.0 ,74 ,75.7 ,77.4 ,79.1 ,80.9 ,82.6 ,84.3 ,86 ,87.1 ,88.3 ,89.4 ,90.6 ,91.7 ,92.9 ,94 ,94.4 ,94.9 ,95.3 ,95.7 ,96.1 ,96.6 ,97 ,97.1 ,97.3 ,97.4 ,97.6 ,97.7 ,97.9 ,98 ,98.3 ,98.6 ,98.9 ,99.1 ,99.4 ,99.7 ,100 ,,,,,,,#,,,,,,,#,,,,#VALUE!,#VALUE!,#VALUE!,#,,,,,,,#,#VALUE!,#VALUE!,#VALUE!,#VALUE!,#VALUE!,#VALUE!,#,#VALUE!,#VALUE!,#VALUE!,#VALUE!,#VALUE!,#VALUE!,#,#VALUE!,#VALUE!,#VALUE!,#VALUE!,#VALUE!,#VALUE!
17 ,,#,#VALUE!,#VALUE!,#VALUE!,#VALUE!,#VALUE!,#VALUE!,#,#VALUE!,#VALUE!,#VALUE!,#VALUE!,#VALUE!,#VALUE!,#,#VALUE!,#VALUE!,#VALUE!,#VALUE!,#VALUE!,#VALUE!,#,#VALUE!,#VALUE!,#VALUE!,#VALUE!,#VALUE!,#VALUE!,#,#VALUE!,#VALUE!,#VALUE!,#VALUE!,#VALUE!,#VALUE!,#,#VALUE!,#VALUE!,#VALUE!,#VALUE!,#VALUE!,#VALUE!,#,#VALUE!,#VALUE!,#VALUE!,#VALUE!,#VALUE!,#VALUE!,#,#VALUE!,#VALUE!,#VALUE!,#VALUE!,#VALUE!,#VALUE!,#,#VALUE!,#VALUE!,#VALUE!,#VALUE!,#VALUE!,#VALUE!,#,#VALUE!,#VALUE!,#VALUE!,#VALUE!,#VALUE!,#VALUE!,#,#VALUE!,#VALUE!,#VALUE!,#VALUE!,#VALUE!,#VALUE!,#,#VALUE!,#VALUE!,#VALUE!,#VALUE!,#VALUE!,#VALUE!,#,#VALUE!,#VALUE!,#VALUE!,#VALUE!,#VALUE!,#VALUE!,#,#VALUE!,#VALUE!,#VALUE!,#VALUE!,#VALUE!,#VALUE!,#,#VALUE!,#VALUE!,#VALUE!,#VALUE!,#VALUE!,#VALUE!,#,#VALUE!,#VALUE!,#VALUE!,#VALUE!,#VALUE!,#VALUE!,#,#VALUE!,#VALUE!,#VALUE!,#VALUE!,#VALUE!,#VALUE!,#,#VALUE!,#VALUE!,#VALUE!,#VALUE!,#VALUE!,#VALUE!,#,#VALUE!,#VALUE!,#VALUE!,#VALUE!,#VALUE!,#VALUE!,#,#VALUE!,#VALUE!,#VALUE!,#VALUE!,#VALUE!,#VALUE!,#,#VALUE!,#VALUE!,#VALUE!,#VALUE!,#VALUE!,#VALUE!,#,#VALUE!,#VALUE!,#VALUE!,#VALUE!,#VALUE!,#VALUE!,#,#VALUE!,#VALUE!,#VALUE!,#VALUE!,#VALUE!,#VALUE!,#,#VALUE!,#VALUE!,#VALUE!,#VALUE!,#VALUE!,#VALUE!,2 ,3.0 ,4.0 ,5.0 ,6.0 ,7.0 ,8.0 ,9 ,10.3 ,11.6 ,12.9 ,14.1 ,15.4 ,16.7 ,18 ,21.7 ,25.4 ,29.1 ,32.9 ,36.6 ,40.3 ,44 ,48.0 ,52.0 ,56.0 ,60.0 ,64.0 ,68.0 ,72 ,74.4 ,76.9 ,79.3 ,81.7 ,84.1 ,86.6 ,89 ,90.0 ,91.0 ,92.0 ,93.0 ,94.0 ,95.0 ,96 ,96.3 ,96.6 ,96.9 ,97.1 ,97.4 ,97.7 ,98 ,98.3 ,98.6 ,98.9 ,99.1 ,99.4 ,99.7 ,100 ,,,,,,,#,,,,,,,#,,,,,,,#,,,,,,,#,#VALUE!,#VALUE!,#VALUE!,#VALUE!,#VALUE!,#VALUE!,#,#VALUE!,#VALUE!,#VALUE!,#VALUE!,#VALUE!,#VALUE!,#,#VALUE!,#VALUE!,#VALUE!,#VALUE!,#VALUE!,#VALUE!,#
18 ,#,#VALUE!,#VALUE!,#VALUE!,#VALUE!,#VALUE!,#VALUE!,#,#VALUE!,#VALUE!,#VALUE!,#VALUE!,#VALUE!,#VALUE!,#,#VALUE!,#VALUE!,#VALUE!,#VALUE!,#VALUE!,#VALUE!,#,#VALUE!,#VALUE!,#VALUE!,#VALUE!,#VALUE!,#VALUE!,#,#VALUE!,#VALUE!,#VALUE!,#VALUE!,#VALUE!,#VALUE!,#,#VALUE!,#VALUE!,#VALUE!,#VALUE!,#VALUE!,#VALUE!,#,#VALUE!,#VALUE!,#VALUE!,#VALUE!,#VALUE!,#VALUE!,#,#VALUE!,#VALUE!,#VALUE!,#VALUE!,#VALUE!,#VALUE!,#,#VALUE!,#VALUE!,#VALUE!,#VALUE!,#VALUE!,#VALUE!,#,#VALUE!,#VALUE!,#VALUE!,#VALUE!,#VALUE!,#VALUE!,#,#VALUE!,#VALUE!,#VALUE!,#VALUE!,#VALUE!,#VALUE!,#,#VALUE!,#VALUE!,#VALUE!,#VALUE!,#VALUE!,#VALUE!,#,#VALUE!,#VALUE!,#VALUE!,#VALUE!,#VALUE!,#VALUE!,#,#VALUE!,#VALUE!,#VALUE!,#VALUE!,#VALUE!,#VALUE!,#,#VALUE!,#VALUE!,#VALUE!,#VALUE!,#VALUE!,#VALUE!,#,#VALUE!,#VALUE!,#VALUE!,#VALUE!,#VALUE!,#VALUE!,#,#VALUE!,#VALUE!,#VALUE!,#VALUE!,#VALUE!,#VALUE!,#,#VALUE!,#VALUE!,#VALUE!,#VALUE!,#VALUE!,#VALUE!,#,#VALUE!,#VALUE!,#VALUE!,#VALUE!,#VALUE!,#VALUE!,#,#VALUE!,#VALUE!,#VALUE!,#VALUE!,#VALUE!,#VALUE!,#,#VALUE!,#VALUE!,#VALUE!,#VALUE!,#VALUE!,#VALUE!,#,#VALUE!,#VALUE!,#VALUE!,#VALUE!,#VALUE!,#VALUE!,#,#VALUE!,#VALUE!,#VALUE!,#VALUE!,#VALUE!,#VALUE!,3 ,4.0 ,5.0 ,6.0 ,7.0 ,8.0 ,9.0 ,10 ,11.6 ,13.1 ,14.7 ,16.3 ,17.9 ,19.4 ,21 ,22.3 ,23.6 ,24.9 ,26.1 ,27.4 ,28.7 ,30 ,30.6 ,31.1 ,31.7 ,32.3 ,32.9 ,33.4 ,34 ,34.4 ,34.9 ,35.3 ,35.7 ,36.1 ,36.6 ,37 ,39.3 ,41.6 ,43.9 ,46.1 ,48.4 ,50.7 ,53 ,56.6 ,60.1 ,63.7 ,67.3 ,70.9 ,74.4 ,78 ,79.1 ,80.3 ,81.4 ,82.6 ,83.7 ,84.9 ,86 ,86.7 ,87.4 ,88.1 ,88.9 ,89.6 ,90.3 ,91 ,91.3 ,91.6 ,91.9 ,92.1 ,92.4 ,92.7 ,93 ,93.1 ,93.3 ,93.4 ,93.6 ,93.7 ,93.9 ,94 ,94.1 ,94.3 ,94.4 ,94.6 ,94.7 ,94.9 ,95 ,,,,,,,#,#VALUE!,#VALUE!,#VALUE!,#VALUE!,#VALUE!,#VALUE!,#,#VALUE!,#VALUE!,#VALUE!,#VALUE!,#VALUE!,#VALUE!,#,#VALUE!,#VALUE!,#VALUE!,#VALUE!,#VALUE!,#VALUE!,#,
19 ,,,,,,,#,#VALUE!,#VALUE!,#VALUE!,#VALUE!,#VALUE!,#VALUE!,#,#VALUE!,#VALUE!,#VALUE!,#VALUE!,#VALUE!,#VALUE!,#,#VALUE!,#VALUE!,#VALUE!,#VALUE!,#VALUE!,#VALUE!,#,#VALUE!,#VALUE!,#VALUE!,#VALUE!,#VALUE!,#VALUE!,#,#VALUE!,#VALUE!,#VALUE!,#VALUE!,#VALUE!,#VALUE!,#,#VALUE!,#VALUE!,#VALUE!,#VALUE!,#VALUE!,#VALUE!,#,#VALUE!,#VALUE!,#VALUE!,#VALUE!,#VALUE!,#VALUE!,#,#VALUE!,#VALUE!,#VALUE!,#VALUE!,#VALUE!,#VALUE!,#,#VALUE!,#VALUE!,#VALUE!,#VALUE!,#VALUE!,#VALUE!,#,#VALUE!,#VALUE!,#VALUE!,#VALUE!,#VALUE!,#VALUE!,#,#VALUE!,#VALUE!,#VALUE!,#VALUE!,#VALUE!,#VALUE!,#,#VALUE!,#VALUE!,#VALUE!,#VALUE!,#VALUE!,#VALUE!,#,#VALUE!,#VALUE!,#VALUE!,#VALUE!,#VALUE!,#VALUE!,#,#VALUE!,#VALUE!,#VALUE!,#VALUE!,#VALUE!,#VALUE!,#,#VALUE!,#VALUE!,#VALUE!,#VALUE!,#VALUE!,#VALUE!,#,#VALUE!,#VALUE!,#VALUE!,#VALUE!,#VALUE!,#VALUE!,#,#VALUE!,#VALUE!,#VALUE!,#VALUE!,#VALUE!,#VALUE!,#,#VALUE!,#VALUE!,#VALUE!,#VALUE!,#VALUE!,#VALUE!,#,#VALUE!,#VALUE!,#VALUE!,#VALUE!,#VALUE!,#VALUE!,#,#VALUE!,#VALUE!,#VALUE!,#VALUE!,#VALUE!,#VALUE!,#,#VALUE!,#VALUE!,#VALUE!,#VALUE!,#VALUE!,#VALUE!,#,#VALUE!,#VALUE!,#VALUE!,#VALUE!,#VALUE!,#VALUE!,#,#VALUE!,#VALUE!,#VALUE!,#VALUE!,#VALUE!,#VALUE!,#,#VALUE!,#VALUE!,#VALUE!,#VALUE!,#VALUE!,#VALUE!,1 ,1.4 ,1.9 ,2.3 ,2.7 ,3.1 ,3.6 ,4 ,4.6 ,5.1 ,5.7 ,6.3 ,6.9 ,7.4 ,8 ,9.1 ,10.3 ,11.4 ,12.6 ,13.7 ,14.9 ,16 ,16.6 ,17.1 ,17.7 ,18.3 ,18.9 ,19.4 ,20 ,21.3 ,22.6 ,23.9 ,25.1 ,26.4 ,27.7 ,29 ,32.9 ,36.7 ,40.6 ,44.4 ,48.3 ,52.1 ,56 ,58.6 ,61.1 ,63.7 ,66.3 ,68.9 ,71.4 ,74 ,75.4 ,76.9 ,78.3 ,79.7 ,81.1 ,82.6 ,84 ,84.7 ,85.4 ,86.1 ,86.9 ,87.6 ,88.3 ,89 ,89.4 ,89.9 ,90.3 ,90.7 ,91.1 ,91.6 ,92 ,92.3 ,92.6 ,92.9 ,93.1 ,93.4 ,93.7 ,94 ,,,,,,,#,,,,,,,#,,,,,,,#,,
20 ,,,,,#,#VALUE!,#VALUE!,#VALUE!,#VALUE!,#VALUE!,#VALUE!,#,#VALUE!,#VALUE!,#VALUE!,#VALUE!,#VALUE!,#VALUE!,#,#VALUE!,#VALUE!,#VALUE!,#VALUE!,#VALUE!,#VALUE!,#,#VALUE!,#VALUE!,#VALUE!,#VALUE!,#VALUE!,#VALUE!,#,#VALUE!,#VALUE!,#VALUE!,#VALUE!,#VALUE!,#VALUE!,#,#VALUE!,#VALUE!,#VALUE!,#VALUE!,#VALUE!,#VALUE!,#,#VALUE!,#VALUE!,#VALUE!,#VALUE!,#VALUE!,#VALUE!,#,#VALUE!,#VALUE!,#VALUE!,#VALUE!,#VALUE!,#VALUE!,#,#VALUE!,#VALUE!,#VALUE!,#VALUE!,#VALUE!,#VALUE!,#,#VALUE!,#VALUE!,#VALUE!,#VALUE!,#VALUE!,#VALUE!,#,#VALUE!,#VALUE!,#VALUE!,#VALUE!,#VALUE!,#VALUE!,#,#VALUE!,#VALUE!,#VALUE!,#VALUE!,#VALUE!,#VALUE!,#,#VALUE!,#VALUE!,#VALUE!,#VALUE!,#VALUE!,#VALUE!,#,#VALUE!,#VALUE!,#VALUE!,#VALUE!,#VALUE!,#VALUE!,#,#VALUE!,#VALUE!,#VALUE!,#VALUE!,#VALUE!,#VALUE!,#,#VALUE!,#VALUE!,#VALUE!,#VALUE!,#VALUE!,#VALUE!,#,#VALUE!,#VALUE!,#VALUE!,#VALUE!,#VALUE!,#VALUE!,#,#VALUE!,#VALUE!,#VALUE!,#VALUE!,#VALUE!,#VALUE!,#,#VALUE!,#VALUE!,#VALUE!,#VALUE!,#VALUE!,#VALUE!,#,#VALUE!,#VALUE!,#VALUE!,#VALUE!,#VALUE!,#VALUE!,#,#VALUE!,#VALUE!,#VALUE!,#VALUE!,#VALUE!,#VALUE!,#,#VALUE!,#VALUE!,#VALUE!,#VALUE!,#VALUE!,#VALUE!,#,#VALUE!,#VALUE!,#VALUE!,#VALUE!,#VALUE!,#VALUE!,1 ,2.0 ,3.0 ,4.0 ,5.0 ,6.0 ,7.0 ,8 ,10.7 ,13.4 ,16.1 ,18.9 ,21.6 ,24.3 ,27 ,31.7 ,36.4 ,41.1 ,45.9 ,50.6 ,55.3 ,60 ,63.3 ,66.6 ,69.9 ,73.1 ,76.4 ,79.7 ,83 ,84.3 ,85.6 ,86.9 ,88.1 ,89.4 ,90.7 ,92 ,92.7 ,93.4 ,94.1 ,94.9 ,95.6 ,96.3 ,97 ,97.4 ,97.9 ,98.3 ,98.7 ,99.1 ,99.6 ,100 ,100.0 ,100.0 ,100.0 ,100.0 ,100.0 ,100.0 ,100 ,,,,,,,#,#VALUE!,#VALUE!,#VALUE!,#VALUE!,#VALUE!,#VALUE!,#,#VALUE!,#VALUE!,#VALUE!,#VALUE!,#VALUE!,#VALUE!,#,#VALUE!,#VALUE!,#VALUE!,#VALUE!,#VALUE!,#VALUE!,#,,,,,,,#,,,,,,,#,,,,,,,#,,,,
,,,,,,,,,,,,,,,,,,,,,,,,,,,,,,,,,,,,,,,,,,,,,,,,,,,,,,,,,,,,,,,,,,,,,,,,,,,,,,,,,,,,,,,,,,,,,,,,,,,,,,,,,,,,,,,,,,,,,,,,,,,,,,,,,,,,,,,,,,,,,,,,,,,,,,,,,,,,,,,,,,,,,,,,,,,,,,,,,,,,,,,,,,,,,,,,,,,,,,,,,,,,,,,,,,,,,,,,,,,,,,,,,,,,,,,,,,,,,,,,,,,,,,,,,,,,,,,,,,,,,,,,,,,,,,,,,,,
,,,,,,,,,,,,,,,,,,,,,,,,,,,,,,,,,,,,,,,,,,,,,,,,,,,,,,,,,,,,,,,,,,,,,,,,,,,,,,,,,,,,,,,,,,,,,,,,,,,,,,,,,,,,,,,,,,,,,,,,,,,,,,,,,,,,,,,,,,,,,,,,,,,,,,,,,,,,,,,,,,,,,,,,,,,,,,,,,,,,,,,,"NOTE:  October 6 and October 13, 2013 are NOT to be published.  It was during the government shutdown and estimates were imputed to be used ONLY for 5-year averages.",,,,,,,,,,,,,,,,,,,,,,,,,,,,,,,,,,,,,,,,,,,,,,,,,,,,,,,,,,,,,,,,,,,,,,,,,,,,,,,,,,,,,,,,,,,