,,12/09/20_),,,,,,,,,,,,,,,,,,,,,,,,,,,,,,12/09/20_),,,,,,,,,,,,,,,,,,,,,,,,,,,,,,,12/09/20_),,,,,,,,,,,,,,,,,,,,,,,,,,,,,,12/09/20_),,,,,,,,,,,,,,,,,,,,,,,,,,,,,,,12/09/20_),,,,,,,,,,,,,,,,,,,,,,,,,,,,,,,12/09/20_),,,,,,,,,,,,,,,,,,,,,,,,,,,,,,12/09/20_),,,,,,,,,,,,,,,,,,,,,,,,,,,,,,,12/09/20_),,,,,,,,,,,,,,,,,,,,,,,,,,,,,,,,,,,,,,,,,,,,,,,,,,,,,,,,,,,
,,04:39 PM_),,,,,,,,,,,,,,,,,,,,,,,,,,,,,,04:39 PM_),,,,,,,,,,,,,,,,,,,,,,,,,,,,,,,04:39 PM_),,,,,,,,,,,,,,,,,,,,,,,,,,,,,,04:39 PM_),,,,,,,,,,,,,,,,,,,,,,,,,,,,,,,04:39 PM_),,,,,,,,,,,,,,,,,,,,,,,,,,,,,,,04:39 PM_),,,,,,,,,,,,,,,,,,,,,,,,,,,,,,04:39 PM_),,,,,,,,,,,,,,,,,,,,,,,,,,,,,,,04:39 PM_),,,,,,,,,,,,,,,,,,,,,,,,,,,,,,,,,,,,,,,,,,,,,,,,,,,,,,,,,,,
,,Record of: SPRING WHEAT    Commodity Code: 288   State:  North Dakota,,,,,,,,,,,,,,,,,,,,,,,,,,,,,,Record of: SPRING WHEAT    Commodity Code: 288   State:  North Dakota,,,,,,,,,,,,,,,,,,,,,,,,,,,,,,,Record of: SPRING WHEAT    Commodity Code: 288   State:  North Dakota,,,,,,,,,,,,,,,,,,,,,,,,,,,,,,Record of: SPRING WHEAT    Commodity Code: 288   State:  North Dakota,,,,,,,,,,,,,,,,,,,,,,,,,,,,,,,Record of: SPRING WHEAT    Commodity Code: 288   State:  North Dakota,,,,,,,,,,,,,,,,,,,,,,,,,,,,,,,Record of: SPRING WHEAT    Commodity Code: 288   State:  North Dakota,,,,,,,,,,,,,,,,,,,,,,,,,,,,,,Record of: SPRING WHEAT    Commodity Code: 288   State:  North Dakota,,,,,,,,,,,,,,,,,,,,,,,,,,,,,,,Record of: SPRING WHEAT    Commodity Code: 288   State:  North Dakota,,,,,,,,,,,,,,,,,,,,,,,,,,,,,,,,,,,,,,,,,,,,,,,,,,,,,,,,,,,
,,Stage: HARVESTED,,,,,,,,,,,,,,,,,,,,,,,,,,,,,,Stage: HARVESTED,,,,,,,,,,,,,,,,,,,,,,,,,,,,,,,Stage: HARVESTED,,,,,,,,,,,,,,,,,,,,,,,,,,,,,,Stage: HARVESTED,,,,,,,,,,,,,,,,,,,,,,,,,,,,,,,Stage: HARVESTED,,,,,,,,,,,,,,,,,,,,,,,,,,,,,,,Stage: HARVESTED,,,,,,,,,,,,,,,,,,,,,,,,,,,,,,Stage: HARVESTED,,,,,,,,,,,,,,,,,,,,,,,,,,,,,,,Stage: HARVESTED,,,,,,,,,,,,,,,,,,,,,,,,,,,,,,,,,,,,,,,,,,,,,,,,,,,,,,,,,,,
,,h:\groups\estimate\cropweat\booksect\Spring Wheat.xls,,,,,,,,,,,,,,,,,,,,,,,,,,,,,,h:\groups\estimate\cropweat\booksect\Spring Wheat.xls,,,,,,,,,,,,,,,,,,,,,,,,,,,,,,,h:\groups\estimate\cropweat\booksect\Spring Wheat.xls,,,,,,,,,,,,,,,,,,,,,,,,,,,,,,h:\groups\estimate\cropweat\booksect\Spring Wheat.xls,,,,,,,,,,,,,,,,,,,,,,,,,,,,,,,h:\groups\estimate\cropweat\booksect\Spring Wheat.xls,,,,,,,,,,,,,,,,,,,,,,,,,,,,,,,h:\groups\estimate\cropweat\booksect\Spring Wheat.xls,,,,,,,,,,,,,,,,,,,,,,,,,,,,,,h:\groups\estimate\cropweat\booksect\Spring Wheat.xls,,,,,,,,,,,,,,,,,,,,,,,,,,,,,,,h:\groups\estimate\cropweat\booksect\Spring Wheat.xls,,,,,,,,,,,,,,,,,,,,,,,,,,,,,,,,,,,,,,,,,,,,,,,,,,,,,,,,,,,
,April,,,,,,,,,,,,,,,,,,,,,,,,,,,,,,May,,,,,,,,,,,,,,,,,,,,,,,,,,,,,,,June,,,,,,,,,,,,,,,,,,,,,,,,,,,,,,July,,,,,,,,,,,,,,,,,,,,,,,,,,,,,,,August,,,,,,,,,,,,,,,,,,,,,,,,,,,,,,,September,,,,,,,,,,,,,,,,,,,,,,,,,,,,,,October,,,,,,,,,,,,,,,,,,,,,,,,,,,,,,,November,,,,,,,,,,,,,,,,,,,,,,,,,,,,,,,,,,,,,,,,,,,,,,,,,,,,,,,,,,,,
Year,1 ,2 ,3 ,4 ,5 ,6 ,7 ,8 ,9 ,10 ,11 ,12 ,13 ,14 ,15 ,16 ,17 ,18 ,19 ,20 ,21 ,22 ,23 ,24 ,25 ,26 ,27 ,28 ,29 ,30 ,1 ,2 ,3 ,4 ,5 ,6 ,7 ,8 ,9 ,10 ,11 ,12 ,13 ,14 ,15 ,16 ,17 ,18 ,19 ,20 ,21 ,22 ,23 ,24 ,25 ,26 ,27 ,28 ,29 ,30 ,31 ,1 ,2 ,3 ,4 ,5 ,6 ,7 ,8 ,9 ,10 ,11 ,12 ,13 ,14 ,15 ,16 ,17 ,18 ,19 ,20 ,21 ,22 ,23 ,24 ,25 ,26 ,27 ,28 ,29 ,30 ,1 ,2 ,3 ,4 ,5 ,6 ,7 ,8 ,9 ,10 ,11 ,12 ,13 ,14 ,15 ,16 ,17 ,18 ,19 ,20 ,21 ,22 ,23 ,24 ,25 ,26 ,27 ,28 ,29 ,30 ,31 ,1 ,2 ,3 ,4 ,5 ,6 ,7 ,8 ,9 ,10 ,11 ,12 ,13 ,14 ,15 ,16 ,17 ,18 ,19 ,20 ,21 ,22 ,23 ,24 ,25 ,26 ,27 ,28 ,29 ,30 ,31 ,1 ,2 ,3 ,4 ,5 ,6 ,7 ,8 ,9 ,10 ,11 ,12 ,13 ,14 ,15 ,16 ,17 ,18 ,19 ,20 ,21 ,22 ,23 ,24 ,25 ,26 ,27 ,28 ,29 ,30 ,1 ,2 ,3 ,4 ,5 ,6 ,7 ,8 ,9 ,10 ,11 ,12 ,13 ,14 ,15 ,16 ,17 ,18 ,19 ,20 ,21 ,22 ,23 ,24 ,25 ,26 ,27 ,28 ,29 ,30 ,31 ,1 ,2 ,3 ,4 ,5 ,6 ,7 ,8 ,9 ,10 ,11 ,12 ,13 ,14 ,15 ,16 ,17 ,18 ,19 ,20 ,21 ,22 ,23 ,24 ,25 ,26 ,27 ,28 ,29 ,30 ,,,,,,,,,,,,,,,,,,,,,,,,,,,,,,,
85 ,,,,,,,#,#VALUE!,#VALUE!,#VALUE!,#VALUE!,#VALUE!,#VALUE!,#,#VALUE!,#VALUE!,#VALUE!,#VALUE!,#VALUE!,#VALUE!,#,#VALUE!,#VALUE!,#VALUE!,#VALUE!,#VALUE!,#VALUE!,#,#VALUE!,#VALUE!,#VALUE!,#VALUE!,#VALUE!,#VALUE!,#,#VALUE!,#VALUE!,#VALUE!,#VALUE!,#VALUE!,#VALUE!,#,#VALUE!,#VALUE!,#VALUE!,#VALUE!,#VALUE!,#VALUE!,#,#VALUE!,#VALUE!,#VALUE!,#VALUE!,#VALUE!,#VALUE!,#,#VALUE!,#VALUE!,#VALUE!,#VALUE!,#VALUE!,#VALUE!,#,#VALUE!,#VALUE!,#VALUE!,#VALUE!,#VALUE!,#VALUE!,#,#VALUE!,#VALUE!,#VALUE!,#VALUE!,#VALUE!,#VALUE!,#,#VALUE!,#VALUE!,#VALUE!,#VALUE!,#VALUE!,#VALUE!,#,#VALUE!,#VALUE!,#VALUE!,#VALUE!,#VALUE!,#VALUE!,#,#VALUE!,#VALUE!,#VALUE!,#VALUE!,#VALUE!,#VALUE!,#,#VALUE!,#VALUE!,#VALUE!,#VALUE!,#VALUE!,#VALUE!,#,#VALUE!,,,,,,0 ,0.3 ,0.6 ,0.9 ,1.1 ,1.4 ,1.7 ,2 ,2.6 ,3.1 ,3.7 ,4.3 ,4.9 ,5.4 ,6 ,8.3 ,10.6 ,12.9 ,15.1 ,17.4 ,19.7 ,22 ,23.7 ,25.4 ,27.1 ,28.9 ,30.6 ,32.3 ,34 ,35.7 ,37.4 ,39.1 ,40.9 ,42.6 ,44.3 ,46 ,48.1 ,50.3 ,52.4 ,54.6 ,56.7 ,58.9 ,61 ,63.0 ,65.0 ,67.0 ,69.0 ,71.0 ,73.0 ,75 ,76.1 ,77.3 ,78.4 ,79.6 ,80.7 ,81.9 ,83 ,83.9 ,84.7 ,85.6 ,86.4 ,87.3 ,88.1 ,89 ,89.7 ,90.4 ,91.1 ,91.9 ,92.6 ,93.3 ,94 ,94.3 ,94.6 ,94.9 ,95.1 ,95.4 ,#VALUE!,96 ,96.0 ,96.0 ,96.0 ,96.0 ,#VALUE!,#VALUE!,96 ,96.1 ,96.3 ,96.4 ,#VALUE!,#VALUE!,#VALUE!,97 ,97.3 ,97.6 ,#VALUE!,#VALUE!,#VALUE!,#VALUE!,99 ,99.1 ,#VALUE!,#VALUE!,#VALUE!,#VALUE!,#VALUE!,100 ,#VALUE!,#VALUE!,#VALUE!,#VALUE!,#VALUE!,#VALUE!,#,#VALUE!,#VALUE!,#VALUE!,#VALUE!,#VALUE!,#VALUE!,#,,,,,,,,,,,,,,,,,,,,,,,,,,,,,,,,,,,,,,,,,,,,
86 ,,,,,,#,#VALUE!,#VALUE!,#VALUE!,#VALUE!,#VALUE!,#VALUE!,#,#VALUE!,#VALUE!,#VALUE!,#VALUE!,#VALUE!,#VALUE!,#,#VALUE!,#VALUE!,#VALUE!,#VALUE!,#VALUE!,#VALUE!,#,#VALUE!,#VALUE!,#VALUE!,#VALUE!,#VALUE!,#VALUE!,#,#VALUE!,#VALUE!,#VALUE!,#VALUE!,#VALUE!,#VALUE!,#,#VALUE!,#VALUE!,#VALUE!,#VALUE!,#VALUE!,#VALUE!,#,#VALUE!,#VALUE!,#VALUE!,#VALUE!,#VALUE!,#VALUE!,#,#VALUE!,#VALUE!,#VALUE!,#VALUE!,#VALUE!,#VALUE!,#,#VALUE!,#VALUE!,#VALUE!,#VALUE!,#VALUE!,#VALUE!,#,#VALUE!,#VALUE!,#VALUE!,#VALUE!,#VALUE!,#VALUE!,#,#VALUE!,#VALUE!,#VALUE!,#VALUE!,#VALUE!,#VALUE!,#,#VALUE!,#VALUE!,#VALUE!,#VALUE!,#VALUE!,#VALUE!,#,#VALUE!,#VALUE!,#VALUE!,#VALUE!,#VALUE!,#VALUE!,#,#VALUE!,#VALUE!,#VALUE!,#VALUE!,#VALUE!,#VALUE!,#,#VALUE!,#VALUE!,#VALUE!,#VALUE!,#VALUE!,#VALUE!,#,#VALUE!,,,,,,0 ,0.4 ,0.9 ,1.3 ,1.7 ,2.1 ,2.6 ,3 ,4.4 ,5.9 ,7.3 ,8.7 ,10.1 ,11.6 ,13 ,14.7 ,16.4 ,18.1 ,19.9 ,21.6 ,23.3 ,25 ,27.9 ,30.7 ,33.6 ,36.4 ,39.3 ,42.1 ,45 ,48.1 ,51.3 ,54.4 ,57.6 ,60.7 ,63.9 ,67 ,68.6 ,70.1 ,71.7 ,73.3 ,74.9 ,76.4 ,78 ,79.1 ,80.3 ,81.4 ,82.6 ,83.7 ,84.9 ,86 ,86.3 ,86.6 ,86.9 ,87.1 ,87.4 ,87.7 ,88 ,88.3 ,88.6 ,88.9 ,89.1 ,89.4 ,89.7 ,90 ,90.1 ,90.3 ,90.4 ,90.6 ,90.7 ,#VALUE!,91 ,91.3 ,91.6 ,91.9 ,92.1 ,#VALUE!,#VALUE!,93 ,93.6 ,94.1 ,94.7 ,#VALUE!,#VALUE!,#VALUE!,97 ,97.3 ,97.6 ,#VALUE!,#VALUE!,#VALUE!,#VALUE!,99 ,99.1 ,#VALUE!,#VALUE!,#VALUE!,#VALUE!,#VALUE!,100 ,#VALUE!,#VALUE!,#VALUE!,#VALUE!,#VALUE!,#VALUE!,#,#VALUE!,#VALUE!,#VALUE!,#VALUE!,#VALUE!,#VALUE!,#,,,,,,,,,,,,,,,,,,,,,,,,,,,,,,,,,,,,,,,,,,,,,
87 ,,,,,#,#VALUE!,#VALUE!,#VALUE!,#VALUE!,#VALUE!,#VALUE!,#,#VALUE!,#VALUE!,#VALUE!,#VALUE!,#VALUE!,#VALUE!,#,#VALUE!,#VALUE!,#VALUE!,#VALUE!,#VALUE!,#VALUE!,#,#VALUE!,#VALUE!,#VALUE!,#VALUE!,#VALUE!,#VALUE!,#,#VALUE!,#VALUE!,#VALUE!,#VALUE!,#VALUE!,#VALUE!,#,#VALUE!,#VALUE!,#VALUE!,#VALUE!,#VALUE!,#VALUE!,#,#VALUE!,#VALUE!,#VALUE!,#VALUE!,#VALUE!,#VALUE!,#,#VALUE!,#VALUE!,#VALUE!,#VALUE!,#VALUE!,#VALUE!,#,#VALUE!,#VALUE!,#VALUE!,#VALUE!,#VALUE!,#VALUE!,#,#VALUE!,#VALUE!,#VALUE!,#VALUE!,#VALUE!,#VALUE!,#,#VALUE!,#VALUE!,#VALUE!,#VALUE!,#VALUE!,#VALUE!,#,#VALUE!,#VALUE!,#VALUE!,#VALUE!,#VALUE!,#VALUE!,#,#VALUE!,#VALUE!,#VALUE!,#VALUE!,#VALUE!,#VALUE!,#,#VALUE!,#VALUE!,#VALUE!,#VALUE!,#VALUE!,#VALUE!,#,#VALUE!,,,,,,0 ,0.1 ,0.3 ,0.4 ,0.6 ,0.7 ,0.9 ,1 ,1.9 ,2.7 ,3.6 ,4.4 ,5.3 ,6.1 ,7 ,9.6 ,12.1 ,14.7 ,17.3 ,19.9 ,22.4 ,25 ,28.7 ,32.4 ,36.1 ,39.9 ,43.6 ,47.3 ,51 ,54.0 ,57.0 ,60.0 ,63.0 ,66.0 ,69.0 ,72 ,73.9 ,75.7 ,77.6 ,79.4 ,81.3 ,83.1 ,85 ,86.6 ,88.1 ,89.7 ,91.3 ,92.9 ,94.4 ,96 ,96.3 ,96.6 ,96.9 ,97.1 ,97.4 ,97.7 ,98 ,98.1 ,98.3 ,98.4 ,98.6 ,98.7 ,98.9 ,99 ,99.1 ,99.3 ,99.4 ,99.6 ,99.7 ,99.9 ,100 ,100.0 ,100.0 ,100.0 ,100.0 ,100.0 ,#VALUE!,100 ,100.0 ,100.0 ,100.0 ,100.0 ,#VALUE!,#VALUE!,100 ,100.0 ,100.0 ,100.0 ,#VALUE!,#VALUE!,#VALUE!,100 ,100.0 ,100.0 ,#VALUE!,#VALUE!,#VALUE!,#VALUE!,100 ,100.0 ,#VALUE!,#VALUE!,#VALUE!,#VALUE!,#VALUE!,100 ,#VALUE!,#VALUE!,#VALUE!,#VALUE!,#VALUE!,#VALUE!,#,#VALUE!,#VALUE!,#VALUE!,#VALUE!,#VALUE!,#VALUE!,#,,,,,,,,,,,,,,,,,,,,,,,,,,,,,,,,,,,,,,,,,,,,,,
88 ,,,#,#VALUE!,#VALUE!,#VALUE!,#VALUE!,#VALUE!,#VALUE!,#,#VALUE!,#VALUE!,#VALUE!,#VALUE!,#VALUE!,#VALUE!,#,#VALUE!,#VALUE!,#VALUE!,#VALUE!,#VALUE!,#VALUE!,#,#VALUE!,#VALUE!,#VALUE!,#VALUE!,#VALUE!,#VALUE!,#,#VALUE!,#VALUE!,#VALUE!,#VALUE!,#VALUE!,#VALUE!,#,#VALUE!,#VALUE!,#VALUE!,#VALUE!,#VALUE!,#VALUE!,#,#VALUE!,#VALUE!,#VALUE!,#VALUE!,#VALUE!,#VALUE!,#,#VALUE!,#VALUE!,#VALUE!,#VALUE!,#VALUE!,#VALUE!,#,#VALUE!,#VALUE!,#VALUE!,#VALUE!,#VALUE!,#VALUE!,#,#VALUE!,#VALUE!,#VALUE!,#VALUE!,#VALUE!,#VALUE!,#,#VALUE!,#VALUE!,#VALUE!,#VALUE!,#VALUE!,#VALUE!,#,#VALUE!,#VALUE!,#VALUE!,#VALUE!,#VALUE!,#VALUE!,#,#VALUE!,#VALUE!,#VALUE!,#VALUE!,#VALUE!,#VALUE!,0 ,0.1 ,0.3 ,0.4 ,0.6 ,0.7 ,0.9 ,1 ,1.3 ,1.6 ,1.9 ,2.1 ,2.4 ,2.7 ,3 ,5.4 ,7.9 ,10.3 ,12.7 ,15.1 ,17.6 ,20 ,24.6 ,29.1 ,33.7 ,38.3 ,42.9 ,47.4 ,52 ,55.7 ,59.4 ,63.1 ,66.9 ,70.6 ,74.3 ,78 ,79.6 ,81.1 ,82.7 ,84.3 ,85.9 ,87.4 ,89 ,89.9 ,90.7 ,91.6 ,92.4 ,93.3 ,94.1 ,95 ,95.6 ,96.1 ,96.7 ,97.3 ,97.9 ,98.4 ,99 ,99.0 ,99.0 ,99.0 ,99.0 ,99.0 ,99.0 ,99 ,99.1 ,99.3 ,99.4 ,99.6 ,99.7 ,99.9 ,100 ,100.0 ,100.0 ,100.0 ,100.0 ,100.0 ,100.0 ,100 ,100.0 ,100.0 ,100.0 ,100.0 ,100.0 ,100.0 ,100 ,100.0 ,100.0 ,100.0 ,100.0 ,100.0 ,100.0 ,100 ,100.0 ,100.0 ,100.0 ,100.0 ,100.0 ,#VALUE!,100 ,100.0 ,100.0 ,100.0 ,100.0 ,#VALUE!,#VALUE!,100 ,100.0 ,100.0 ,100.0 ,#VALUE!,#VALUE!,#VALUE!,100 ,100.0 ,100.0 ,#VALUE!,#VALUE!,#VALUE!,#VALUE!,100 ,100.0 ,#VALUE!,#VALUE!,#VALUE!,#VALUE!,#VALUE!,100 ,#VALUE!,#VALUE!,#VALUE!,#VALUE!,#VALUE!,#VALUE!,#,,,,,,,,,,,,,,,,,,,,,,,,,,,,,,,,,,,,,,,,,,,,,,,,
89 ,,#,#VALUE!,#VALUE!,#VALUE!,#VALUE!,#VALUE!,#VALUE!,#,#VALUE!,#VALUE!,#VALUE!,#VALUE!,#VALUE!,#VALUE!,#,#VALUE!,#VALUE!,#VALUE!,#VALUE!,#VALUE!,#VALUE!,#,#VALUE!,#VALUE!,#VALUE!,#VALUE!,#VALUE!,#VALUE!,#,#VALUE!,#VALUE!,#VALUE!,#VALUE!,#VALUE!,#VALUE!,#,#VALUE!,#VALUE!,#VALUE!,#VALUE!,#VALUE!,#VALUE!,#,#VALUE!,#VALUE!,#VALUE!,#VALUE!,#VALUE!,#VALUE!,#,#VALUE!,#VALUE!,#VALUE!,#VALUE!,#VALUE!,#VALUE!,#,#VALUE!,#VALUE!,#VALUE!,#VALUE!,#VALUE!,#VALUE!,#,#VALUE!,#VALUE!,#VALUE!,#VALUE!,#VALUE!,#VALUE!,#,#VALUE!,#VALUE!,#VALUE!,#VALUE!,#VALUE!,#VALUE!,#,#VALUE!,#VALUE!,#VALUE!,#VALUE!,#VALUE!,#VALUE!,#,#VALUE!,#VALUE!,#VALUE!,#VALUE!,#VALUE!,#VALUE!,#,#VALUE!,#VALUE!,#VALUE!,#VALUE!,#VALUE!,#VALUE!,#,,,,,,,0 ,0.1 ,0.3 ,0.4 ,0.6 ,0.7 ,0.9 ,1 ,2.0 ,3.0 ,4.0 ,5.0 ,6.0 ,7.0 ,8 ,11.4 ,14.9 ,18.3 ,21.7 ,25.1 ,28.6 ,32 ,36.4 ,40.9 ,45.3 ,49.7 ,54.1 ,58.6 ,63 ,65.9 ,68.7 ,71.6 ,74.4 ,77.3 ,80.1 ,83 ,84.6 ,86.1 ,87.7 ,89.3 ,90.9 ,92.4 ,94 ,94.4 ,94.9 ,95.3 ,95.7 ,96.1 ,96.6 ,97 ,97.3 ,97.6 ,97.9 ,98.1 ,98.4 ,98.7 ,99 ,99.1 ,99.3 ,99.4 ,99.6 ,99.7 ,99.9 ,100 ,100.0 ,100.0 ,100.0 ,100.0 ,100.0 ,100.0 ,100 ,100.0 ,100.0 ,100.0 ,100.0 ,100.0 ,100.0 ,100 ,100.0 ,100.0 ,100.0 ,100.0 ,100.0 ,#VALUE!,100 ,100.0 ,100.0 ,100.0 ,100.0 ,#VALUE!,#VALUE!,100 ,100.0 ,100.0 ,100.0 ,#VALUE!,#VALUE!,#VALUE!,100 ,100.0 ,100.0 ,#VALUE!,#VALUE!,#VALUE!,#VALUE!,100 ,100.0 ,#VALUE!,#VALUE!,#VALUE!,#VALUE!,#VALUE!,100 ,#VALUE!,#VALUE!,#VALUE!,#VALUE!,#VALUE!,#VALUE!,#,,,,,,,,,,,,,,,,,,,,,,,,,,,,,,,,,,,,,,,,,,,,,,,,,
90 ,#,#VALUE!,#VALUE!,#VALUE!,#VALUE!,#VALUE!,#VALUE!,#,#VALUE!,#VALUE!,#VALUE!,#VALUE!,#VALUE!,#VALUE!,#,#VALUE!,#VALUE!,#VALUE!,#VALUE!,#VALUE!,#VALUE!,#,#VALUE!,#VALUE!,#VALUE!,#VALUE!,#VALUE!,#VALUE!,#,#VALUE!,#VALUE!,#VALUE!,#VALUE!,#VALUE!,#VALUE!,#,#VALUE!,#VALUE!,#VALUE!,#VALUE!,#VALUE!,#VALUE!,#,#VALUE!,#VALUE!,#VALUE!,#VALUE!,#VALUE!,#VALUE!,#,#VALUE!,#VALUE!,#VALUE!,#VALUE!,#VALUE!,#VALUE!,#,#VALUE!,#VALUE!,#VALUE!,#VALUE!,#VALUE!,#VALUE!,#,#VALUE!,#VALUE!,#VALUE!,#VALUE!,#VALUE!,#VALUE!,#,#VALUE!,#VALUE!,#VALUE!,#VALUE!,#VALUE!,#VALUE!,#,#VALUE!,#VALUE!,#VALUE!,#VALUE!,#VALUE!,#VALUE!,#,#VALUE!,#VALUE!,#VALUE!,#VALUE!,#VALUE!,#VALUE!,#,#VALUE!,#VALUE!,#VALUE!,#VALUE!,#VALUE!,#VALUE!,#,#VALUE!,#VALUE!,#VALUE!,#VALUE!,#VALUE!,#VALUE!,#,#VALUE!,,,,,,0 ,0.3 ,0.6 ,0.9 ,1.1 ,1.4 ,1.7 ,2 ,3.7 ,5.4 ,7.1 ,8.9 ,10.6 ,12.3 ,14 ,17.7 ,21.4 ,25.1 ,28.9 ,32.6 ,36.3 ,40 ,43.1 ,46.3 ,49.4 ,52.6 ,55.7 ,58.9 ,62 ,64.1 ,66.3 ,68.4 ,70.6 ,72.7 ,74.9 ,77 ,79.3 ,81.6 ,83.9 ,86.1 ,88.4 ,90.7 ,93 ,93.7 ,94.4 ,95.1 ,95.9 ,96.6 ,97.3 ,98 ,98.3 ,98.6 ,98.9 ,99.1 ,99.4 ,99.7 ,100 ,100.0 ,100.0 ,100.0 ,100.0 ,100.0 ,100.0 ,100 ,100.0 ,100.0 ,100.0 ,100.0 ,100.0 ,100.0 ,100 ,100.0 ,100.0 ,100.0 ,100.0 ,100.0 ,#VALUE!,100 ,100.0 ,100.0 ,100.0 ,100.0 ,#VALUE!,#VALUE!,100 ,100.0 ,100.0 ,100.0 ,#VALUE!,#VALUE!,#VALUE!,100 ,100.0 ,100.0 ,#VALUE!,#VALUE!,#VALUE!,#VALUE!,100 ,100.0 ,#VALUE!,#VALUE!,#VALUE!,#VALUE!,#VALUE!,100 ,#VALUE!,#VALUE!,#VALUE!,#VALUE!,#VALUE!,#VALUE!,#,,,,,,,,,,,,,,,,,,,,,,,,,,,,,,,,,,,,,,,,,,,,,,,,,,
91 ,,,,,,,#,#VALUE!,#VALUE!,#VALUE!,#VALUE!,#VALUE!,#VALUE!,#,#VALUE!,#VALUE!,#VALUE!,#VALUE!,#VALUE!,#VALUE!,#,#VALUE!,#VALUE!,#VALUE!,#VALUE!,#VALUE!,#VALUE!,#,#VALUE!,#VALUE!,#VALUE!,#VALUE!,#VALUE!,#VALUE!,#,#VALUE!,#VALUE!,#VALUE!,#VALUE!,#VALUE!,#VALUE!,#,#VALUE!,#VALUE!,#VALUE!,#VALUE!,#VALUE!,#VALUE!,#,#VALUE!,#VALUE!,#VALUE!,#VALUE!,#VALUE!,#VALUE!,#,#VALUE!,#VALUE!,#VALUE!,#VALUE!,#VALUE!,#VALUE!,#,#VALUE!,#VALUE!,#VALUE!,#VALUE!,#VALUE!,#VALUE!,#,#VALUE!,#VALUE!,#VALUE!,#VALUE!,#VALUE!,#VALUE!,#,#VALUE!,#VALUE!,#VALUE!,#VALUE!,#VALUE!,#VALUE!,#,#VALUE!,#VALUE!,#VALUE!,#VALUE!,#VALUE!,#VALUE!,#,#VALUE!,#VALUE!,#VALUE!,#VALUE!,#VALUE!,#VALUE!,#,#VALUE!,#VALUE!,#VALUE!,#VALUE!,#VALUE!,#VALUE!,#,#VALUE!,,,,,,0 ,0.6 ,1.1 ,1.7 ,2.3 ,2.9 ,3.4 ,4 ,6.3 ,8.6 ,10.9 ,13.1 ,15.4 ,17.7 ,20 ,23.9 ,27.7 ,31.6 ,35.4 ,39.3 ,43.1 ,47 ,50.6 ,54.1 ,57.7 ,61.3 ,64.9 ,68.4 ,72 ,74.3 ,76.6 ,78.9 ,81.1 ,83.4 ,85.7 ,88 ,89.1 ,90.3 ,91.4 ,92.6 ,93.7 ,94.9 ,96 ,96.4 ,96.9 ,97.3 ,97.7 ,98.1 ,98.6 ,99 ,99.1 ,99.3 ,99.4 ,99.6 ,99.7 ,99.9 ,100 ,100.0 ,100.0 ,100.0 ,100.0 ,100.0 ,100.0 ,100 ,100.0 ,100.0 ,100.0 ,100.0 ,100.0 ,100.0 ,100 ,100.0 ,100.0 ,100.0 ,100.0 ,100.0 ,#VALUE!,100 ,100.0 ,100.0 ,100.0 ,100.0 ,#VALUE!,#VALUE!,100 ,100.0 ,100.0 ,100.0 ,#VALUE!,#VALUE!,#VALUE!,100 ,100.0 ,100.0 ,#VALUE!,#VALUE!,#VALUE!,#VALUE!,100 ,100.0 ,#VALUE!,#VALUE!,#VALUE!,#VALUE!,#VALUE!,100 ,#VALUE!,#VALUE!,#VALUE!,#VALUE!,#VALUE!,#VALUE!,#,#VALUE!,#VALUE!,#VALUE!,#VALUE!,#VALUE!,#VALUE!,#,,,,,,,,,,,,,,,,,,,,,,,,,,,,,,,,,,,,,,,,,,,,
92 ,,,,,#,#VALUE!,#VALUE!,#VALUE!,#VALUE!,#VALUE!,#VALUE!,#,#VALUE!,#VALUE!,#VALUE!,#VALUE!,#VALUE!,#VALUE!,#,#VALUE!,#VALUE!,#VALUE!,#VALUE!,#VALUE!,#VALUE!,#,#VALUE!,#VALUE!,#VALUE!,#VALUE!,#VALUE!,#VALUE!,#,#VALUE!,#VALUE!,#VALUE!,#VALUE!,#VALUE!,#VALUE!,#,#VALUE!,#VALUE!,#VALUE!,#VALUE!,#VALUE!,#VALUE!,#,#VALUE!,#VALUE!,#VALUE!,#VALUE!,#VALUE!,#VALUE!,#,#VALUE!,#VALUE!,#VALUE!,#VALUE!,#VALUE!,#VALUE!,#,#VALUE!,#VALUE!,#VALUE!,#VALUE!,#VALUE!,#VALUE!,#,#VALUE!,#VALUE!,#VALUE!,#VALUE!,#VALUE!,#VALUE!,#,#VALUE!,#VALUE!,#VALUE!,#VALUE!,#VALUE!,#VALUE!,#,#VALUE!,#VALUE!,#VALUE!,#VALUE!,#VALUE!,#VALUE!,#,#VALUE!,#VALUE!,#VALUE!,#VALUE!,#VALUE!,#VALUE!,#,#VALUE!,#VALUE!,#VALUE!,#VALUE!,#VALUE!,#VALUE!,#,#VALUE!,#VALUE!,#VALUE!,#VALUE!,#VALUE!,#VALUE!,#,#VALUE!,#VALUE!,#VALUE!,#VALUE!,#VALUE!,#VALUE!,0 , ,#VALUE!,#VALUE!,#VALUE!,#VALUE!,#VALUE!,0 ,0.1 ,0.3 ,0.4 ,0.6 ,0.7 ,0.9 ,1 ,2.3 ,3.6 ,4.9 ,6.1 ,7.4 ,8.7 ,10 ,12.7 ,15.4 ,18.1 ,20.9 ,23.6 ,26.3 ,29 ,29.9 ,30.7 ,31.6 ,32.4 ,33.3 ,34.1 ,35 ,37.1 ,39.3 ,41.4 ,43.6 ,45.7 ,47.9 ,50 ,51.6 ,53.1 ,54.7 ,56.3 ,57.9 ,59.4 ,61 ,62.9 ,64.7 ,66.6 ,68.4 ,70.3 ,72.1 ,74 ,76.7 ,79.4 ,82.1 ,84.9 ,87.6 ,90.3 ,93 ,93.6 ,94.1 ,94.7 ,95.3 ,95.9 ,#VALUE!,97 ,97.3 ,97.6 ,97.9 ,98.1 ,#VALUE!,#VALUE!,99 ,99.1 ,99.3 ,99.4 ,#VALUE!,#VALUE!,#VALUE!,100 ,100.0 ,100.0 ,#VALUE!,#VALUE!,#VALUE!,#VALUE!,100 ,100.0 ,#VALUE!,#VALUE!,#VALUE!,#VALUE!,#VALUE!,100 ,#VALUE!,#VALUE!,#VALUE!,#VALUE!,#VALUE!,#VALUE!,#,#VALUE!,#VALUE!,#VALUE!,#VALUE!,#VALUE!,#VALUE!,#,,,,,,,,,,,,,,,,,,,,,,,,,,,,,,,,,,,,,,,,,,,,,,
93 ,,,,#,#VALUE!,#VALUE!,#VALUE!,#VALUE!,#VALUE!,#VALUE!,#,#VALUE!,#VALUE!,#VALUE!,#VALUE!,#VALUE!,#VALUE!,#,#VALUE!,#VALUE!,#VALUE!,#VALUE!,#VALUE!,#VALUE!,#,#VALUE!,#VALUE!,#VALUE!,#VALUE!,#VALUE!,#VALUE!,#,#VALUE!,#VALUE!,#VALUE!,#VALUE!,#VALUE!,#VALUE!,#,#VALUE!,#VALUE!,#VALUE!,#VALUE!,#VALUE!,#VALUE!,#,#VALUE!,#VALUE!,#VALUE!,#VALUE!,#VALUE!,#VALUE!,#,#VALUE!,#VALUE!,#VALUE!,#VALUE!,#VALUE!,#VALUE!,#,#VALUE!,#VALUE!,#VALUE!,#VALUE!,#VALUE!,#VALUE!,#,#VALUE!,#VALUE!,#VALUE!,#VALUE!,#VALUE!,#VALUE!,#,#VALUE!,#VALUE!,#VALUE!,#VALUE!,#VALUE!,#VALUE!,#,#VALUE!,#VALUE!,#VALUE!,#VALUE!,#VALUE!,#VALUE!,#,#VALUE!,#VALUE!,#VALUE!,#VALUE!,#VALUE!,#VALUE!,#,#VALUE!,#VALUE!,#VALUE!,#VALUE!,#VALUE!,#VALUE!,#,#VALUE!,#VALUE!,#VALUE!,#VALUE!,#VALUE!,#VALUE!,#,#VALUE!,#VALUE!,#VALUE!,#VALUE!,#VALUE!,#VALUE!,0 , ,#VALUE!,#VALUE!,#VALUE!,#VALUE!,#VALUE!,0 , ,#VALUE!,#VALUE!,#VALUE!,#VALUE!,#VALUE!,0 ,0.1 ,0.3 ,0.4 ,0.6 ,0.7 ,0.9 ,1 ,2.3 ,3.6 ,4.9 ,6.1 ,7.4 ,8.7 ,10 ,11.6 ,13.1 ,14.7 ,16.3 ,17.9 ,19.4 ,21 ,23.4 ,25.9 ,28.3 ,30.7 ,33.1 ,35.6 ,38 ,40.3 ,42.6 ,44.9 ,47.1 ,49.4 ,51.7 ,54 ,56.0 ,58.0 ,60.0 ,62.0 ,64.0 ,66.0 ,68 ,69.9 ,71.7 ,73.6 ,75.4 ,77.3 ,79.1 ,81 ,82.4 ,83.9 ,85.3 ,86.7 ,88.1 ,89.6 ,91 ,91.9 ,92.7 ,93.6 ,94.4 ,95.3 ,#VALUE!,97 ,97.3 ,97.6 ,97.9 ,98.1 ,#VALUE!,#VALUE!,99 ,99.1 ,99.3 ,99.4 ,#VALUE!,#VALUE!,#VALUE!,100 ,100.0 ,100.0 ,#VALUE!,#VALUE!,#VALUE!,#VALUE!,100 ,100.0 ,#VALUE!,#VALUE!,#VALUE!,#VALUE!,#VALUE!,100 ,#VALUE!,#VALUE!,#VALUE!,#VALUE!,#VALUE!,#VALUE!,#,,,,,,,,,,,,,,,,,,,,,,,,,,,,,,,,,,,,,,,,,,,,,,,
94 ,,,#,#VALUE!,#VALUE!,#VALUE!,#VALUE!,#VALUE!,#VALUE!,#,#VALUE!,#VALUE!,#VALUE!,#VALUE!,#VALUE!,#VALUE!,#,#VALUE!,#VALUE!,#VALUE!,#VALUE!,#VALUE!,#VALUE!,#,#VALUE!,#VALUE!,#VALUE!,#VALUE!,#VALUE!,#VALUE!,#,#VALUE!,#VALUE!,#VALUE!,#VALUE!,#VALUE!,#VALUE!,#,#VALUE!,#VALUE!,#VALUE!,#VALUE!,#VALUE!,#VALUE!,#,#VALUE!,#VALUE!,#VALUE!,#VALUE!,#VALUE!,#VALUE!,#,#VALUE!,#VALUE!,#VALUE!,#VALUE!,#VALUE!,#VALUE!,#,#VALUE!,#VALUE!,#VALUE!,#VALUE!,#VALUE!,#VALUE!,#,#VALUE!,#VALUE!,#VALUE!,#VALUE!,#VALUE!,#VALUE!,#,#VALUE!,#VALUE!,#VALUE!,#VALUE!,#VALUE!,#VALUE!,#,#VALUE!,#VALUE!,#VALUE!,#VALUE!,#VALUE!,#VALUE!,#,#VALUE!,#VALUE!,#VALUE!,#VALUE!,#VALUE!,#VALUE!,#,#VALUE!,#VALUE!,#VALUE!,#VALUE!,#VALUE!,#VALUE!,#,#VALUE!,#VALUE!,#VALUE!,#VALUE!,#VALUE!,#VALUE!,#,#VALUE!,,,,,,0 ,0.4 ,0.9 ,1.3 ,1.7 ,2.1 ,2.6 ,3 ,3.7 ,4.4 ,5.1 ,5.9 ,6.6 ,7.3 ,8 ,9.3 ,10.6 ,11.9 ,13.1 ,14.4 ,15.7 ,17 ,19.4 ,21.9 ,24.3 ,26.7 ,29.1 ,31.6 ,34 ,36.7 ,39.4 ,42.1 ,44.9 ,47.6 ,50.3 ,53 ,55.0 ,57.0 ,59.0 ,61.0 ,63.0 ,65.0 ,67 ,69.4 ,71.9 ,74.3 ,76.7 ,79.1 ,81.6 ,84 ,84.9 ,85.7 ,86.6 ,87.4 ,88.3 ,89.1 ,90 ,90.7 ,91.4 ,92.1 ,92.9 ,93.6 ,94.3 ,95 ,95.4 ,95.9 ,96.3 ,96.7 ,97.1 ,97.6 ,98 ,98.3 ,98.6 ,98.9 ,99.1 ,99.4 ,#VALUE!,100 ,100.0 ,100.0 ,100.0 ,100.0 ,#VALUE!,#VALUE!,100 ,100.0 ,100.0 ,100.0 ,#VALUE!,#VALUE!,#VALUE!,100 ,100.0 ,100.0 ,#VALUE!,#VALUE!,#VALUE!,#VALUE!,100 ,100.0 ,#VALUE!,#VALUE!,#VALUE!,#VALUE!,#VALUE!,100 ,#VALUE!,#VALUE!,#VALUE!,#VALUE!,#VALUE!,#VALUE!,#,,,,,,,,,,,,,,,,,,,,,,,,,,,,,,,,,,,,,,,,,,,,,,,,
95 ,,#,#VALUE!,#VALUE!,#VALUE!,#VALUE!,#VALUE!,#VALUE!,#,#VALUE!,#VALUE!,#VALUE!,#VALUE!,#VALUE!,#VALUE!,#,#VALUE!,#VALUE!,#VALUE!,#VALUE!,#VALUE!,#VALUE!,#,#VALUE!,#VALUE!,#VALUE!,#VALUE!,#VALUE!,#VALUE!,#,#VALUE!,#VALUE!,#VALUE!,#VALUE!,#VALUE!,#VALUE!,#,#VALUE!,#VALUE!,#VALUE!,#VALUE!,#VALUE!,#VALUE!,#,#VALUE!,#VALUE!,#VALUE!,#VALUE!,#VALUE!,#VALUE!,#,#VALUE!,#VALUE!,#VALUE!,#VALUE!,#VALUE!,#VALUE!,#,#VALUE!,#VALUE!,#VALUE!,#VALUE!,#VALUE!,#VALUE!,#,#VALUE!,#VALUE!,#VALUE!,#VALUE!,#VALUE!,#VALUE!,#,#VALUE!,#VALUE!,#VALUE!,#VALUE!,#VALUE!,#VALUE!,#,#VALUE!,#VALUE!,#VALUE!,#VALUE!,#VALUE!,#VALUE!,#,#VALUE!,#VALUE!,#VALUE!,#VALUE!,#VALUE!,#VALUE!,#,#VALUE!,#VALUE!,#VALUE!,#VALUE!,#VALUE!,#VALUE!,#,#VALUE!,#VALUE!,#VALUE!,#VALUE!,#VALUE!,#VALUE!,#,#VALUE!,#VALUE!,#VALUE!,#VALUE!,#VALUE!,#VALUE!,#,#VALUE!,,,,,,0 ,0.4 ,0.9 ,1.3 ,1.7 ,2.1 ,2.6 ,3 ,3.7 ,4.4 ,5.1 ,5.9 ,6.6 ,7.3 ,8 ,9.7 ,11.4 ,13.1 ,14.9 ,16.6 ,18.3 ,20 ,21.9 ,23.7 ,25.6 ,27.4 ,29.3 ,31.1 ,33 ,36.1 ,39.3 ,42.4 ,45.6 ,48.7 ,51.9 ,55 ,57.0 ,59.0 ,61.0 ,63.0 ,65.0 ,67.0 ,69 ,71.7 ,74.4 ,77.1 ,79.9 ,82.6 ,85.3 ,88 ,88.7 ,89.4 ,90.1 ,90.9 ,91.6 ,92.3 ,93 ,93.7 ,94.4 ,95.1 ,95.9 ,96.6 ,97.3 ,98 ,98.1 ,98.3 ,98.4 ,98.6 ,98.7 ,#VALUE!,99 ,99.1 ,99.3 ,99.4 ,99.6 ,#VALUE!,#VALUE!,100 ,100.0 ,100.0 ,100.0 ,#VALUE!,#VALUE!,#VALUE!,100 ,100.0 ,100.0 ,#VALUE!,#VALUE!,#VALUE!,#VALUE!,100 ,100.0 ,#VALUE!,#VALUE!,#VALUE!,#VALUE!,#VALUE!,100 ,#VALUE!,#VALUE!,#VALUE!,#VALUE!,#VALUE!,#VALUE!,#,,,,,,,,,,,,,,,,,,,,,,,,,,,,,,,,,,,,,,,,,,,,,,,,,
96 ,,,,,,,#,#VALUE!,#VALUE!,#VALUE!,#VALUE!,#VALUE!,#VALUE!,#,#VALUE!,#VALUE!,#VALUE!,#VALUE!,#VALUE!,#VALUE!,#,#VALUE!,#VALUE!,#VALUE!,#VALUE!,#VALUE!,#VALUE!,#,#VALUE!,#VALUE!,#VALUE!,#VALUE!,#VALUE!,#VALUE!,#,#VALUE!,#VALUE!,#VALUE!,#VALUE!,#VALUE!,#VALUE!,#,#VALUE!,#VALUE!,#VALUE!,#VALUE!,#VALUE!,#VALUE!,#,#VALUE!,#VALUE!,#VALUE!,#VALUE!,#VALUE!,#VALUE!,#,#VALUE!,#VALUE!,#VALUE!,#VALUE!,#VALUE!,#VALUE!,#,#VALUE!,#VALUE!,#VALUE!,#VALUE!,#VALUE!,#VALUE!,#,#VALUE!,#VALUE!,#VALUE!,#VALUE!,#VALUE!,#VALUE!,#,#VALUE!,#VALUE!,#VALUE!,#VALUE!,#VALUE!,#VALUE!,#,#VALUE!,#VALUE!,#VALUE!,#VALUE!,#VALUE!,#VALUE!,#,#VALUE!,#VALUE!,#VALUE!,#VALUE!,#VALUE!,#VALUE!,#,#VALUE!,#VALUE!,#VALUE!,#VALUE!,#VALUE!,#VALUE!,#,#VALUE!,#VALUE!,#VALUE!,#VALUE!,#VALUE!,#VALUE!,#,#VALUE!,#VALUE!,#VALUE!,#VALUE!,#VALUE!,#VALUE!,0 , , , , , , ,0 ,0.9 ,1.7 ,2.6 ,3.4 ,4.3 ,5.1 ,6 ,8.1 ,10.3 ,12.4 ,14.6 ,16.7 ,18.9 ,21 ,23.9 ,26.7 ,29.6 ,32.4 ,35.3 ,38.1 ,41 ,44.1 ,47.3 ,50.4 ,53.6 ,56.7 ,59.9 ,63 ,65.3 ,67.6 ,69.9 ,72.1 ,74.4 ,76.7 ,79 ,80.6 ,82.1 ,83.7 ,85.3 ,86.9 ,88.4 ,90 ,90.7 ,91.4 ,92.1 ,92.9 ,93.6 ,94.3 ,95 ,95.1 ,95.3 ,95.4 ,95.6 ,95.7 ,95.9 ,96 ,96.1 ,96.3 ,96.4 ,96.6 ,96.7 ,96.9 ,97 ,97.3 ,97.6 ,97.9 ,98.1 ,98.4 ,98.7 ,99 ,99.1 ,99.3 ,99.4 ,99.6 ,99.7 ,99.9 ,100 ,100.0 ,100.0 ,100.0 ,100.0 ,100.0 ,100.0 ,100 ,100.0 ,100.0 ,100.0 ,100.0 ,100.0 ,100.0 ,100 ,#VALUE!,#VALUE!,#VALUE!,#VALUE!,#VALUE!,#VALUE!,#,#VALUE!,#VALUE!,#VALUE!,#VALUE!,#VALUE!,#VALUE!,#,,,,,,,,,,,,,,,,,,,,,,,,,,,,,,,,,,,,,,,,,,,,
97 ,,,,,,#,#VALUE!,#VALUE!,#VALUE!,#VALUE!,#VALUE!,#VALUE!,#,#VALUE!,#VALUE!,#VALUE!,#VALUE!,#VALUE!,#VALUE!,#,#VALUE!,#VALUE!,#VALUE!,#VALUE!,#VALUE!,#VALUE!,#,#VALUE!,#VALUE!,#VALUE!,#VALUE!,#VALUE!,#VALUE!,#,#VALUE!,#VALUE!,#VALUE!,#VALUE!,#VALUE!,#VALUE!,#,#VALUE!,#VALUE!,#VALUE!,#VALUE!,#VALUE!,#VALUE!,#,#VALUE!,#VALUE!,#VALUE!,#VALUE!,#VALUE!,#VALUE!,#,#VALUE!,#VALUE!,#VALUE!,#VALUE!,#VALUE!,#VALUE!,#,#VALUE!,#VALUE!,#VALUE!,#VALUE!,#VALUE!,#VALUE!,#,#VALUE!,#VALUE!,#VALUE!,#VALUE!,#VALUE!,#VALUE!,#,#VALUE!,#VALUE!,#VALUE!,#VALUE!,#VALUE!,#VALUE!,#,#VALUE!,#VALUE!,#VALUE!,#VALUE!,#VALUE!,#VALUE!,#,#VALUE!,#VALUE!,#VALUE!,#VALUE!,#VALUE!,#VALUE!,#,#VALUE!,#VALUE!,#VALUE!,#VALUE!,#VALUE!,#VALUE!,#,#VALUE!,#VALUE!,#VALUE!,#VALUE!,#VALUE!,#VALUE!,#,#VALUE!,#VALUE!,#VALUE!,#VALUE!,#VALUE!,#VALUE!,0 , , , , , , ,0 ,0.7 ,1.4 ,2.1 ,2.9 ,3.6 ,4.3 ,5 ,6.6 ,8.1 ,9.7 ,11.3 ,12.9 ,14.4 ,16 ,18.9 ,21.7 ,24.6 ,27.4 ,30.3 ,33.1 ,36 ,40.7 ,45.4 ,50.1 ,54.9 ,59.6 ,64.3 ,69 ,71.0 ,73.0 ,75.0 ,77.0 ,79.0 ,81.0 ,83 ,84.6 ,86.1 ,87.7 ,89.3 ,90.9 ,92.4 ,94 ,94.4 ,94.9 ,95.3 ,95.7 ,96.1 ,96.6 ,97 ,97.3 ,97.6 ,97.9 ,98.1 ,98.4 ,98.7 ,99 ,99.1 ,99.3 ,99.4 ,99.6 ,99.7 ,99.9 ,100 ,100.0 ,100.0 ,100.0 ,100.0 ,100.0 ,100.0 ,100 ,100.0 ,100.0 ,100.0 ,100.0 ,100.0 ,100.0 ,100 ,100.0 ,100.0 ,100.0 ,100.0 ,100.0 ,100.0 ,100 ,100.0 ,100.0 ,100.0 ,100.0 ,100.0 ,100.0 ,100 ,#VALUE!,#VALUE!,#VALUE!,#VALUE!,#VALUE!,#VALUE!,#,#VALUE!,#VALUE!,#VALUE!,#VALUE!,#VALUE!,#VALUE!,#,,,,,,,,,,,,,,,,,,,,,,,,,,,,,,,,,,,,,,,,,,,,,
98 ,,,,,#,#VALUE!,#VALUE!,#VALUE!,#VALUE!,#VALUE!,#VALUE!,#,#VALUE!,#VALUE!,#VALUE!,#VALUE!,#VALUE!,#VALUE!,#,#VALUE!,#VALUE!,#VALUE!,#VALUE!,#VALUE!,#VALUE!,#,#VALUE!,#VALUE!,#VALUE!,#VALUE!,#VALUE!,#VALUE!,#,#VALUE!,#VALUE!,#VALUE!,#VALUE!,#VALUE!,#VALUE!,#,#VALUE!,#VALUE!,#VALUE!,#VALUE!,#VALUE!,#VALUE!,#,#VALUE!,#VALUE!,#VALUE!,#VALUE!,#VALUE!,#VALUE!,#,#VALUE!,#VALUE!,#VALUE!,#VALUE!,#VALUE!,#VALUE!,#,#VALUE!,#VALUE!,#VALUE!,#VALUE!,#VALUE!,#VALUE!,#,#VALUE!,#VALUE!,#VALUE!,#VALUE!,#VALUE!,#VALUE!,#,#VALUE!,#VALUE!,#VALUE!,#VALUE!,#VALUE!,#VALUE!,#,#VALUE!,#VALUE!,#VALUE!,#VALUE!,#VALUE!,#VALUE!,#,#VALUE!,#VALUE!,#VALUE!,#VALUE!,#VALUE!,#VALUE!,#,#VALUE!,#VALUE!,#VALUE!,#VALUE!,#VALUE!,#VALUE!,#,#VALUE!,#VALUE!,#VALUE!,#VALUE!,#VALUE!,#VALUE!,0 ,0.1 ,0.3 ,0.4 ,0.6 ,0.7 ,0.9 ,1 ,2.6 ,4.1 ,5.7 ,7.3 ,8.9 ,10.4 ,12 ,15.0 ,18.0 ,21.0 ,24.0 ,27.0 ,30.0 ,33 ,36.7 ,40.4 ,44.1 ,47.9 ,51.6 ,55.3 ,59 ,61.1 ,63.3 ,65.4 ,67.6 ,69.7 ,71.9 ,74 ,75.7 ,77.4 ,79.1 ,80.9 ,82.6 ,84.3 ,86 ,87.3 ,88.6 ,89.9 ,91.1 ,92.4 ,93.7 ,95 ,95.4 ,95.9 ,96.3 ,96.7 ,97.1 ,97.6 ,98 ,98.3 ,98.6 ,98.9 ,99.1 ,99.4 ,99.7 ,100 ,100.0 ,100.0 ,100.0 ,100.0 ,100.0 ,100.0 ,100 ,100.0 ,100.0 ,100.0 ,100.0 ,100.0 ,100.0 ,100 ,100.0 ,100.0 ,100.0 ,100.0 ,100.0 ,100.0 ,100 ,100.0 ,100.0 ,100.0 ,100.0 ,100.0 ,100.0 ,100 ,100.0 ,100.0 ,100.0 ,100.0 ,100.0 ,100.0 ,100 ,100.0 ,100.0 ,100.0 ,100.0 ,100.0 ,100.0 ,100 ,#VALUE!,#VALUE!,#VALUE!,#VALUE!,#VALUE!,#VALUE!,#,#VALUE!,#VALUE!,#VALUE!,#VALUE!,#VALUE!,#VALUE!,#,,,,,,,,,,,,,,,,,,,,,,,,,,,,,,,,,,,,,,,,,,,,,,
99 ,,,,#,#VALUE!,#VALUE!,#VALUE!,#VALUE!,#VALUE!,#VALUE!,#,#VALUE!,#VALUE!,#VALUE!,#VALUE!,#VALUE!,#VALUE!,#,#VALUE!,#VALUE!,#VALUE!,#VALUE!,#VALUE!,#VALUE!,#,#VALUE!,#VALUE!,#VALUE!,#VALUE!,#VALUE!,#VALUE!,#,#VALUE!,#VALUE!,#VALUE!,#VALUE!,#VALUE!,#VALUE!,#,#VALUE!,#VALUE!,#VALUE!,#VALUE!,#VALUE!,#VALUE!,#,#VALUE!,#VALUE!,#VALUE!,#VALUE!,#VALUE!,#VALUE!,#,#VALUE!,#VALUE!,#VALUE!,#VALUE!,#VALUE!,#VALUE!,#,#VALUE!,#VALUE!,#VALUE!,#VALUE!,#VALUE!,#VALUE!,#,#VALUE!,#VALUE!,#VALUE!,#VALUE!,#VALUE!,#VALUE!,#,#VALUE!,#VALUE!,#VALUE!,#VALUE!,#VALUE!,#VALUE!,#,#VALUE!,#VALUE!,#VALUE!,#VALUE!,#VALUE!,#VALUE!,#,#VALUE!,#VALUE!,#VALUE!,#VALUE!,#VALUE!,#VALUE!,#,#VALUE!,#VALUE!,#VALUE!,#VALUE!,#VALUE!,#VALUE!,#,#VALUE!,#VALUE!,#VALUE!,#VALUE!,#VALUE!,#VALUE!,#,#VALUE!,#VALUE!,#VALUE!,#VALUE!,#VALUE!,#VALUE!,#,#VALUE!,#VALUE!,#VALUE!,#VALUE!,#VALUE!,#VALUE!,3 ,4.4 ,5.9 ,7.3 ,8.7 ,10.1 ,11.6 ,13 ,13.7 ,14.4 ,15.1 ,15.9 ,16.6 ,17.3 ,18 ,20.7 ,23.4 ,26.1 ,28.9 ,31.6 ,34.3 ,37 ,39.4 ,41.9 ,44.3 ,46.7 ,49.1 ,51.6 ,54 ,54.7 ,55.4 ,56.1 ,56.9 ,57.6 ,58.3 ,59 ,59.7 ,60.4 ,61.1 ,61.9 ,62.6 ,63.3 ,64 ,65.7 ,67.4 ,69.1 ,70.9 ,72.6 ,74.3 ,76 ,78.0 ,80.0 ,82.0 ,84.0 ,86.0 ,88.0 ,90 ,90.7 ,91.4 ,92.1 ,92.9 ,93.6 ,94.3 ,95 ,95.3 ,95.6 ,95.9 ,96.1 ,96.4 ,96.7 ,97 ,97.4 ,97.9 ,98.3 ,98.7 ,99.1 ,99.6 ,100 ,100.0 ,100.0 ,100.0 ,100.0 ,100.0 ,100.0 ,100 ,100.0 ,100.0 ,100.0 ,100.0 ,100.0 ,100.0 ,100 ,#VALUE!,#VALUE!,#VALUE!,#VALUE!,#VALUE!,#VALUE!,#,#VALUE!,#VALUE!,#VALUE!,#VALUE!,#VALUE!,#VALUE!,#,,,,,,,,,,,,,,,,,,,,,,,,,,,,,,,,,,,,,,,,,,,,,,,
2000 ,,#,#VALUE!,#VALUE!,#VALUE!,#VALUE!,#VALUE!,#VALUE!,#,#VALUE!,#VALUE!,#VALUE!,#VALUE!,#VALUE!,#VALUE!,#,#VALUE!,#VALUE!,#VALUE!,#VALUE!,#VALUE!,#VALUE!,#,#VALUE!,#VALUE!,#VALUE!,#VALUE!,#VALUE!,#VALUE!,#,#VALUE!,#VALUE!,#VALUE!,#VALUE!,#VALUE!,#VALUE!,#,#VALUE!,#VALUE!,#VALUE!,#VALUE!,#VALUE!,#VALUE!,#,#VALUE!,#VALUE!,#VALUE!,#VALUE!,#VALUE!,#VALUE!,#,#VALUE!,#VALUE!,#VALUE!,#VALUE!,#VALUE!,#VALUE!,#,#VALUE!,#VALUE!,#VALUE!,#VALUE!,#VALUE!,#VALUE!,#,#VALUE!,#VALUE!,#VALUE!,#VALUE!,#VALUE!,#VALUE!,#,#VALUE!,#VALUE!,#VALUE!,#VALUE!,#VALUE!,#VALUE!,#,#VALUE!,#VALUE!,#VALUE!,#VALUE!,#VALUE!,#VALUE!,#,#VALUE!,#VALUE!,#VALUE!,#VALUE!,#VALUE!,#VALUE!,#,#VALUE!,#VALUE!,#VALUE!,#VALUE!,#VALUE!,#VALUE!,#,#VALUE!,#VALUE!,#VALUE!,#VALUE!,#VALUE!,#VALUE!,0 , , , , , , ,0 ,0.4 ,0.9 ,1.3 ,1.7 ,2.1 ,2.6 ,3 ,4.4 ,5.9 ,7.3 ,8.7 ,10.1 ,11.6 ,13 ,17.1 ,21.3 ,25.4 ,29.6 ,33.7 ,37.9 ,42 ,44.1 ,46.3 ,48.4 ,50.6 ,52.7 ,54.9 ,57 ,59.7 ,62.4 ,65.1 ,67.9 ,70.6 ,73.3 ,76 ,76.9 ,77.7 ,78.6 ,79.4 ,80.3 ,81.1 ,82 ,82.7 ,83.4 ,84.1 ,84.9 ,85.6 ,86.3 ,87 ,88.3 ,89.6 ,90.9 ,92.1 ,93.4 ,94.7 ,96 ,96.4 ,96.9 ,97.3 ,97.7 ,98.1 ,98.6 ,99 ,99.1 ,99.3 ,99.4 ,99.6 ,99.7 ,99.9 ,100 ,100.0 ,100.0 ,100.0 ,100.0 ,100.0 ,100.0 ,100 ,100.0 ,100.0 ,100.0 ,100.0 ,100.0 ,100.0 ,100 ,100.0 ,100.0 ,100.0 ,100.0 ,100.0 ,100.0 ,100 ,100.0 ,100.0 ,100.0 ,100.0 ,100.0 ,100.0 ,100 ,100.0 ,100.0 ,100.0 ,100.0 ,100.0 ,100.0 ,100 ,#VALUE!,#VALUE!,#VALUE!,#VALUE!,#VALUE!,#VALUE!,#,,,,,,,,,,,,,,,,,,,,,,,,,,,,,,,,,,,,,,,,,,,,,,,,,
01 ,#,#VALUE!,#VALUE!,#VALUE!,#VALUE!,#VALUE!,#VALUE!,#,#VALUE!,#VALUE!,#VALUE!,#VALUE!,#VALUE!,#VALUE!,#,#VALUE!,#VALUE!,#VALUE!,#VALUE!,#VALUE!,#VALUE!,#,#VALUE!,#VALUE!,#VALUE!,#VALUE!,#VALUE!,#VALUE!,#,#VALUE!,#VALUE!,#VALUE!,#VALUE!,#VALUE!,#VALUE!,#,#VALUE!,#VALUE!,#VALUE!,#VALUE!,#VALUE!,#VALUE!,#,#VALUE!,#VALUE!,#VALUE!,#VALUE!,#VALUE!,#VALUE!,#,#VALUE!,#VALUE!,#VALUE!,#VALUE!,#VALUE!,#VALUE!,#,#VALUE!,#VALUE!,#VALUE!,#VALUE!,#VALUE!,#VALUE!,#,#VALUE!,#VALUE!,#VALUE!,#VALUE!,#VALUE!,#VALUE!,#,#VALUE!,#VALUE!,#VALUE!,#VALUE!,#VALUE!,#VALUE!,#,#VALUE!,#VALUE!,#VALUE!,#VALUE!,#VALUE!,#VALUE!,#,#VALUE!,#VALUE!,#VALUE!,#VALUE!,#VALUE!,#VALUE!,#,#VALUE!,#VALUE!,#VALUE!,#VALUE!,#VALUE!,#VALUE!,#,#VALUE!,#VALUE!,#VALUE!,#VALUE!,#VALUE!,#VALUE!,#,#VALUE!,#VALUE!,#VALUE!,#VALUE!,#VALUE!,#VALUE!,#,#VALUE!,#VALUE!,#VALUE!,#VALUE!,#VALUE!,#VALUE!,0 ,0.6 ,1.1 ,1.7 ,2.3 ,2.9 ,3.4 ,4 ,6.9 ,9.7 ,12.6 ,15.4 ,18.3 ,21.1 ,24 ,27.4 ,30.9 ,34.3 ,37.7 ,41.1 ,44.6 ,48 ,51.3 ,54.6 ,57.9 ,61.1 ,64.4 ,67.7 ,71 ,73.9 ,76.7 ,79.6 ,82.4 ,85.3 ,88.1 ,91 ,91.9 ,92.7 ,93.6 ,94.4 ,95.3 ,96.1 ,97 ,97.4 ,97.9 ,98.3 ,98.7 ,99.1 ,99.6 ,100 ,100.0 ,100.0 ,100.0 ,100.0 ,100.0 ,100.0 ,100 ,100.0 ,100.0 ,100.0 ,100.0 ,100.0 ,100.0 ,100 ,100.0 ,100.0 ,100.0 ,100.0 ,100.0 ,100.0 ,100 ,100.0 ,100.0 ,100.0 ,100.0 ,100.0 ,100.0 ,100 ,100.0 ,100.0 ,100.0 ,100.0 ,100.0 ,100.0 ,100 ,100.0 ,100.0 ,100.0 ,100.0 ,100.0 ,100.0 ,100 ,100.0 ,100.0 ,100.0 ,100.0 ,100.0 ,100.0 ,100 ,#VALUE!,#VALUE!,#VALUE!,#VALUE!,#VALUE!,#VALUE!,#,,,,,,,,,,,,,,,,,,,,,,,,,,,,,,,,,,,,,,,,,,,,,,,,,,
02 ,,,,,,,#,#VALUE!,#VALUE!,#VALUE!,#VALUE!,#VALUE!,#VALUE!,#,#VALUE!,#VALUE!,#VALUE!,#VALUE!,#VALUE!,#VALUE!,#,#VALUE!,#VALUE!,#VALUE!,#VALUE!,#VALUE!,#VALUE!,#,#VALUE!,#VALUE!,#VALUE!,#VALUE!,#VALUE!,#VALUE!,#,#VALUE!,#VALUE!,#VALUE!,#VALUE!,#VALUE!,#VALUE!,#,#VALUE!,#VALUE!,#VALUE!,#VALUE!,#VALUE!,#VALUE!,#,#VALUE!,#VALUE!,#VALUE!,#VALUE!,#VALUE!,#VALUE!,#,#VALUE!,#VALUE!,#VALUE!,#VALUE!,#VALUE!,#VALUE!,#,#VALUE!,#VALUE!,#VALUE!,#VALUE!,#VALUE!,#VALUE!,#,#VALUE!,#VALUE!,#VALUE!,#VALUE!,#VALUE!,#VALUE!,#,#VALUE!,#VALUE!,#VALUE!,#VALUE!,#VALUE!,#VALUE!,#,#VALUE!,#VALUE!,#VALUE!,#VALUE!,#VALUE!,#VALUE!,#,#VALUE!,#VALUE!,#VALUE!,#VALUE!,#VALUE!,#VALUE!,#,#VALUE!,#VALUE!,#VALUE!,#VALUE!,#VALUE!,#VALUE!,#,#VALUE!,#VALUE!,#VALUE!,#VALUE!,#VALUE!,#VALUE!,#,#VALUE!,#VALUE!,#VALUE!,#VALUE!,#VALUE!,#VALUE!,2 ,2.6 ,3.1 ,3.7 ,4.3 ,4.9 ,5.4 ,6 ,8.0 ,10.0 ,12.0 ,14.0 ,16.0 ,18.0 ,20 ,22.1 ,24.3 ,26.4 ,28.6 ,30.7 ,32.9 ,35 ,36.7 ,38.4 ,40.1 ,41.9 ,43.6 ,45.3 ,47 ,48.9 ,50.7 ,52.6 ,54.4 ,56.3 ,58.1 ,60 ,61.3 ,62.6 ,63.9 ,65.1 ,66.4 ,67.7 ,69 ,72.0 ,75.0 ,78.0 ,81.0 ,84.0 ,87.0 ,90 ,90.9 ,91.7 ,92.6 ,93.4 ,94.3 ,95.1 ,96 ,96.6 ,97.1 ,97.7 ,98.3 ,98.9 ,99.4 ,100 ,100.0 ,100.0 ,100.0 ,100.0 ,100.0 ,100.0 ,100 ,100.0 ,100.0 ,100.0 ,100.0 ,100.0 ,100.0 ,100 ,100.0 ,100.0 ,100.0 ,100.0 ,100.0 ,100.0 ,100 ,100.0 ,100.0 ,100.0 ,100.0 ,100.0 ,100.0 ,100 ,100.0 ,100.0 ,100.0 ,100.0 ,100.0 ,100.0 ,100 ,#VALUE!,#VALUE!,#VALUE!,#VALUE!,#VALUE!,#VALUE!,#,#VALUE!,#VALUE!,#VALUE!,#VALUE!,#VALUE!,#VALUE!,#,,,,,,,,,,,,,,,,,,,,,,,,,,,,,,,,,,,,,,,,,,,,
03 ,,,,,,#,#VALUE!,#VALUE!,#VALUE!,#VALUE!,#VALUE!,#VALUE!,#,#VALUE!,#VALUE!,#VALUE!,#VALUE!,#VALUE!,#VALUE!,#,#VALUE!,#VALUE!,#VALUE!,#VALUE!,#VALUE!,#VALUE!,#,#VALUE!,#VALUE!,#VALUE!,#VALUE!,#VALUE!,#VALUE!,#,#VALUE!,#VALUE!,#VALUE!,#VALUE!,#VALUE!,#VALUE!,#,#VALUE!,#VALUE!,#VALUE!,#VALUE!,#VALUE!,#VALUE!,#,#VALUE!,#VALUE!,#VALUE!,#VALUE!,#VALUE!,#VALUE!,#,#VALUE!,#VALUE!,#VALUE!,#VALUE!,#VALUE!,#VALUE!,#,#VALUE!,#VALUE!,#VALUE!,#VALUE!,#VALUE!,#VALUE!,#,#VALUE!,#VALUE!,#VALUE!,#VALUE!,#VALUE!,#VALUE!,#,#VALUE!,#VALUE!,#VALUE!,#VALUE!,#VALUE!,#VALUE!,#,#VALUE!,#VALUE!,#VALUE!,#VALUE!,#VALUE!,#VALUE!,#,#VALUE!,#VALUE!,#VALUE!,#VALUE!,#VALUE!,#VALUE!,#,#VALUE!,#VALUE!,#VALUE!,#VALUE!,#VALUE!,#VALUE!,#,#VALUE!,#VALUE!,#VALUE!,#VALUE!,#VALUE!,#VALUE!,#,#VALUE!,#VALUE!,#VALUE!,#VALUE!,#VALUE!,#VALUE!,1 ,1.9 ,2.7 ,3.6 ,4.4 ,5.3 ,6.1 ,7 ,9.0 ,11.0 ,13.0 ,15.0 ,17.0 ,19.0 ,21 ,25.3 ,29.6 ,33.9 ,38.1 ,42.4 ,46.7 ,51 ,55.1 ,59.3 ,63.4 ,67.6 ,71.7 ,75.9 ,80 ,81.6 ,83.1 ,84.7 ,86.3 ,87.9 ,89.4 ,91 ,91.9 ,92.7 ,93.6 ,94.4 ,95.3 ,96.1 ,97 ,97.4 ,97.9 ,98.3 ,98.7 ,99.1 ,99.6 ,100 ,100.0 ,100.0 ,100.0 ,100.0 ,100.0 ,100.0 ,100 ,100.0 ,100.0 ,100.0 ,100.0 ,100.0 ,100.0 ,100 ,100.0 ,100.0 ,100.0 ,100.0 ,100.0 ,100.0 ,100 ,100.0 ,100.0 ,100.0 ,100.0 ,100.0 ,100.0 ,100 ,100.0 ,100.0 ,100.0 ,100.0 ,100.0 ,100.0 ,100 ,100.0 ,100.0 ,100.0 ,100.0 ,100.0 ,100.0 ,100 ,100.0 ,100.0 ,100.0 ,100.0 ,100.0 ,100.0 ,100 ,#VALUE!,#VALUE!,#VALUE!,#VALUE!,#VALUE!,#VALUE!,#,#VALUE!,#VALUE!,#VALUE!,#VALUE!,#VALUE!,#VALUE!,#,,,,,,,,,,,,,,,,,,,,,,,,,,,,,,,,,,,,,,,,,,,,,
04 ,,,,#,#VALUE!,#VALUE!,#VALUE!,#VALUE!,#VALUE!,#VALUE!,#,#VALUE!,#VALUE!,#VALUE!,#VALUE!,#VALUE!,#VALUE!,#,#VALUE!,#VALUE!,#VALUE!,#VALUE!,#VALUE!,#VALUE!,#,#VALUE!,#VALUE!,#VALUE!,#VALUE!,#VALUE!,#VALUE!,#,#VALUE!,#VALUE!,#VALUE!,#VALUE!,#VALUE!,#VALUE!,#,#VALUE!,#VALUE!,#VALUE!,#VALUE!,#VALUE!,#VALUE!,#,#VALUE!,#VALUE!,#VALUE!,#VALUE!,#VALUE!,#VALUE!,#,#VALUE!,#VALUE!,#VALUE!,#VALUE!,#VALUE!,#VALUE!,#,#VALUE!,#VALUE!,#VALUE!,#VALUE!,#VALUE!,#VALUE!,#,#VALUE!,#VALUE!,#VALUE!,#VALUE!,#VALUE!,#VALUE!,#,#VALUE!,#VALUE!,#VALUE!,#VALUE!,#VALUE!,#VALUE!,#,#VALUE!,#VALUE!,#VALUE!,#VALUE!,#VALUE!,#VALUE!,#,#VALUE!,#VALUE!,#VALUE!,#VALUE!,#VALUE!,#VALUE!,#,#VALUE!,#VALUE!,#VALUE!,#VALUE!,#VALUE!,#VALUE!,#,#VALUE!,#VALUE!,#VALUE!,#VALUE!,#VALUE!,#VALUE!,#,#VALUE!,,,,,,#,#VALUE!,#VALUE!,#VALUE!,#VALUE!,#VALUE!,#VALUE!,1 ,1.6 ,2.1 ,2.7 ,3.3 ,3.9 ,4.4 ,5 ,6.1 ,7.3 ,8.4 ,9.6 ,10.7 ,11.9 ,13 ,15.7 ,18.4 ,21.1 ,23.9 ,26.6 ,29.3 ,32 ,33.3 ,34.6 ,35.9 ,37.1 ,38.4 ,39.7 ,41 ,42.7 ,44.4 ,46.1 ,47.9 ,49.6 ,51.3 ,53 ,55.0 ,57.0 ,59.0 ,61.0 ,63.0 ,65.0 ,67 ,68.3 ,69.6 ,70.9 ,72.1 ,73.4 ,74.7 ,76 ,77.1 ,78.3 ,79.4 ,80.6 ,81.7 ,82.9 ,84 ,85.0 ,86.0 ,87.0 ,88.0 ,89.0 ,#VALUE!,91 ,91.7 ,92.4 ,93.1 ,93.9 ,#VALUE!,#VALUE!,96 ,96.3 ,96.6 ,96.9 ,#VALUE!,#VALUE!,#VALUE!,98 ,98.3 ,98.6 ,#VALUE!,#VALUE!,#VALUE!,#VALUE!,100 ,100.0 ,#VALUE!,#VALUE!,#VALUE!,#VALUE!,#VALUE!,100 ,#VALUE!,#VALUE!,#VALUE!,#VALUE!,#VALUE!,#VALUE!,#,#VALUE!,#VALUE!,#VALUE!,#VALUE!,#VALUE!,#VALUE!,#,,,,,,,,,,,,,,,,,,,,,,,,,,,,,,,,,,,,,,,,,,,,,,,
05 ,,,#,#VALUE!,#VALUE!,#VALUE!,#VALUE!,#VALUE!,#VALUE!,#,#VALUE!,#VALUE!,#VALUE!,#VALUE!,#VALUE!,#VALUE!,#,#VALUE!,#VALUE!,#VALUE!,#VALUE!,#VALUE!,#VALUE!,#,#VALUE!,#VALUE!,#VALUE!,#VALUE!,#VALUE!,#VALUE!,#,#VALUE!,#VALUE!,#VALUE!,#VALUE!,#VALUE!,#VALUE!,#,#VALUE!,#VALUE!,#VALUE!,#VALUE!,#VALUE!,#VALUE!,#,#VALUE!,#VALUE!,#VALUE!,#VALUE!,#VALUE!,#VALUE!,#,#VALUE!,#VALUE!,#VALUE!,#VALUE!,#VALUE!,#VALUE!,#,#VALUE!,#VALUE!,#VALUE!,#VALUE!,#VALUE!,#VALUE!,#,#VALUE!,#VALUE!,#VALUE!,#VALUE!,#VALUE!,#VALUE!,#,#VALUE!,#VALUE!,#VALUE!,#VALUE!,#VALUE!,#VALUE!,#,#VALUE!,#VALUE!,#VALUE!,#VALUE!,#VALUE!,#VALUE!,#,#VALUE!,#VALUE!,#VALUE!,#VALUE!,#VALUE!,#VALUE!,#,#VALUE!,#VALUE!,#VALUE!,#VALUE!,#VALUE!,#VALUE!,#,#VALUE!,#VALUE!,#VALUE!,#VALUE!,#VALUE!,#VALUE!,#,#VALUE!,,,,,,#,#VALUE!,#VALUE!,#VALUE!,#VALUE!,#VALUE!,#VALUE!,2 ,4.0 ,6.0 ,8.0 ,10.0 ,12.0 ,14.0 ,16 ,18.7 ,21.4 ,24.1 ,26.9 ,29.6 ,32.3 ,35 ,38.0 ,41.0 ,44.0 ,47.0 ,50.0 ,53.0 ,56 ,58.4 ,60.9 ,63.3 ,65.7 ,68.1 ,70.6 ,73 ,75.3 ,77.6 ,79.9 ,82.1 ,84.4 ,86.7 ,89 ,90.0 ,91.0 ,92.0 ,93.0 ,94.0 ,95.0 ,96 ,96.4 ,96.9 ,97.3 ,97.7 ,98.1 ,98.6 ,99 ,99.1 ,99.3 ,99.4 ,99.6 ,99.7 ,99.9 ,100 ,100.0 ,100.0 ,100.0 ,100.0 ,100.0 ,100.0 ,100 ,100.0 ,100.0 ,100.0 ,100.0 ,100.0 ,#VALUE!,100 ,100.0 ,100.0 ,100.0 ,100.0 ,#VALUE!,#VALUE!,100 ,100.0 ,100.0 ,100.0 ,#VALUE!,#VALUE!,#VALUE!,100 ,100.0 ,100.0 ,#VALUE!,#VALUE!,#VALUE!,#VALUE!,100 ,100.0 ,#VALUE!,#VALUE!,#VALUE!,#VALUE!,#VALUE!,100 ,#VALUE!,#VALUE!,#VALUE!,#VALUE!,#VALUE!,#VALUE!,#,,,,,,,,,,,,,,,,,,,,,,,,,,,,,,,,,,,,,,,,,,,,,,,,
06 ,,#,#VALUE!,#VALUE!,#VALUE!,#VALUE!,#VALUE!,#VALUE!,#,#VALUE!,#VALUE!,#VALUE!,#VALUE!,#VALUE!,#VALUE!,#,#VALUE!,#VALUE!,#VALUE!,#VALUE!,#VALUE!,#VALUE!,#,#VALUE!,#VALUE!,#VALUE!,#VALUE!,#VALUE!,#VALUE!,#,#VALUE!,#VALUE!,#VALUE!,#VALUE!,#VALUE!,#VALUE!,#,#VALUE!,#VALUE!,#VALUE!,#VALUE!,#VALUE!,#VALUE!,#,#VALUE!,#VALUE!,#VALUE!,#VALUE!,#VALUE!,#VALUE!,#,#VALUE!,#VALUE!,#VALUE!,#VALUE!,#VALUE!,#VALUE!,#,#VALUE!,#VALUE!,#VALUE!,#VALUE!,#VALUE!,#VALUE!,#,#VALUE!,#VALUE!,#VALUE!,#VALUE!,#VALUE!,#VALUE!,#,#VALUE!,#VALUE!,#VALUE!,#VALUE!,#VALUE!,#VALUE!,#,#VALUE!,#VALUE!,#VALUE!,#VALUE!,#VALUE!,#VALUE!,#,#VALUE!,#VALUE!,#VALUE!,#VALUE!,#VALUE!,#VALUE!,#,#VALUE!,,,,,,#,#VALUE!,#VALUE!,#VALUE!,#VALUE!,#VALUE!,#VALUE!,1 ,1.6 ,2.1 ,2.7 ,3.3 ,3.9 ,4.4 ,5 ,7.3 ,9.6 ,11.9 ,14.1 ,16.4 ,18.7 ,21 ,24.9 ,28.7 ,32.6 ,36.4 ,40.3 ,44.1 ,48 ,50.9 ,53.7 ,56.6 ,59.4 ,62.3 ,65.1 ,68 ,69.4 ,70.9 ,72.3 ,73.7 ,75.1 ,76.6 ,78 ,79.7 ,81.4 ,83.1 ,84.9 ,86.6 ,88.3 ,90 ,91.1 ,92.3 ,93.4 ,94.6 ,95.7 ,96.9 ,98 ,98.3 ,98.6 ,98.9 ,99.1 ,99.4 ,99.7 ,100 ,100.0 ,100.0 ,100.0 ,100.0 ,100.0 ,100.0 ,100 ,100.0 ,100.0 ,100.0 ,100.0 ,100.0 ,100.0 ,100 ,100.0 ,100.0 ,100.0 ,100.0 ,100.0 ,100.0 ,100 ,100.0 ,100.0 ,100.0 ,100.0 ,100.0 ,#VALUE!,100 ,100.0 ,100.0 ,100.0 ,100.0 ,#VALUE!,#VALUE!,100 ,100.0 ,100.0 ,100.0 ,#VALUE!,#VALUE!,#VALUE!,100 ,100.0 ,100.0 ,#VALUE!,#VALUE!,#VALUE!,#VALUE!,100 ,100.0 ,#VALUE!,#VALUE!,#VALUE!,#VALUE!,#VALUE!,100 ,#VALUE!,#VALUE!,#VALUE!,#VALUE!,#VALUE!,#VALUE!,#,,,,,,,,,,,,,,,,,,,,,,,,,,,,,,,,,,,,,,,,,,,,,,,,,
07 ,#,#VALUE!,#VALUE!,#VALUE!,#VALUE!,#VALUE!,#VALUE!,#,#VALUE!,#VALUE!,#VALUE!,#VALUE!,#VALUE!,#VALUE!,#,#VALUE!,#VALUE!,#VALUE!,#VALUE!,#VALUE!,#VALUE!,#,#VALUE!,#VALUE!,#VALUE!,#VALUE!,#VALUE!,#VALUE!,#,#VALUE!,#VALUE!,#VALUE!,#VALUE!,#VALUE!,#VALUE!,#,#VALUE!,#VALUE!,#VALUE!,#VALUE!,#VALUE!,#VALUE!,#,#VALUE!,#VALUE!,#VALUE!,#VALUE!,#VALUE!,#VALUE!,#,#VALUE!,#VALUE!,#VALUE!,#VALUE!,#VALUE!,#VALUE!,#,#VALUE!,#VALUE!,#VALUE!,#VALUE!,#VALUE!,#VALUE!,#,#VALUE!,#VALUE!,#VALUE!,#VALUE!,#VALUE!,#VALUE!,#,#VALUE!,#VALUE!,#VALUE!,#VALUE!,#VALUE!,#VALUE!,#,#VALUE!,#VALUE!,#VALUE!,#VALUE!,#VALUE!,#VALUE!,#,#VALUE!,#VALUE!,#VALUE!,#VALUE!,#VALUE!,#VALUE!,#,#VALUE!,#VALUE!,#VALUE!,#VALUE!,#VALUE!,#VALUE!,#,#VALUE!,#VALUE!,#VALUE!,#VALUE!,#VALUE!,#VALUE!,0 , , , , , , ,0 ,0.9 ,1.7 ,2.6 ,3.4 ,4.3 ,5.1 ,6 ,8.4 ,10.9 ,13.3 ,15.7 ,18.1 ,20.6 ,23 ,25.9 ,28.7 ,31.6 ,34.4 ,37.3 ,40.1 ,43 ,46.1 ,49.3 ,52.4 ,55.6 ,58.7 ,61.9 ,65 ,67.7 ,70.4 ,73.1 ,75.9 ,78.6 ,81.3 ,84 ,85.6 ,87.1 ,88.7 ,90.3 ,91.9 ,93.4 ,95 ,95.4 ,95.9 ,96.3 ,96.7 ,97.1 ,97.6 ,98 ,98.3 ,98.6 ,98.9 ,99.1 ,99.4 ,99.7 ,100 ,100.0 ,100.0 ,100.0 ,100.0 ,100.0 ,100.0 ,100 ,100.0 ,100.0 ,100.0 ,100.0 ,100.0 ,100.0 ,100 ,100.0 ,100.0 ,100.0 ,100.0 ,100.0 ,100.0 ,100 ,100.0 ,100.0 ,100.0 ,100.0 ,100.0 ,100.0 ,100 ,100.0 ,100.0 ,100.0 ,100.0 ,100.0 ,100.0 ,100 ,100.0 ,100.0 ,100.0 ,100.0 ,100.0 ,100.0 ,100 ,100.0 ,100.0 ,100.0 ,100.0 ,100.0 ,100.0 ,100 ,#VALUE!,#VALUE!,#VALUE!,#VALUE!,#VALUE!,#VALUE!,#,,,,,,,,,,,,,,,,,,,,,,,,,,,,,,,,,,,,,,,,,,,,,,,,,,
08 ,,,,,,#,#VALUE!,#VALUE!,#VALUE!,#VALUE!,#VALUE!,#VALUE!,#,#VALUE!,#VALUE!,#VALUE!,#VALUE!,#VALUE!,#VALUE!,#,#VALUE!,#VALUE!,#VALUE!,#VALUE!,#VALUE!,#VALUE!,#,#VALUE!,#VALUE!,#VALUE!,#VALUE!,#VALUE!,#VALUE!,#,#VALUE!,#VALUE!,#VALUE!,#VALUE!,#VALUE!,#VALUE!,#,#VALUE!,#VALUE!,#VALUE!,#VALUE!,#VALUE!,#VALUE!,#,#VALUE!,#VALUE!,#VALUE!,#VALUE!,#VALUE!,#VALUE!,#,#VALUE!,#VALUE!,#VALUE!,#VALUE!,#VALUE!,#VALUE!,#,#VALUE!,#VALUE!,#VALUE!,#VALUE!,#VALUE!,#VALUE!,#,#VALUE!,#VALUE!,#VALUE!,#VALUE!,#VALUE!,#VALUE!,#,#VALUE!,#VALUE!,#VALUE!,#VALUE!,#VALUE!,#VALUE!,#,#VALUE!,#VALUE!,#VALUE!,#VALUE!,#VALUE!,#VALUE!,#,#VALUE!,#VALUE!,#VALUE!,#VALUE!,#VALUE!,#VALUE!,#,#VALUE!,#VALUE!,#VALUE!,#VALUE!,#VALUE!,#VALUE!,#,#VALUE!,#VALUE!,#VALUE!,#VALUE!,#VALUE!,#VALUE!,#,#VALUE!,#VALUE!,#VALUE!,#VALUE!,#VALUE!,#VALUE!,2 ,2.4 ,2.9 ,3.3 ,3.7 ,4.1 ,4.6 ,5 ,6.7 ,8.4 ,10.1 ,11.9 ,13.6 ,15.3 ,17 ,19.3 ,21.6 ,23.9 ,26.1 ,28.4 ,30.7 ,33 ,37.1 ,41.3 ,45.4 ,49.6 ,53.7 ,57.9 ,62 ,64.7 ,67.4 ,70.1 ,72.9 ,75.6 ,78.3 ,81 ,81.9 ,82.7 ,83.6 ,84.4 ,85.3 ,86.1 ,87 ,87.6 ,88.1 ,88.7 ,89.3 ,89.9 ,90.4 ,91 ,91.9 ,92.7 ,93.6 ,94.4 ,95.3 ,96.1 ,97 ,97.4 ,97.9 ,98.3 ,98.7 ,99.1 ,99.6 ,100 ,100.0 ,100.0 ,100.0 ,100.0 ,100.0 ,100.0 ,100 ,100.0 ,100.0 ,100.0 ,100.0 ,100.0 ,100.0 ,100 ,100.0 ,100.0 ,100.0 ,100.0 ,100.0 ,100.0 ,100 ,100.0 ,100.0 ,100.0 ,100.0 ,100.0 ,100.0 ,100 ,100.0 ,100.0 ,100.0 ,100.0 ,100.0 ,100.0 ,100 ,#VALUE!,#VALUE!,#VALUE!,#VALUE!,#VALUE!,#VALUE!,#,#VALUE!,#VALUE!,#VALUE!,#VALUE!,#VALUE!,#VALUE!,#,,,,,,,,,,,,,,,,,,,,,,,,,,,,,,,,,,,,,,,,,,,,,
09 ,,,,,#,#VALUE!,#VALUE!,#VALUE!,#VALUE!,#VALUE!,#VALUE!,#,#VALUE!,#VALUE!,#VALUE!,#VALUE!,#VALUE!,#VALUE!,#,#VALUE!,#VALUE!,#VALUE!,#VALUE!,#VALUE!,#VALUE!,#,#VALUE!,#VALUE!,#VALUE!,#VALUE!,#VALUE!,#VALUE!,#,#VALUE!,#VALUE!,#VALUE!,#VALUE!,#VALUE!,#VALUE!,#,#VALUE!,#VALUE!,#VALUE!,#VALUE!,#VALUE!,#VALUE!,#,#VALUE!,#VALUE!,#VALUE!,#VALUE!,#VALUE!,#VALUE!,#,#VALUE!,#VALUE!,#VALUE!,#VALUE!,#VALUE!,#VALUE!,#,#VALUE!,#VALUE!,#VALUE!,#VALUE!,#VALUE!,#VALUE!,#,#VALUE!,#VALUE!,#VALUE!,#VALUE!,#VALUE!,#VALUE!,#,#VALUE!,#VALUE!,#VALUE!,#VALUE!,#VALUE!,#VALUE!,#,#VALUE!,#VALUE!,#VALUE!,#VALUE!,#VALUE!,#VALUE!,#,#VALUE!,#VALUE!,#VALUE!,#VALUE!,#VALUE!,#VALUE!,#,#VALUE!,#VALUE!,#VALUE!,#VALUE!,#VALUE!,#VALUE!,#,#VALUE!,#VALUE!,#VALUE!,#VALUE!,#VALUE!,#VALUE!,#,#VALUE!,#VALUE!,#VALUE!,#VALUE!,#VALUE!,#VALUE!,#,#VALUE!,#VALUE!,#VALUE!,#VALUE!,#VALUE!,#VALUE!,0 ,0.1 ,0.3 ,0.4 ,0.6 ,0.7 ,0.9 ,1 ,1.3 ,1.6 ,1.9 ,2.1 ,2.4 ,2.7 ,3 ,3.6 ,4.1 ,4.7 ,5.3 ,5.9 ,6.4 ,7 ,9.1 ,11.3 ,13.4 ,15.6 ,17.7 ,19.9 ,22 ,25.1 ,28.3 ,31.4 ,34.6 ,37.7 ,40.9 ,44 ,45.7 ,47.4 ,49.1 ,50.9 ,52.6 ,54.3 ,56 ,59.0 ,62.0 ,65.0 ,68.0 ,71.0 ,74.0 ,77 ,79.0 ,81.0 ,83.0 ,85.0 ,87.0 ,89.0 ,91 ,91.6 ,92.1 ,92.7 ,93.3 ,93.9 ,94.4 ,95 ,95.7 ,96.4 ,97.1 ,97.9 ,98.6 ,99.3 ,100 ,100.0 ,100.0 ,100.0 ,100.0 ,100.0 ,100.0 ,100 ,100.0 ,100.0 ,100.0 ,100.0 ,100.0 ,100.0 ,100 ,100.0 ,100.0 ,100.0 ,100.0 ,100.0 ,100.0 ,100 ,#VALUE!,#VALUE!,#VALUE!,#VALUE!,#VALUE!,#VALUE!,#,#VALUE!,#VALUE!,#VALUE!,#VALUE!,#VALUE!,#VALUE!,#,,,,,,,,,,,,,,,,,,,,,,,,,,,,,,,,,,,,,,,,,,,,,,
10 ,,,,#,#VALUE!,#VALUE!,#VALUE!,#VALUE!,#VALUE!,#VALUE!,#,#VALUE!,#VALUE!,#VALUE!,#VALUE!,#VALUE!,#VALUE!,#,#VALUE!,#VALUE!,#VALUE!,#VALUE!,#VALUE!,#VALUE!,#,#VALUE!,#VALUE!,#VALUE!,#VALUE!,#VALUE!,#VALUE!,#,#VALUE!,#VALUE!,#VALUE!,#VALUE!,#VALUE!,#VALUE!,#,#VALUE!,#VALUE!,#VALUE!,#VALUE!,#VALUE!,#VALUE!,#,#VALUE!,#VALUE!,#VALUE!,#VALUE!,#VALUE!,#VALUE!,#,#VALUE!,#VALUE!,#VALUE!,#VALUE!,#VALUE!,#VALUE!,#,#VALUE!,#VALUE!,#VALUE!,#VALUE!,#VALUE!,#VALUE!,#,#VALUE!,#VALUE!,#VALUE!,#VALUE!,#VALUE!,#VALUE!,#,#VALUE!,#VALUE!,#VALUE!,#VALUE!,#VALUE!,#VALUE!,#,#VALUE!,#VALUE!,#VALUE!,#VALUE!,#VALUE!,#VALUE!,#,#VALUE!,#VALUE!,#VALUE!,#VALUE!,#VALUE!,#VALUE!,#,#VALUE!,#VALUE!,#VALUE!,#VALUE!,#VALUE!,#VALUE!,#,#VALUE!,#VALUE!,#VALUE!,#VALUE!,#VALUE!,#VALUE!,#,#VALUE!,#VALUE!,#VALUE!,#VALUE!,#VALUE!,#VALUE!,0 ,0.1 ,0.3 ,0.4 ,0.6 ,0.7 ,0.9 ,1 ,2.7 ,4.4 ,6.1 ,7.9 ,9.6 ,11.3 ,13 ,15.0 ,17.0 ,19.0 ,21.0 ,23.0 ,25.0 ,27 ,30.7 ,34.4 ,38.1 ,41.9 ,45.6 ,49.3 ,53 ,56.0 ,59.0 ,62.0 ,65.0 ,68.0 ,71.0 ,74 ,74.9 ,75.7 ,76.6 ,77.4 ,78.3 ,79.1 ,80 ,80.7 ,81.4 ,82.1 ,82.9 ,83.6 ,84.3 ,85 ,85.6 ,86.1 ,86.7 ,87.3 ,87.9 ,88.4 ,89 ,89.4 ,89.9 ,90.3 ,90.7 ,91.1 ,91.6 ,92 ,92.7 ,93.4 ,94.1 ,94.9 ,95.6 ,96.3 ,97 ,97.4 ,97.9 ,98.3 ,98.7 ,99.1 ,99.6 ,100 ,100.0 ,100.0 ,100.0 ,100.0 ,100.0 ,100.0 ,100 ,100.0 ,100.0 ,100.0 ,100.0 ,100.0 ,100.0 ,100 ,100.0 ,100.0 ,100.0 ,100.0 ,100.0 ,100.0 ,100 ,100.0 ,100.0 ,100.0 ,100.0 ,100.0 ,100.0 ,100 ,#VALUE!,#VALUE!,#VALUE!,#VALUE!,#VALUE!,#VALUE!,#,,,,,,,,,,,,,,,,,,,,,,,,,,,,,,,,,,,,,,,,,,,,,,,
11 ,,,#,#VALUE!,#VALUE!,#VALUE!,#VALUE!,#VALUE!,#VALUE!,#,#VALUE!,#VALUE!,#VALUE!,#VALUE!,#VALUE!,#VALUE!,#,#VALUE!,#VALUE!,#VALUE!,#VALUE!,#VALUE!,#VALUE!,#,#VALUE!,#VALUE!,#VALUE!,#VALUE!,#VALUE!,#VALUE!,#,#VALUE!,#VALUE!,#VALUE!,#VALUE!,#VALUE!,#VALUE!,#,#VALUE!,#VALUE!,#VALUE!,#VALUE!,#VALUE!,#VALUE!,#,#VALUE!,#VALUE!,#VALUE!,#VALUE!,#VALUE!,#VALUE!,#,#VALUE!,#VALUE!,#VALUE!,#VALUE!,#VALUE!,#VALUE!,#,#VALUE!,#VALUE!,#VALUE!,#VALUE!,#VALUE!,#VALUE!,#,#VALUE!,#VALUE!,#VALUE!,#VALUE!,#VALUE!,#VALUE!,#,#VALUE!,#VALUE!,#VALUE!,#VALUE!,#VALUE!,#VALUE!,#,#VALUE!,#VALUE!,#VALUE!,#VALUE!,#VALUE!,#VALUE!,#,#VALUE!,#VALUE!,#VALUE!,#VALUE!,#VALUE!,#VALUE!,#,#VALUE!,#VALUE!,#VALUE!,#VALUE!,#VALUE!,#VALUE!,#,#VALUE!,#VALUE!,#VALUE!,#VALUE!,#VALUE!,#VALUE!,#,#VALUE!,#VALUE!,#VALUE!,#VALUE!,#VALUE!,#VALUE!,#,#VALUE!,#VALUE!,#VALUE!,#VALUE!,#VALUE!,#VALUE!,#,,,,,,,2 ,2.6 ,3.1 ,3.7 ,4.3 ,4.9 ,5.4 ,6 ,8.1 ,10.3 ,12.4 ,14.6 ,16.7 ,18.9 ,21 ,24.1 ,27.3 ,30.4 ,33.6 ,36.7 ,39.9 ,43 ,46.1 ,49.3 ,52.4 ,55.6 ,58.7 ,61.9 ,65 ,67.4 ,69.9 ,72.3 ,74.7 ,77.1 ,79.6 ,82 ,83.6 ,85.1 ,86.7 ,88.3 ,89.9 ,91.4 ,93 ,93.6 ,94.1 ,94.7 ,95.3 ,95.9 ,96.4 ,97 ,97.4 ,97.9 ,98.3 ,98.7 ,99.1 ,99.6 ,100 ,100.0 ,100.0 ,100.0 ,100.0 ,100.0 ,100.0 ,100 ,100.0 ,100.0 ,100.0 ,100.0 ,100.0 ,100.0 ,100 ,100.0 ,100.0 ,100.0 ,100.0 ,100.0 ,100.0 ,100 ,100.0 ,100.0 ,100.0 ,100.0 ,100.0 ,100.0 ,100 ,100.0 ,100.0 ,100.0 ,100.0 ,100.0 ,100.0 ,100 ,#VALUE!,#VALUE!,#VALUE!,#VALUE!,#VALUE!,#VALUE!,#,,,,,,,,,,,,,,,,,,,,,,,,,,,,,,,,,,,,,,,,,,,,,,,,
12 ,#,#VALUE!,#VALUE!,#VALUE!,#VALUE!,#VALUE!,#VALUE!,#,#VALUE!,#VALUE!,#VALUE!,#VALUE!,#VALUE!,#VALUE!,#,#VALUE!,#VALUE!,#VALUE!,#VALUE!,#VALUE!,#VALUE!,#,#VALUE!,#VALUE!,#VALUE!,#VALUE!,#VALUE!,#VALUE!,#,#VALUE!,#VALUE!,#VALUE!,#VALUE!,#VALUE!,#VALUE!,#,#VALUE!,#VALUE!,#VALUE!,#VALUE!,#VALUE!,#VALUE!,#,#VALUE!,#VALUE!,#VALUE!,#VALUE!,#VALUE!,#VALUE!,#,#VALUE!,#VALUE!,#VALUE!,#VALUE!,#VALUE!,#VALUE!,#,#VALUE!,#VALUE!,#VALUE!,#VALUE!,#VALUE!,#VALUE!,#,#VALUE!,#VALUE!,#VALUE!,#VALUE!,#VALUE!,#VALUE!,#,#VALUE!,#VALUE!,#VALUE!,#VALUE!,#VALUE!,#VALUE!,#,#VALUE!,#VALUE!,#VALUE!,#VALUE!,#VALUE!,#VALUE!,#,#VALUE!,#VALUE!,#VALUE!,#VALUE!,#VALUE!,#VALUE!,#,#VALUE!,#VALUE!,#VALUE!,#VALUE!,#VALUE!,#VALUE!,0 ,,,,,,,1 ,2.1 ,3.3 ,4.4 ,5.6 ,6.7 ,7.9 ,9 ,11.4 ,13.9 ,16.3 ,18.7 ,21.1 ,23.6 ,26 ,29.7 ,33.4 ,37.1 ,40.9 ,44.6 ,48.3 ,52 ,55.1 ,58.3 ,61.4 ,64.6 ,67.7 ,70.9 ,74 ,75.3 ,76.6 ,77.9 ,79.1 ,80.4 ,81.7 ,83 ,84.9 ,86.7 ,88.6 ,90.4 ,92.3 ,94.1 ,96 ,96.6 ,97.1 ,97.7 ,98.3 ,98.9 ,99.4 ,100 ,100.0 ,100.0 ,100.0 ,100.0 ,100.0 ,100.0 ,100 ,100.0 ,100.0 ,100.0 ,100.0 ,100.0 ,100.0 ,100 ,100.0 ,100.0 ,100.0 ,100.0 ,100.0 ,100.0 ,100 ,100.0 ,100.0 ,100.0 ,100.0 ,100.0 ,100.0 ,100 ,100.0 ,100.0 ,100.0 ,100.0 ,100.0 ,100.0 ,100 ,100.0 ,100.0 ,100.0 ,100.0 ,100.0 ,100.0 ,100 ,100.0 ,100.0 ,100.0 ,100.0 ,100.0 ,100.0 ,100 ,100.0 ,100.0 ,100.0 ,100.0 ,100.0 ,100.0 ,100 ,100.0 ,100.0 ,100.0 ,100.0 ,100.0 ,100.0 ,100 ,#VALUE!,#VALUE!,#VALUE!,#VALUE!,#VALUE!,#VALUE!,#,,,,,,,,,,,,,,,,,,,,,,,,,,,,,,,,,,,,,,,,,,,,,,,,,,
13 ,,,,,,,#,#VALUE!,#VALUE!,#VALUE!,#VALUE!,#VALUE!,#VALUE!,#,#VALUE!,#VALUE!,#VALUE!,#VALUE!,#VALUE!,#VALUE!,#,#VALUE!,#VALUE!,#VALUE!,#VALUE!,#VALUE!,#VALUE!,#,#VALUE!,#VALUE!,#VALUE!,#VALUE!,#VALUE!,#VALUE!,#,#VALUE!,#VALUE!,#VALUE!,#VALUE!,#VALUE!,#VALUE!,#,#VALUE!,#VALUE!,#VALUE!,#VALUE!,#VALUE!,#VALUE!,#,#VALUE!,#VALUE!,#VALUE!,#VALUE!,#VALUE!,#VALUE!,#,#VALUE!,#VALUE!,#VALUE!,#VALUE!,#VALUE!,#VALUE!,#,#VALUE!,#VALUE!,#VALUE!,#VALUE!,#VALUE!,#VALUE!,#,#VALUE!,#VALUE!,#VALUE!,#VALUE!,#VALUE!,#VALUE!,#,#VALUE!,#VALUE!,#VALUE!,#VALUE!,#VALUE!,#VALUE!,#,#VALUE!,#VALUE!,#VALUE!,#VALUE!,#VALUE!,#VALUE!,#,#VALUE!,#VALUE!,#VALUE!,#VALUE!,#VALUE!,#VALUE!,#,#VALUE!,#VALUE!,#VALUE!,#VALUE!,#VALUE!,#VALUE!,#,#VALUE!,#VALUE!,#VALUE!,#VALUE!,#VALUE!,#VALUE!,#,,,,,,,#,#VALUE!,#VALUE!,#VALUE!,#VALUE!,#VALUE!,#VALUE!,#,#VALUE!,#VALUE!,#VALUE!,#VALUE!,#VALUE!,#VALUE!,2 ,3.0 ,4.0 ,5.0 ,6.0 ,7.0 ,8.0 ,9 ,11.7 ,14.4 ,17.1 ,19.9 ,22.6 ,25.3 ,28 ,31.6 ,35.1 ,38.7 ,42.3 ,45.9 ,49.4 ,53 ,55.9 ,58.7 ,61.6 ,64.4 ,67.3 ,70.1 ,73 ,75.1 ,77.3 ,79.4 ,81.6 ,83.7 ,85.9 ,88 ,88.4 ,88.9 ,89.3 ,89.7 ,90.1 ,90.6 ,91 ,91.6 ,92.1 ,92.7 ,93.3 ,93.9 ,94.4 ,95 ,95.3 ,95.6 ,95.9 ,96.1 ,96.4 ,96.7 ,97 ,97.1 ,97.3 ,97.4 ,97.6 ,97.7 ,97.9 ,98 ,98.3 ,98.6 ,98.9 ,99.1 ,99.4 ,99.7 ,100 ,100.0 ,100.0 ,100.0 ,100.0 ,100.0 ,100.0 ,100 ,100.0 ,100.0 ,100.0 ,100.0 ,100.0 ,100.0 ,100 ,#VALUE!,#VALUE!,#VALUE!,#VALUE!,#VALUE!,#VALUE!,#,#VALUE!,#VALUE!,#VALUE!,#VALUE!,#VALUE!,#VALUE!,#,,,,,,,,,,,,,,,,,,,,,,,,,,,,,,,,,,,,,,,,,,,,
14 ,,,,,,#,#VALUE!,#VALUE!,#VALUE!,#VALUE!,#VALUE!,#VALUE!,#,#VALUE!,#VALUE!,#VALUE!,#VALUE!,#VALUE!,#VALUE!,#,#VALUE!,#VALUE!,#VALUE!,#VALUE!,#VALUE!,#VALUE!,#,#VALUE!,#VALUE!,#VALUE!,#VALUE!,#VALUE!,#VALUE!,#,#VALUE!,#VALUE!,#VALUE!,#VALUE!,#VALUE!,#VALUE!,#,#VALUE!,#VALUE!,#VALUE!,#VALUE!,#VALUE!,#VALUE!,#,#VALUE!,#VALUE!,#VALUE!,#VALUE!,#VALUE!,#VALUE!,#,#VALUE!,#VALUE!,#VALUE!,#VALUE!,#VALUE!,#VALUE!,#,#VALUE!,#VALUE!,#VALUE!,#VALUE!,#VALUE!,#VALUE!,#,#VALUE!,#VALUE!,#VALUE!,#VALUE!,#VALUE!,#VALUE!,#,#VALUE!,#VALUE!,#VALUE!,#VALUE!,#VALUE!,#VALUE!,#,#VALUE!,#VALUE!,#VALUE!,#VALUE!,#VALUE!,#VALUE!,#,#VALUE!,#VALUE!,#VALUE!,#VALUE!,#VALUE!,#VALUE!,#,#VALUE!,#VALUE!,#VALUE!,#VALUE!,#VALUE!,#VALUE!,#,#VALUE!,#VALUE!,#VALUE!,#VALUE!,#VALUE!,#VALUE!,#,,,,,,,#,#VALUE!,#VALUE!,#VALUE!,#VALUE!,#VALUE!,#VALUE!,#,#VALUE!,#VALUE!,#VALUE!,#VALUE!,#VALUE!,#VALUE!,#,#VALUE!,#VALUE!,#VALUE!,#VALUE!,#VALUE!,#VALUE!,6 ,6.6 ,7.1 ,7.7 ,8.3 ,8.9 ,9.4 ,10 ,11.6 ,13.1 ,14.7 ,16.3 ,17.9 ,19.4 ,21 ,24.0 ,27.0 ,30.0 ,33.0 ,36.0 ,39.0 ,42 ,45.3 ,48.6 ,51.9 ,55.1 ,58.4 ,61.7 ,65 ,67.4 ,69.9 ,72.3 ,74.7 ,77.1 ,79.6 ,82 ,83.3 ,84.6 ,85.9 ,87.1 ,88.4 ,89.7 ,91 ,91.6 ,92.1 ,92.7 ,93.3 ,93.9 ,94.4 ,95 ,95.7 ,96.4 ,97.1 ,97.9 ,98.6 ,99.3 ,100 ,100.0 ,100.0 ,100.0 ,100.0 ,100.0 ,100.0 ,100 ,100.0 ,100.0 ,100.0 ,100.0 ,100.0 ,100.0 ,100 ,100.0 ,100.0 ,100.0 ,100.0 ,100.0 ,100.0 ,100 ,100.0 ,100.0 ,100.0 ,100.0 ,100.0 ,100.0 ,100 ,,,,,,,#,,,,,,,,,,,,,,,,,,,,,,,,,,,,,,,,,,,,,,,,,,,,,
15 ,,,,,#,#VALUE!,#VALUE!,#VALUE!,#VALUE!,#VALUE!,#VALUE!,#,#VALUE!,#VALUE!,#VALUE!,#VALUE!,#VALUE!,#VALUE!,#,#VALUE!,#VALUE!,#VALUE!,#VALUE!,#VALUE!,#VALUE!,#,#VALUE!,#VALUE!,#VALUE!,#VALUE!,#VALUE!,#VALUE!,#,#VALUE!,#VALUE!,#VALUE!,#VALUE!,#VALUE!,#VALUE!,#,#VALUE!,#VALUE!,#VALUE!,#VALUE!,#VALUE!,#VALUE!,#,#VALUE!,#VALUE!,#VALUE!,#VALUE!,#VALUE!,#VALUE!,#,#VALUE!,#VALUE!,#VALUE!,#VALUE!,#VALUE!,#VALUE!,#,#VALUE!,#VALUE!,#VALUE!,#VALUE!,#VALUE!,#VALUE!,#,#VALUE!,#VALUE!,#VALUE!,#VALUE!,#VALUE!,#VALUE!,#,#VALUE!,#VALUE!,#VALUE!,#VALUE!,#VALUE!,#VALUE!,#,#VALUE!,#VALUE!,#VALUE!,#VALUE!,#VALUE!,#VALUE!,#,#VALUE!,#VALUE!,#VALUE!,#VALUE!,#VALUE!,#VALUE!,#,#VALUE!,#VALUE!,#VALUE!,#VALUE!,#VALUE!,#VALUE!,#,#VALUE!,#VALUE!,#VALUE!,#VALUE!,#VALUE!,#VALUE!,#,#VALUE!,#VALUE!,#VALUE!,#VALUE!,#VALUE!,#VALUE!,#,#VALUE!,#VALUE!,#VALUE!,#VALUE!,#VALUE!,#VALUE!,#,#VALUE!,#VALUE!,#VALUE!,#VALUE!,#VALUE!,#VALUE!,16 ,20.1 ,24.3 ,28.4 ,32.6 ,36.7 ,40.9 ,45 ,48.6 ,52.1 ,55.7 ,59.3 ,62.9 ,66.4 ,70 ,72.1 ,74.3 ,76.4 ,78.6 ,80.7 ,82.9 ,85 ,86.1 ,87.3 ,88.4 ,89.6 ,90.7 ,91.9 ,93 ,93.6 ,94.1 ,94.7 ,95.3 ,95.9 ,96.4 ,97 ,97.4 ,97.9 ,98.3 ,98.7 ,99.1 ,99.6 ,100 ,100.0 ,100.0 ,100.0 ,100.0 ,100.0 ,100.0 ,100 ,100.0 ,100.0 ,100.0 ,100.0 ,100.0 ,100.0 ,100 ,100.0 ,100.0 ,100.0 ,100.0 ,100.0 ,100.0 ,100 ,100.0 ,100.0 ,100.0 ,100.0 ,100.0 ,100.0 ,100 ,100.0 ,100.0 ,100.0 ,100.0 ,100.0 ,100.0 ,100 ,100.0 ,100.0 ,100.0 ,100.0 ,100.0 ,100.0 ,100 ,#VALUE!,#VALUE!,#VALUE!,#VALUE!,#VALUE!,#VALUE!,#,#VALUE!,#VALUE!,#VALUE!,#VALUE!,#VALUE!,#VALUE!,#,,,,,,,,,,,,,,,,,,,,,,,,,,,,,,,,,,,,,,,,,,,,,,
16 ,,,#,#VALUE!,#VALUE!,#VALUE!,#VALUE!,#VALUE!,#VALUE!,#,#VALUE!,#VALUE!,#VALUE!,#VALUE!,#VALUE!,#VALUE!,#,#VALUE!,#VALUE!,#VALUE!,#VALUE!,#VALUE!,#VALUE!,#,#VALUE!,#VALUE!,#VALUE!,#VALUE!,#VALUE!,#VALUE!,#,#VALUE!,#VALUE!,#VALUE!,#VALUE!,#VALUE!,#VALUE!,#,#VALUE!,#VALUE!,#VALUE!,#VALUE!,#VALUE!,#VALUE!,#,#VALUE!,#VALUE!,#VALUE!,#VALUE!,#VALUE!,#VALUE!,#,#VALUE!,#VALUE!,#VALUE!,#VALUE!,#VALUE!,#VALUE!,#,#VALUE!,#VALUE!,#VALUE!,#VALUE!,#VALUE!,#VALUE!,#,#VALUE!,#VALUE!,#VALUE!,#VALUE!,#VALUE!,#VALUE!,#,#VALUE!,#VALUE!,#VALUE!,#VALUE!,#VALUE!,#VALUE!,#,#VALUE!,#VALUE!,#VALUE!,#VALUE!,#VALUE!,#VALUE!,#,#VALUE!,#VALUE!,#VALUE!,#VALUE!,#VALUE!,#VALUE!,#,#VALUE!,#VALUE!,#VALUE!,#VALUE!,#VALUE!,#VALUE!,#,#VALUE!,#VALUE!,#VALUE!,#VALUE!,#VALUE!,#VALUE!,#,#VALUE!,#VALUE!,#VALUE!,#VALUE!,#VALUE!,#VALUE!,#,#VALUE!,#VALUE!,#VALUE!,#VALUE!,#VALUE!,#VALUE!,4 ,6.6 ,9.1 ,11.7 ,14.3 ,16.9 ,19.4 ,22 ,25.1 ,28.3 ,31.4 ,34.6 ,37.7 ,40.9 ,44 ,46.9 ,49.7 ,52.6 ,55.4 ,58.3 ,61.1 ,64 ,66.6 ,69.1 ,71.7 ,74.3 ,76.9 ,79.4 ,82 ,83.3 ,84.6 ,85.9 ,87.1 ,88.4 ,89.7 ,91 ,91.6 ,92.1 ,92.7 ,93.3 ,93.9 ,94.4 ,95 ,95.4 ,95.9 ,96.3 ,96.7 ,97.1 ,97.6 ,98 ,98.3 ,98.6 ,98.9 ,99.1 ,99.4 ,99.7 ,100 ,100.0 ,100.0 ,100.0 ,100.0 ,100.0 ,100.0 ,100 ,100.0 ,100.0 ,100.0 ,100.0 ,100.0 ,100.0 ,100 ,100.0 ,100.0 ,100.0 ,100.0 ,100.0 ,100.0 ,100 ,100.0 ,100.0 ,100.0 ,100.0 ,100.0 ,100.0 ,100 ,100.0 ,100.0 ,100.0 ,100.0 ,100.0 ,100.0 ,100 ,100.0 ,100.0 ,100.0 ,100.0 ,100.0 ,100.0 ,100 ,#VALUE!,#VALUE!,#VALUE!,#VALUE!,#VALUE!,#VALUE!,#,#VALUE!,#VALUE!,#VALUE!,#VALUE!,#VALUE!,#VALUE!,#,,,,,,,#,,,,#VALUE!,#VALUE!,#VALUE!,#,,,,,,,#,#VALUE!,#VALUE!,#VALUE!,#VALUE!,#VALUE!,#VALUE!,#,#VALUE!,#VALUE!,#VALUE!,#VALUE!,#VALUE!,#VALUE!,#,#VALUE!,#VALUE!,#VALUE!,#VALUE!,#VALUE!,#VALUE!
17 ,,#,#VALUE!,#VALUE!,#VALUE!,#VALUE!,#VALUE!,#VALUE!,#,#VALUE!,#VALUE!,#VALUE!,#VALUE!,#VALUE!,#VALUE!,#,#VALUE!,#VALUE!,#VALUE!,#VALUE!,#VALUE!,#VALUE!,#,#VALUE!,#VALUE!,#VALUE!,#VALUE!,#VALUE!,#VALUE!,#,#VALUE!,#VALUE!,#VALUE!,#VALUE!,#VALUE!,#VALUE!,#,#VALUE!,#VALUE!,#VALUE!,#VALUE!,#VALUE!,#VALUE!,#,#VALUE!,#VALUE!,#VALUE!,#VALUE!,#VALUE!,#VALUE!,#,#VALUE!,#VALUE!,#VALUE!,#VALUE!,#VALUE!,#VALUE!,#,#VALUE!,#VALUE!,#VALUE!,#VALUE!,#VALUE!,#VALUE!,#,#VALUE!,#VALUE!,#VALUE!,#VALUE!,#VALUE!,#VALUE!,#,#VALUE!,#VALUE!,#VALUE!,#VALUE!,#VALUE!,#VALUE!,#,#VALUE!,#VALUE!,#VALUE!,#VALUE!,#VALUE!,#VALUE!,#,#VALUE!,#VALUE!,#VALUE!,#VALUE!,#VALUE!,#VALUE!,#,#VALUE!,#VALUE!,#VALUE!,#VALUE!,#VALUE!,#VALUE!,#,#VALUE!,#VALUE!,#VALUE!,#VALUE!,#VALUE!,#VALUE!,#,#VALUE!,#VALUE!,#VALUE!,#VALUE!,#VALUE!,#VALUE!,1 ,1.6 ,2.1 ,2.7 ,3.3 ,3.9 ,4.4 ,5 ,6.6 ,8.1 ,9.7 ,11.3 ,12.9 ,14.4 ,16 ,18.9 ,21.7 ,24.6 ,27.4 ,30.3 ,33.1 ,36 ,38.3 ,40.6 ,42.9 ,45.1 ,47.4 ,49.7 ,52 ,54.7 ,57.4 ,60.1 ,62.9 ,65.6 ,68.3 ,71 ,73.0 ,75.0 ,77.0 ,79.0 ,81.0 ,83.0 ,85 ,86.3 ,87.6 ,88.9 ,90.1 ,91.4 ,92.7 ,94 ,94.4 ,94.9 ,95.3 ,95.7 ,96.1 ,96.6 ,97 ,97.4 ,97.9 ,98.3 ,98.7 ,99.1 ,99.6 ,100 ,100.0 ,100.0 ,100.0 ,100.0 ,100.0 ,100.0 ,100 ,100.0 ,100.0 ,100.0 ,100.0 ,100.0 ,100.0 ,100 ,100.0 ,100.0 ,100.0 ,100.0 ,100.0 ,100.0 ,100 ,100.0 ,100.0 ,100.0 ,100.0 ,100.0 ,100.0 ,100 ,100.0 ,100.0 ,100.0 ,100.0 ,100.0 ,100.0 ,100 ,100.0 ,100.0 ,100.0 ,100.0 ,100.0 ,100.0 ,100 ,#VALUE!,#VALUE!,#VALUE!,#VALUE!,#VALUE!,#VALUE!,#,,,,,,,#,,,,,,,#,,,,,#VALUE!,#VALUE!,#,,,,,,,#,#VALUE!,#VALUE!,#VALUE!,#VALUE!,#VALUE!,#VALUE!,#,#VALUE!,#VALUE!,#VALUE!,#VALUE!,#VALUE!,#VALUE!,#,#VALUE!,#VALUE!,#VALUE!,#VALUE!,#VALUE!,#VALUE!,#
18 ,#,#VALUE!,#VALUE!,#VALUE!,#VALUE!,#VALUE!,#VALUE!,#,#VALUE!,#VALUE!,#VALUE!,#VALUE!,#VALUE!,#VALUE!,#,#VALUE!,#VALUE!,#VALUE!,#VALUE!,#VALUE!,#VALUE!,#,#VALUE!,#VALUE!,#VALUE!,#VALUE!,#VALUE!,#VALUE!,#,#VALUE!,#VALUE!,#VALUE!,#VALUE!,#VALUE!,#VALUE!,#,#VALUE!,#VALUE!,#VALUE!,#VALUE!,#VALUE!,#VALUE!,#,#VALUE!,#VALUE!,#VALUE!,#VALUE!,#VALUE!,#VALUE!,#,#VALUE!,#VALUE!,#VALUE!,#VALUE!,#VALUE!,#VALUE!,#,#VALUE!,#VALUE!,#VALUE!,#VALUE!,#VALUE!,#VALUE!,#,#VALUE!,#VALUE!,#VALUE!,#VALUE!,#VALUE!,#VALUE!,#,#VALUE!,#VALUE!,#VALUE!,#VALUE!,#VALUE!,#VALUE!,#,#VALUE!,#VALUE!,#VALUE!,#VALUE!,#VALUE!,#VALUE!,#,#VALUE!,#VALUE!,#VALUE!,#VALUE!,#VALUE!,#VALUE!,#,#VALUE!,#VALUE!,#VALUE!,#VALUE!,#VALUE!,#VALUE!,#,#VALUE!,#VALUE!,#VALUE!,#VALUE!,#VALUE!,#VALUE!,#,#VALUE!,#VALUE!,#VALUE!,#VALUE!,#VALUE!,#VALUE!,#,#VALUE!,#VALUE!,#VALUE!,#VALUE!,#VALUE!,#VALUE!,1 ,2.0 ,3.0 ,4.0 ,5.0 ,6.0 ,7.0 ,8 ,11.0 ,14.0 ,17.0 ,20.0 ,23.0 ,26.0 ,29 ,33.3 ,37.6 ,41.9 ,46.1 ,50.4 ,54.7 ,59 ,61.6 ,64.1 ,66.7 ,69.3 ,71.9 ,74.4 ,77 ,78.6 ,80.1 ,81.7 ,83.3 ,84.9 ,86.4 ,88 ,88.9 ,89.7 ,90.6 ,91.4 ,92.3 ,93.1 ,94 ,94.4 ,94.9 ,95.3 ,95.7 ,96.1 ,96.6 ,97 ,97.4 ,97.9 ,98.3 ,98.7 ,99.1 ,99.6 ,100 ,100.0 ,100.0 ,100.0 ,100.0 ,100.0 ,100.0 ,100 ,100.0 ,100.0 ,100.0 ,100.0 ,100.0 ,100.0 ,100 ,100.0 ,100.0 ,100.0 ,100.0 ,100.0 ,100.0 ,100 ,100.0 ,100.0 ,100.0 ,100.0 ,100.0 ,100.0 ,100 ,100.0 ,100.0 ,100.0 ,100.0 ,100.0 ,100.0 ,100 ,100.0 ,100.0 ,100.0 ,100.0 ,100.0 ,100.0 ,100 ,#VALUE!,#VALUE!,#VALUE!,#VALUE!,#VALUE!,#VALUE!,#,#VALUE!,#VALUE!,#VALUE!,#VALUE!,#VALUE!,#VALUE!,#,,,,,,,#,,,,,,#VALUE!,#,,,,,,,#,#VALUE!,#VALUE!,#VALUE!,#VALUE!,#VALUE!,#VALUE!,#,#VALUE!,#VALUE!,#VALUE!,#VALUE!,#VALUE!,#VALUE!,#,#VALUE!,#VALUE!,#VALUE!,#VALUE!,#VALUE!,#VALUE!,#,
19 ,,,,,,,#,#VALUE!,#VALUE!,#VALUE!,#VALUE!,#VALUE!,#VALUE!,#,#VALUE!,#VALUE!,#VALUE!,#VALUE!,#VALUE!,#VALUE!,#,#VALUE!,#VALUE!,#VALUE!,#VALUE!,#VALUE!,#VALUE!,#,#VALUE!,#VALUE!,#VALUE!,#VALUE!,#VALUE!,#VALUE!,#,#VALUE!,#VALUE!,#VALUE!,#VALUE!,#VALUE!,#VALUE!,#,#VALUE!,#VALUE!,#VALUE!,#VALUE!,#VALUE!,#VALUE!,#,#VALUE!,#VALUE!,#VALUE!,#VALUE!,#VALUE!,#VALUE!,#,#VALUE!,#VALUE!,#VALUE!,#VALUE!,#VALUE!,#VALUE!,#,#VALUE!,#VALUE!,#VALUE!,#VALUE!,#VALUE!,#VALUE!,#,#VALUE!,#VALUE!,#VALUE!,#VALUE!,#VALUE!,#VALUE!,#,#VALUE!,#VALUE!,#VALUE!,#VALUE!,#VALUE!,#VALUE!,#,#VALUE!,#VALUE!,#VALUE!,#VALUE!,#VALUE!,#VALUE!,#,#VALUE!,#VALUE!,#VALUE!,#VALUE!,#VALUE!,#VALUE!,#,#VALUE!,#VALUE!,#VALUE!,#VALUE!,#VALUE!,#VALUE!,#,#VALUE!,#VALUE!,#VALUE!,#VALUE!,#VALUE!,#VALUE!,#,#VALUE!,#VALUE!,#VALUE!,#VALUE!,#VALUE!,#VALUE!,#,#VALUE!,#VALUE!,#VALUE!,#VALUE!,#VALUE!,#VALUE!,1 ,1.6 ,2.1 ,2.7 ,3.3 ,3.9 ,4.4 ,5 ,6.0 ,7.0 ,8.0 ,9.0 ,10.0 ,11.0 ,12 ,15.1 ,18.3 ,21.4 ,24.6 ,27.7 ,30.9 ,34 ,36.6 ,39.1 ,41.7 ,44.3 ,46.9 ,49.4 ,52 ,54.3 ,56.6 ,58.9 ,61.1 ,63.4 ,65.7 ,68 ,68.7 ,69.4 ,70.1 ,70.9 ,71.6 ,72.3 ,73 ,74.7 ,76.4 ,78.1 ,79.9 ,81.6 ,83.3 ,85 ,85.6 ,86.1 ,86.7 ,87.3 ,87.9 ,88.4 ,89 ,89.1 ,89.3 ,89.4 ,89.6 ,89.7 ,89.9 ,90 ,90.4 ,90.9 ,91.3 ,91.7 ,92.1 ,92.6 ,93 ,93.3 ,93.6 ,93.9 ,94.1 ,94.4 ,94.7 ,95 ,95.7 ,96.4 ,97.1 ,97.9 ,98.6 ,99.3 ,100 ,100.0 ,100.0 ,100.0 ,100.0 ,100.0 ,100.0 ,100 ,100.0 ,100.0 ,100.0 ,100.0 ,100.0 ,100.0 ,100 ,#VALUE!,#VALUE!,#VALUE!,#VALUE!,#VALUE!,#VALUE!,#,,,,,,,#,,,,,,,#,#VALUE!,#VALUE!,#VALUE!,#VALUE!,#VALUE!,#VALUE!,#,#VALUE!,#VALUE!,#VALUE!,#VALUE!,#VALUE!,#VALUE!,#,,,,,,,#,,,,,,,#,,
20 ,,,,,#,#VALUE!,#VALUE!,#VALUE!,#VALUE!,#VALUE!,#VALUE!,#,#VALUE!,#VALUE!,#VALUE!,#VALUE!,#VALUE!,#VALUE!,#,#VALUE!,#VALUE!,#VALUE!,#VALUE!,#VALUE!,#VALUE!,#,#VALUE!,#VALUE!,#VALUE!,#VALUE!,#VALUE!,#VALUE!,#,#VALUE!,#VALUE!,#VALUE!,#VALUE!,#VALUE!,#VALUE!,#,#VALUE!,#VALUE!,#VALUE!,#VALUE!,#VALUE!,#VALUE!,#,#VALUE!,#VALUE!,#VALUE!,#VALUE!,#VALUE!,#VALUE!,#,#VALUE!,#VALUE!,#VALUE!,#VALUE!,#VALUE!,#VALUE!,#,#VALUE!,#VALUE!,#VALUE!,#VALUE!,#VALUE!,#VALUE!,#,#VALUE!,#VALUE!,#VALUE!,#VALUE!,#VALUE!,#VALUE!,#,#VALUE!,#VALUE!,#VALUE!,#VALUE!,#VALUE!,#VALUE!,#,#VALUE!,#VALUE!,#VALUE!,#VALUE!,#VALUE!,#VALUE!,#,#VALUE!,#VALUE!,#VALUE!,#VALUE!,#VALUE!,#VALUE!,#,#VALUE!,#VALUE!,#VALUE!,#VALUE!,#VALUE!,#VALUE!,#,#VALUE!,#VALUE!,#VALUE!,#VALUE!,#VALUE!,#VALUE!,#,#VALUE!,#VALUE!,#VALUE!,#VALUE!,#VALUE!,#VALUE!,1 ,1.1 ,1.3 ,1.4 ,1.6 ,1.7 ,1.9 ,2 ,2.7 ,3.4 ,4.1 ,4.9 ,5.6 ,6.3 ,7 ,8.7 ,10.4 ,12.1 ,13.9 ,15.6 ,17.3 ,19 ,21.9 ,24.7 ,27.6 ,30.4 ,33.3 ,36.1 ,39 ,41.9 ,44.7 ,47.6 ,50.4 ,53.3 ,56.1 ,59 ,61.4 ,63.9 ,66.3 ,68.7 ,71.1 ,73.6 ,76 ,78.0 ,80.0 ,82.0 ,84.0 ,86.0 ,88.0 ,90 ,90.7 ,91.4 ,92.1 ,92.9 ,93.6 ,94.3 ,95 ,95.7 ,96.4 ,97.1 ,97.9 ,98.6 ,99.3 ,100 ,100.0 ,100.0 ,100.0 ,100.0 ,100.0 ,100.0 ,100 ,100.0 ,100.0 ,100.0 ,100.0 ,100.0 ,100.0 ,100 ,100.0 ,100.0 ,100.0 ,100.0 ,100.0 ,100.0 ,100 ,100.0 ,100.0 ,100.0 ,100.0 ,100.0 ,100.0 ,100 ,100.0 ,100.0 ,100.0 ,100.0 ,100.0 ,100.0 ,100 ,#VALUE!,#VALUE!,#VALUE!,#VALUE!,#VALUE!,#VALUE!,#,#VALUE!,#VALUE!,#VALUE!,#VALUE!,#VALUE!,#VALUE!,#,#VALUE!,#VALUE!,#VALUE!,#VALUE!,#VALUE!,#VALUE!,#,#VALUE!,#VALUE!,#VALUE!,#VALUE!,#VALUE!,#VALUE!,#,#VALUE!,#VALUE!,#VALUE!,#VALUE!,#VALUE!,#VALUE!,#,,,,,,,#,,,,,,,#,,,,,,,#,,,,
,,,,,,,,,,,,,,,,,,,,,,,,,,,,,,,,,,,,,,,,,,,,,,,,,,,,,,,,,,,,,,,,,,,,,,,,,,,,,,,,,,,,,,,,,,,,,,,,,,,,,,,,,,,,,,,,,,,,,,,,,,,,,,,,,,,,,,,,,,,,,,,,,,,,,,,,,,,,,,,,,,,,,,,,,,,,,,,,,,,,,,,,,,,,,,,,,,,,,,,,,,,,,,,,,,,,,,,,,,,,,,,,,,,,,,,,,,,,,,,,,,,,,,,,,,,,,,,,,,,,,,,,,,,,,,,,,,,
,,,,,,,,,,,,,,,,,,,,,,,,,,,,,,,,,,,,,,,,,,,,,,,,,,,,,,,,,,,,,,,,,,,,,,,,,,,,,,,,,,,,,,,,,,,,,,,,,,,,,,,,,,,,,,,,,,,,,,,,,,,,,,,,,,,,,,,,,,,,,,,,,,,,,,,,,,,,,,,,,,,,,,,,,,,,,,,,,,,,,,,,"NOTE:  October 6 and October 13, 2013 are NOT to be published.  It was during the government shutdown and estimates were imputed to be used ONLY for 5-year averages.",,,,,,,,,,,,,,,,,,,,,,,,,,,,,,,,,,,,,,,,,,,,,,,,,,,,,,,,,,,,,,,,,,,,,,,,,,,,,,,,,,,,,,,,,,,